time,precipitation_mm
1950-01-01,0.034481287
1950-01-02,0.018239021
1950-01-03,0.98991394
1950-01-04,0.5688667
1950-01-05,0.35071373
1950-01-06,0.42414665
1950-01-07,0.0029988587
1950-01-08,0.002136454
1950-01-09,8.026123
1950-01-10,0.17786026
1950-01-11,0.079751015
1950-01-12,0.017121434
1950-01-13,0.0885129
1950-01-14,0.43845177
1950-01-15,0.07414818
1950-01-16,4.4898987
1950-01-17,2.4547577
1950-01-18,0.25582314
1950-01-19,0.0048987567
1950-01-20,0.0023581088
1950-01-21,0.0012870878
1950-01-22,0.0004232861
1950-01-23,0.00043516047
1950-01-24,0.7581711
1950-01-25,0.1348257
1950-01-26,0.0021457672
1950-01-27,0.0
1950-01-28,0.008143485
1950-01-29,1.9836426
1950-01-30,0.004902482
1950-01-31,2.620697
1950-02-01,0.37527084
1950-02-02,0.007290393
1950-02-03,3.7441254
1950-02-04,4.814148
1950-02-05,8.483887
1950-02-06,5.596161
1950-02-07,4.337311
1950-02-08,9.033203
1950-02-09,3.3721924
1950-02-10,0.27179718
1950-02-11,5.2719116
1950-02-12,2.6626587
1950-02-13,3.5476685
1950-02-14,0.5950928
1950-02-15,0.11062622
1950-02-16,0.0008554198
1950-02-17,0.0012945384
1950-02-18,0.00044098124
1950-02-19,0.0
1950-02-20,4.211426
1950-02-21,0.52404404
1950-02-22,0.0017210841
1950-02-23,0.18680096
1950-02-24,1.3055801
1950-02-25,6.6184998
1950-02-26,1.001358
1950-02-27,0.0
1950-02-28,0.029310584
1950-03-01,0.0017182902
1950-03-02,0.0008684583
1950-03-03,0.0017220154
1950-03-04,0.00043516047
1950-03-05,0.00085961074
1950-03-06,0.00042608008
1950-03-07,0.00043516047
1950-03-08,0.00043516047
1950-03-09,0.0021755695
1950-03-10,0.0017285347
1950-03-11,0.00042608008
1950-03-12,0.00087032095
1950-03-13,0.09858608
1950-03-14,0.00042608008
1950-03-15,0.042706728
1950-03-16,6.088257
1950-03-17,2.9563904
1950-03-18,8.903503
1950-03-19,6.427765
1950-03-20,3.118515
1950-03-21,4.7569275
1950-03-22,0.48279762
1950-03-23,0.0043287873
1950-03-24,0.16748905
1950-03-25,0.00085821375
1950-03-26,0.00085588545
1950-03-27,0.07814169
1950-03-28,0.00010430813
1950-03-29,0.58603287
1950-03-30,0.770092
1950-03-31,0.0030696392
1950-04-01,0.14185905
1950-04-02,3.6964417
1950-04-03,3.7517548
1950-04-04,0.02206862
1950-04-05,0.65279007
1950-04-06,0.00085821375
1950-04-07,0.0008707866
1950-04-08,0.0
1950-04-09,0.050604343
1950-04-10,0.095546246
1950-04-11,0.13804436
1950-04-12,5.0621033
1950-04-13,1.6994476
1950-04-14,2.1953583
1950-04-15,5.996704
1950-04-16,0.5092621
1950-04-17,8.2473755
1950-04-18,5.794525
1950-04-19,7.4501038
1950-04-20,2.336502
1950-04-21,0.6432533
1950-04-22,0.0012814999
1950-04-23,1.9893646
1950-04-24,2.746582
1950-04-25,2.5844574
1950-04-26,5.5999756
1950-04-27,1.835823
1950-04-28,0.31089783
1950-04-29,0.00085821375
1950-04-30,0.001703389
1950-05-01,0.995636
1950-05-02,0.3285408
1950-05-03,0.0009024516
1950-05-04,0.0012908131
1950-05-05,0.00085216016
1950-05-06,0.0
1950-05-07,0.0
1950-05-08,5.3138733
1950-05-09,5.332947
1950-05-10,0.070512295
1950-05-11,0.027000904
1950-05-12,2.0809174
1950-05-13,3.686905
1950-05-14,1.1539459
1950-05-15,1.4247894
1950-05-16,7.9956055
1950-05-17,3.9787292
1950-05-18,3.2653809
1950-05-19,0.07921457
1950-05-20,0.156641
1950-05-21,6.3171387
1950-05-22,1.7566681
1950-05-23,0.9651184
1950-05-24,2.3021698
1950-05-25,3.4065247
1950-05-26,4.0359497
1950-05-27,3.4427643
1950-05-28,0.54454803
1950-05-29,0.0008577481
1950-05-30,0.113904476
1950-05-31,7.0114136
1950-06-01,0.20956993
1950-06-02,0.0017229468
1950-06-03,0.00043516047
1950-06-04,0.0012898818
1950-06-05,0.0
1950-06-06,0.046789646
1950-06-07,0.0035054982
1950-06-08,0.0017983839
1950-06-09,0.0
1950-06-10,0.0059716403
1950-06-11,2.861023
1950-06-12,2.1018982
1950-06-13,0.1770258
1950-06-14,0.01579523
1950-06-15,2.2201538
1950-06-16,5.1498413
1950-06-17,6.2179565
1950-06-18,0.001735054
1950-06-19,0.0012814999
1950-06-20,7.0610046
1950-06-21,3.3817291
1950-06-22,0.22447109
1950-06-23,0.00042608008
1950-06-24,0.0017192215
1950-06-25,0.001299195
1950-06-26,0.01564622
1950-06-27,0.0017164275
1950-06-28,0.0025741756
1950-06-29,0.0038519502
1950-06-30,0.0012870878
1950-07-01,0.042557716
1950-07-02,0.3900528
1950-07-03,0.014059246
1950-07-04,16.906738
1950-07-05,1.6298294
1950-07-06,0.30970573
1950-07-07,0.070393085
1950-07-08,0.00085216016
1950-07-09,0.0061020255
1950-07-10,0.008016825
1950-07-11,0.32234192
1950-07-12,0.018700957
1950-07-13,0.68569183
1950-07-14,4.459381
1950-07-15,0.009968877
1950-07-16,0.39577484
1950-07-17,0.0017257407
1950-07-18,0.00085216016
1950-07-19,0.0
1950-07-20,0.0021588057
1950-07-21,0.05686283
1950-07-22,0.0
1950-07-23,0.43725967
1950-07-24,0.08940697
1950-07-25,0.002577901
1950-07-26,0.197649
1950-07-27,0.00043516047
1950-07-28,0.00085821375
1950-07-29,0.00085821375
1950-07-30,0.0
1950-07-31,0.017404556
1950-08-01,0.0025760382
1950-08-02,0.30517578
1950-08-03,0.3528595
1950-08-04,0.0026170164
1950-08-05,0.00085821375
1950-08-06,0.0012908131
1950-08-07,0.33426285
1950-08-08,0.03129244
1950-08-09,0.00043516047
1950-08-10,0.4515648
1950-08-11,0.0017164275
1950-08-12,0.0
1950-08-13,0.0
1950-08-14,0.30112267
1950-08-15,0.0021457672
1950-08-16,6.778717
1950-08-17,2.035141
1950-08-18,0.8506775
1950-08-19,0.1603365
1950-08-20,0.0017154962
1950-08-21,0.006671995
1950-08-22,0.07003546
1950-08-23,3.5190582
1950-08-24,0.04774332
1950-08-25,0.031739473
1950-08-26,0.15461445
1950-08-27,0.61655045
1950-08-28,1.534462
1950-08-29,0.008568168
1950-08-30,0.0021383166
1950-08-31,16.845703
1950-09-01,10.696411
1950-09-02,0.6709099
1950-09-03,0.2361536
1950-09-04,0.23710728
1950-09-05,4.1618347
1950-09-06,9.544373
1950-09-07,0.76007843
1950-09-08,0.21457672
1950-09-09,0.0017043203
1950-09-10,0.0064894557
1950-09-11,0.003427267
1950-09-12,0.5583763
1950-09-13,0.0
1950-09-14,0.0
1950-09-15,0.7762909
1950-09-16,0.011712313
1950-09-17,0.24700165
1950-09-18,0.027030706
1950-09-19,0.344038
1950-09-20,0.5507469
1950-09-21,2.5959015
1950-09-22,0.013574958
1950-09-23,0.0
1950-09-24,0.0
1950-09-25,1.1053085
1950-09-26,1.2283325
1950-09-27,0.33926964
1950-09-28,0.0012842938
1950-09-29,0.0017229468
1950-09-30,4.348755
1950-10-01,0.3399849
1950-10-02,0.16796589
1950-10-03,1.572609
1950-10-04,0.00085821375
1950-10-05,0.00042608008
1950-10-06,0.0
1950-10-07,0.003023073
1950-10-08,0.06514788
1950-10-09,0.21874905
1950-10-10,1.4247894
1950-10-11,0.15830994
1950-10-12,0.0017229468
1950-10-13,0.00042608008
1950-10-14,0.00082235783
1950-10-15,14.953613
1950-10-16,2.0160675
1950-10-17,0.0064857304
1950-10-18,0.0012814999
1950-10-19,0.0025965273
1950-10-20,0.0012842938
1950-10-21,0.00085216016
1950-10-22,0.49686432
1950-10-23,0.44441223
1950-10-24,0.4415512
1950-10-25,4.558563
1950-10-26,8.940697e-05
1950-10-27,4.2266846
1950-10-28,0.008352101
1950-10-29,0.00085821375
1950-10-30,0.74625015
1950-10-31,2.3097992
1950-11-01,3.1318665
1950-11-02,1.5697479
1950-11-03,4.2762756
1950-11-04,0.04261732
1950-11-05,0.13816357
1950-11-06,0.00043516047
1950-11-07,0.00043516047
1950-11-08,0.001299195
1950-11-09,0.000864733
1950-11-10,2.8457642
1950-11-11,7.56073
1950-11-12,9.819031
1950-11-13,6.225586
1950-11-14,6.5460205
1950-11-15,1.2722015
1950-11-16,5.432129
1950-11-17,1.1940002
1950-11-18,0.00043516047
1950-11-19,3.118515
1950-11-20,6.0577393
1950-11-21,6.088257
1950-11-22,5.5618286
1950-11-23,3.156662
1950-11-24,1.5993118
1950-11-25,0.079512596
1950-11-26,2.4147034
1950-11-27,0.00821054
1950-11-28,0.22637844
1950-11-29,1.4019012
1950-11-30,0.02002716
1950-12-01,0.34284592
1950-12-02,1.9741058
1950-12-03,2.5024414
1950-12-04,0.0008489005
1950-12-05,0.0008554198
1950-12-06,1.1148453
1950-12-07,2.9964447
1950-12-08,2.357483
1950-12-09,0.3733635
1950-12-10,0.008240342
1950-12-11,4.398346
1950-12-12,3.3416748
1950-12-13,9.521484
1950-12-14,10.223389
1950-12-15,7.2135925
1950-12-16,0.8969307
1950-12-17,0.27275085
1950-12-18,9.841919
1950-12-19,0.17213821
1950-12-20,0.41937828
1950-12-21,1.5268326
1950-12-22,8.552551
1950-12-23,3.3893585
1950-12-24,0.0
1950-12-25,0.0070370734
1950-12-26,2.2392273
1950-12-27,1.332283
1950-12-28,0.12934208
1950-12-29,0.30946732
1950-12-30,4.9705505
1950-12-31,4.512787
1951-01-01,15.777588
1951-01-02,7.789612
1951-01-03,1.8835068
1951-01-04,0.026404858
1951-01-05,0.26798248
1951-01-06,0.0021513551
1951-01-07,0.25367737
1951-01-08,0.21457672
1951-01-09,1.367569
1951-01-10,0.0017173588
1951-01-11,2.439499
1951-01-12,2.1514893
1951-01-13,2.325058
1951-01-14,4.9438477
1951-01-15,3.490448
1951-01-16,0.0
1951-01-17,0.7882118
1951-01-18,3.370285
1951-01-19,0.48208237
1951-01-20,0.75912476
1951-01-21,0.33950806
1951-01-22,0.33330917
1951-01-23,0.36740303
1951-01-24,12.9470825
1951-01-25,8.232117
1951-01-26,4.2800903
1951-01-27,3.540039
1951-01-28,0.8010864
1951-01-29,0.7276535
1951-01-30,0.0017164275
1951-01-31,2.8209686
1951-02-01,0.03924966
1951-02-02,0.00087032095
1951-02-03,1.9464493
1951-02-04,9.872437
1951-02-05,1.0375977
1951-02-06,0.7252693
1951-02-07,6.4315796
1951-02-08,3.7517548
1951-02-09,7.9574585
1951-02-10,0.20587444
1951-02-11,0.018328428
1951-02-12,0.12362003
1951-02-13,1.1434555
1951-02-14,1.2378693
1951-02-15,0.052839518
1951-02-16,0.6928444
1951-02-17,4.9476624
1951-02-18,10.368347
1951-02-19,3.168106
1951-02-20,7.205963
1951-02-21,5.519867
1951-02-22,4.901886
1951-02-23,6.855011
1951-02-24,3.3607483
1951-02-25,3.9253235
1951-02-26,1.9435883
1951-02-27,11.352539
1951-02-28,0.010214746
1951-03-01,0.0
1951-03-02,0.0
1951-03-03,3.484726
1951-03-04,1.5573502
1951-03-05,0.0021662563
1951-03-06,0.0
1951-03-07,8.522034
1951-03-08,5.958557
1951-03-09,2.9735565
1951-03-10,1.701355
1951-03-11,5.722046
1951-03-12,0.68092346
1951-03-13,1.4419556
1951-03-14,0.9264946
1951-03-15,1.2302399
1951-03-16,5.4244995
1951-03-17,5.092621
1951-03-18,2.5691986
1951-03-19,1.2788773
1951-03-20,1.0890961
1951-03-21,2.3384094
1951-03-22,0.0022053719
1951-03-23,0.04374981
1951-03-24,1.9607544
1951-03-25,0.21517277
1951-03-26,0.032275915
1951-03-27,0.02066791
1951-03-28,0.6504059
1951-03-29,4.2304993
1951-03-30,5.332947
1951-03-31,0.06324053
1951-04-01,0.54836273
1951-04-02,8.735657
1951-04-03,0.39076805
1951-04-04,0.00085821375
1951-04-05,0.22649765
1951-04-06,2.986908
1951-04-07,8.987427
1951-04-08,4.306793
1951-04-09,6.3591003
1951-04-10,3.9100647
1951-04-11,0.477314
1951-04-12,0.018253922
1951-04-13,0.00085216016
1951-04-14,0.4684925
1951-04-15,0.0012889504
1951-04-16,0.07271767
1951-04-17,0.70858
1951-04-18,0.67806244
1951-04-19,5.6648254
1951-04-20,0.70762634
1951-04-21,6.6986084
1951-04-22,0.98991394
1951-04-23,0.34928322
1951-04-24,0.00044098124
1951-04-25,0.0044927
1951-04-26,0.044107437
1951-04-27,0.6041527
1951-04-28,2.3727417
1951-04-29,1.2216568
1951-04-30,0.83732605
1951-05-01,1.4944077
1951-05-02,1.6946793
1951-05-03,5.710602
1951-05-04,3.2176971
1951-05-05,1.335144
1951-05-06,15.960693
1951-05-07,5.73349
1951-05-08,4.722595
1951-05-09,0.60653687
1951-05-10,4.4136047
1951-05-11,1.4753342
1951-05-12,0.099778175
1951-05-13,0.010125339
1951-05-14,2.74086
1951-05-15,0.031471252
1951-05-16,3.232956
1951-05-17,1.6746521
1951-05-18,1.0843277
1951-05-19,0.27179718
1951-05-20,0.06687641
1951-05-21,1.3275146
1951-05-22,0.4401207
1951-05-23,1.2426376
1951-05-24,10.215759
1951-05-25,15.327454
1951-05-26,6.1569214
1951-05-27,6.8092346
1951-05-28,0.538826
1951-05-29,1.8119812
1951-05-30,5.2948
1951-05-31,6.7214966
1951-06-01,0.9946823
1951-06-02,0.28443336
1951-06-03,0.0012870878
1951-06-04,0.30612946
1951-06-05,0.9007454
1951-06-06,0.3156662
1951-06-07,8.468628
1951-06-08,8.934021
1951-06-09,0.6389618
1951-06-10,0.001097098
1951-06-11,0.0038556755
1951-06-12,0.21600723
1951-06-13,0.00085216016
1951-06-14,1.3275146
1951-06-15,0.26726723
1951-06-16,1.2454987
1951-06-17,8.308411
1951-06-18,18.432617
1951-06-19,0.12230873
1951-06-20,0.058352947
1951-06-21,9.178162
1951-06-22,12.138367
1951-06-23,2.779007
1951-06-24,5.5351257
1951-06-25,4.787445
1951-06-26,0.4594326
1951-06-27,0.01899898
1951-06-28,1.0814667
1951-06-29,0.3888607
1951-06-30,0.8330345
1951-07-01,0.0
1951-07-02,0.0021457672
1951-07-03,0.00044098124
1951-07-04,0.17940998
1951-07-05,0.0021513551
1951-07-06,0.00086426735
1951-07-07,11.34491
1951-07-08,16.189575
1951-07-09,0.013850629
1951-07-10,0.012166798
1951-07-11,3.8318634
1951-07-12,0.024050474
1951-07-13,3.2596588
1951-07-14,6.9618225
1951-07-15,0.22184849
1951-07-16,0.04339218
1951-07-17,0.0017043203
1951-07-18,0.0012908131
1951-07-19,0.0012870878
1951-07-20,0.00042608008
1951-07-21,0.0008610077
1951-07-22,0.84114075
1951-07-23,2.796173
1951-07-24,0.2014637
1951-07-25,0.00043516047
1951-07-26,0.00044028275
1951-07-27,0.0008586794
1951-07-28,0.00085821375
1951-07-29,0.08225441
1951-07-30,0.21135807
1951-07-31,12.939453
1951-08-01,10.543823
1951-08-02,5.8403015
1951-08-03,5.9547424
1951-08-04,2.2010803
1951-08-05,0.5683899
1951-08-06,0.82683563
1951-08-07,6.2789917
1951-08-08,7.0381165
1951-08-09,2.2621155
1951-08-10,2.0637512
1951-08-11,0.5207062
1951-08-12,0.21111965
1951-08-13,0.22363663
1951-08-14,0.00043516047
1951-08-15,17.425537
1951-08-16,0.0026468188
1951-08-17,0.024229288
1951-08-18,0.0
1951-08-19,0.51259995
1951-08-20,22.369385
1951-08-21,0.028699636
1951-08-22,0.3914833
1951-08-23,0.123381615
1951-08-24,0.020802021
1951-08-25,0.02360344
1951-08-26,0.16212463
1951-08-27,0.14388561
1951-08-28,0.00085588545
1951-08-29,0.00010430813
1951-08-30,0.52165985
1951-08-31,0.77724457
1951-09-01,1.2731552
1951-09-02,0.39052963
1951-09-03,0.074863434
1951-09-04,0.008694828
1951-09-05,0.0016950071
1951-09-06,0.016242266
1951-09-07,0.007674098
1951-09-08,2.4261475
1951-09-09,0.0021848828
1951-09-10,0.4580021
1951-09-11,0.0025816262
1951-09-12,0.053048134
1951-09-13,1.127243
1951-09-14,0.0021718442
1951-09-15,0.02154708
1951-09-16,0.91028214
1951-09-17,3.8547516
1951-09-18,0.0041611493
1951-09-19,0.023290515
1951-09-20,0.00043516047
1951-09-21,0.0012908131
1951-09-22,0.23388863
1951-09-23,7.850647
1951-09-24,0.02977252
1951-09-25,1.080513
1951-09-26,0.61511993
1951-09-27,0.39672852
1951-09-28,2.5405884
1951-09-29,0.0055655837
1951-09-30,0.0017164275
1951-10-01,0.0
1951-10-02,0.17821789
1951-10-03,0.0010486692
1951-10-04,0.729084
1951-10-05,0.3349781
1951-10-06,0.19669533
1951-10-07,0.016212463
1951-10-08,0.0012842938
1951-10-09,0.0
1951-10-10,0.0
1951-10-11,0.0
1951-10-12,0.27894974
1951-10-13,15.167236
1951-10-14,6.23703
1951-10-15,0.0012787059
1951-10-16,0.0025816262
1951-10-17,0.0
1951-10-18,0.0012759119
1951-10-19,0.0008624047
1951-10-20,0.00085821375
1951-10-21,0.6952286
1951-10-22,2.0713806
1951-10-23,0.59461594
1951-10-24,0.101566315
1951-10-25,0.0022649765
1951-10-26,0.013411045
1951-10-27,1.5916824
1951-10-28,0.3721714
1951-10-29,0.005725771
1951-10-30,0.9403229
1951-10-31,1.3237
1951-11-01,1.8978119
1951-11-02,4.1046143
1951-11-03,2.943039
1951-11-04,0.20420551
1951-11-05,0.29921532
1951-11-06,1.0280609
1951-11-07,2.1591187
1951-11-08,3.2958984
1951-11-09,1.4429092
1951-11-10,2.3021698
1951-11-11,0.5712509
1951-11-12,4.886627
1951-11-13,7.1029663
1951-11-14,0.7047653
1951-11-15,0.00087032095
1951-11-16,0.00085216016
1951-11-17,0.31995773
1951-11-18,9.994507
1951-11-19,0.60367584
1951-11-20,0.218153
1951-11-21,5.924225
1951-11-22,3.0460358
1951-11-23,1.6117096
1951-11-24,0.4825592
1951-11-25,1.3961792
1951-11-26,1.9168854
1951-11-27,0.00085216016
1951-11-28,0.00085216016
1951-11-29,0.15628338
1951-11-30,0.00087032095
1951-12-01,0.056773424
1951-12-02,0.15044212
1951-12-03,0.03424287
1951-12-04,0.00043213367
1951-12-05,0.0017164275
1951-12-06,4.3525696
1951-12-07,1.1129379
1951-12-08,0.005722046
1951-12-09,3.643036
1951-12-10,0.73099136
1951-12-11,0.00044098124
1951-12-12,0.00085216016
1951-12-13,0.0
1951-12-14,0.0012814999
1951-12-15,0.027120113
1951-12-16,0.0069625676
1951-12-17,0.0017164275
1951-12-18,0.001293607
1951-12-19,0.0
1951-12-20,0.06914139
1951-12-21,0.14483929
1951-12-22,0.0017043203
1951-12-23,0.002142042
1951-12-24,0.012785196
1951-12-25,9.147644
1951-12-26,1.2769699
1951-12-27,7.9803467
1951-12-28,10.1623535
1951-12-29,4.84848
1951-12-30,2.319336
1951-12-31,0.2605915
1952-01-01,2.1648407
1952-01-02,0.15223026
1952-01-03,8.5372925
1952-01-04,0.73194504
1952-01-05,8.918762
1952-01-06,0.0
1952-01-07,0.0
1952-01-08,0.091433525
1952-01-09,0.61130524
1952-01-10,3.3416748
1952-01-11,3.6258698
1952-01-12,15.991211
1952-01-13,0.0012656674
1952-01-14,0.13148785
1952-01-15,0.7457733
1952-01-16,2.6226044
1952-01-17,5.6152344
1952-01-18,0.9946823
1952-01-19,0.0
1952-01-20,0.00043516047
1952-01-21,0.1733303
1952-01-22,0.0021550804
1952-01-23,0.0012833625
1952-01-24,1.0662079
1952-01-25,0.030905008
1952-01-26,0.47516823
1952-01-27,0.042140484
1952-01-28,0.0
1952-01-29,0.0017043203
1952-01-30,0.031888485
1952-01-31,13.000488
1952-02-01,17.852783
1952-02-02,24.291992
1952-02-03,6.3056946
1952-02-04,0.9417534
1952-02-05,0.004865229
1952-02-06,0.00043516047
1952-02-07,0.0021439046
1952-02-08,5.0086975
1952-02-09,0.2553463
1952-02-10,0.0017192215
1952-02-11,0.022679567
1952-02-12,6.7253113
1952-02-13,0.010944903
1952-02-14,3.0441284
1952-02-15,1.835823
1952-02-16,0.0008465722
1952-02-17,0.087440014
1952-02-18,2.6226044
1952-02-19,0.0036656857
1952-02-20,0.00043516047
1952-02-21,0.0
1952-02-22,0.0017201528
1952-02-23,0.0047385693
1952-02-24,0.0025685877
1952-02-25,0.0017359853
1952-02-26,0.00043516047
1952-02-27,0.00085216016
1952-02-28,0.0012870878
1952-02-29,0.003863126
1952-03-01,0.0004232861
1952-03-02,0.0004263129
1952-03-03,0.00043516047
1952-03-04,0.01886487
1952-03-05,0.84877014
1952-03-06,0.00043213367
1952-03-07,0.012487173
1952-03-08,0.03644824
1952-03-09,6.4353943
1952-03-10,0.09727478
1952-03-11,0.0012814999
1952-03-12,6.3056946
1952-03-13,4.3296814
1952-03-14,0.029236078
1952-03-15,5.7640076
1952-03-16,5.683899
1952-03-17,4.173279
1952-03-18,2.2907257
1952-03-19,0.9703636
1952-03-20,2.462387
1952-03-21,2.8495789
1952-03-22,0.26011467
1952-03-23,0.026509166
1952-03-24,0.8497238
1952-03-25,0.03874302
1952-03-26,0.019937754
1952-03-27,5.317688
1952-03-28,6.706238
1952-03-29,2.2449493
1952-03-30,3.9672852
1952-03-31,1.9721985
1952-04-01,6.2179565
1952-04-02,0.15485287
1952-04-03,0.03373623
1952-04-04,0.0012814999
1952-04-05,0.0
1952-04-06,0.025689602
1952-04-07,0.25749207
1952-04-08,0.00044098124
1952-04-09,0.14650822
1952-04-10,10.2005005
1952-04-11,5.5732727
1952-04-12,5.0086975
1952-04-13,1.7576218
1952-04-14,0.027418137
1952-04-15,0.015556812
1952-04-16,0.20098686
1952-04-17,0.021189451
1952-04-18,0.0004945323
1952-04-19,0.03349781
1952-04-20,0.25367737
1952-04-21,10.986328
1952-04-22,0.15747547
1952-04-23,1.1539459
1952-04-24,0.49686432
1952-04-25,0.23472309
1952-04-26,0.09006262
1952-04-27,0.0017201528
1952-04-28,0.0025816262
1952-04-29,0.18930435
1952-04-30,4.840851
1952-05-01,10.848999
1952-05-02,7.507324
1952-05-03,4.825592
1952-05-04,4.8980713
1952-05-05,0.177145
1952-05-06,4.333496
1952-05-07,1.1501312
1952-05-08,7.0877075
1952-05-09,11.001587
1952-05-10,0.14472008
1952-05-11,1.4648438
1952-05-12,0.4310608
1952-05-13,0.036358833
1952-05-14,0.00043516047
1952-05-15,0.0012777746
1952-05-16,0.002156943
1952-05-17,0.0012805685
1952-05-18,0.0021606684
1952-05-19,0.21219254
1952-05-20,0.39458275
1952-05-21,0.0
1952-05-22,0.0
1952-05-23,0.0029988587
1952-05-24,0.0004421454
1952-05-25,0.0
1952-05-26,0.0017164275
1952-05-27,0.003432855
1952-05-28,0.00085821375
1952-05-29,0.0
1952-05-30,0.00085216016
1952-05-31,23.05603
1952-06-01,1.9855499
1952-06-02,0.031203032
1952-06-03,0.029787421
1952-06-04,0.002991408
1952-06-05,0.0
1952-06-06,0.667572
1952-06-07,0.89502335
1952-06-08,0.12922287
1952-06-09,0.0021383166
1952-06-10,0.0013988465
1952-06-11,0.071406364
1952-06-12,0.85639954
1952-06-13,0.13720989
1952-06-14,0.001299195
1952-06-15,3.3226013
1952-06-16,0.043421984
1952-06-17,15.930176
1952-06-18,9.056091
1952-06-19,0.0033527613
1952-06-20,0.00085821375
1952-06-21,0.0008554198
1952-06-22,0.02257526
1952-06-23,0.04053116
1952-06-24,0.00044098124
1952-06-25,0.0
1952-06-26,0.15687943
1952-06-27,0.031113625
1952-06-28,0.010430813
1952-06-29,0.002991408
1952-06-30,0.0008465722
1952-07-01,0.0025648624
1952-07-02,0.00097136945
1952-07-03,0.70524216
1952-07-04,0.0577569
1952-07-05,0.0012898818
1952-07-06,0.49972534
1952-07-07,0.31733513
1952-07-08,4.7950745
1952-07-09,0.004339963
1952-07-10,0.002572313
1952-07-11,0.00085216016
1952-07-12,0.001293607
1952-07-13,0.7019043
1952-07-14,0.001293607
1952-07-15,0.005170703
1952-07-16,0.0021401793
1952-07-17,0.00085122883
1952-07-18,0.019937754
1952-07-19,0.00087497756
1952-07-20,0.18513203
1952-07-21,0.41341782
1952-07-22,0.70667267
1952-07-23,1.4543533
1952-07-24,0.0017043203
1952-07-25,0.00085821375
1952-07-26,0.00044098124
1952-07-27,0.00042608008
1952-07-28,0.0010309741
1952-07-29,0.0021513551
1952-07-30,0.00085821375
1952-07-31,0.0
1952-08-01,2.614975
1952-08-02,0.8068085
1952-08-03,0.37670135
1952-08-04,0.2220869
1952-08-05,2.3345947
1952-08-06,4.131317
1952-08-07,0.6098747
1952-08-08,0.019013882
1952-08-09,2.7198792
1952-08-10,0.049561262
1952-08-11,0.0008698553
1952-08-12,0.028580427
1952-08-13,0.0011920929
1952-08-14,18.341064
1952-08-15,9.864807
1952-08-16,2.0751953
1952-08-17,0.23758411
1952-08-18,6.5193176
1952-08-19,4.550934
1952-08-20,10.986328
1952-08-21,1.0919571
1952-08-22,0.044822693
1952-08-23,0.00042608008
1952-08-24,0.0021457672
1952-08-25,0.003432855
1952-08-26,0.00085216016
1952-08-27,0.0017192215
1952-08-28,0.00043516047
1952-08-29,8.773804
1952-08-30,2.4414062
1952-08-31,0.3657341
1952-09-01,0.0017145649
1952-09-02,0.0021401793
1952-09-03,0.0012814999
1952-09-04,0.46730042
1952-09-05,11.5737915
1952-09-06,0.15938282
1952-09-07,0.10603666
1952-09-08,0.24104118
1952-09-09,0.2155304
1952-09-10,3.5076141
1952-09-11,1.6841888
1952-09-12,0.021785498
1952-09-13,2.943039
1952-09-14,1.0480881
1952-09-15,8.575439
1952-09-16,2.5024414
1952-09-17,0.6070137
1952-09-18,0.29706955
1952-09-19,1.0471344
1952-09-20,0.4413128
1952-09-21,0.2822876
1952-09-22,0.35572052
1952-09-23,0.011175871
1952-09-24,0.0012917444
1952-09-25,6.5307617
1952-09-26,2.105713
1952-09-27,1.367569
1952-09-28,4.295349
1952-09-29,1.5201569
1952-09-30,4.4822693
1952-10-01,5.191803
1952-10-02,0.64611435
1952-10-03,0.008754432
1952-10-04,0.21898746
1952-10-05,2.0160675
1952-10-06,0.13101101
1952-10-07,0.00088242814
1952-10-08,0.0
1952-10-09,0.0
1952-10-10,0.00043516047
1952-10-11,5.607605
1952-10-12,0.29468536
1952-10-13,3.3931732
1952-10-14,1.2731552
1952-10-15,0.0008614734
1952-10-16,0.0008554198
1952-10-17,0.00043516047
1952-10-18,0.2708435
1952-10-19,3.9138794
1952-10-20,6.0157776
1952-10-21,0.08291006
1952-10-22,0.6904602
1952-10-23,21.240234
1952-10-24,24.032593
1952-10-25,12.451172
1952-10-26,0.0017136335
1952-10-27,0.0021401793
1952-10-28,0.0017108396
1952-10-29,0.5464554
1952-10-30,2.8648376
1952-10-31,6.4315796
1952-11-01,1.8348694
1952-11-02,1.3170242
1952-11-03,0.5569458
1952-11-04,0.00086426735
1952-11-05,2.357483
1952-11-06,0.27489662
1952-11-07,0.87070465
1952-11-08,0.058621168
1952-11-09,0.022530556
1952-11-10,0.41413307
1952-11-11,0.770092
1952-11-12,0.004347414
1952-11-13,0.00085216016
1952-11-14,0.0008554198
1952-11-15,0.7805824
1952-11-16,17.990112
1952-11-17,0.0070482492
1952-11-18,0.1116395
1952-11-19,0.010982156
1952-11-20,11.535645
1952-11-21,21.591187
1952-11-22,2.8762817
1952-11-23,11.802673
1952-11-24,8.666992
1952-11-25,8.605957
1952-11-26,8.361816
1952-11-27,3.6239624
1952-11-28,0.20611286
1952-11-29,0.0012908131
1952-11-30,1.5068054
1952-12-01,0.84114075
1952-12-02,2.3212433
1952-12-03,0.004634261
1952-12-04,0.002142042
1952-12-05,0.00085821375
1952-12-06,0.0
1952-12-07,0.0004277099
1952-12-08,0.00042608008
1952-12-09,0.0008614734
1952-12-10,2.0103455
1952-12-11,5.947113
1952-12-12,19.180298
1952-12-13,9.307861
1952-12-14,10.688782
1952-12-15,4.1275024
1952-12-16,17.364502
1952-12-17,21.438599
1952-12-18,0.2887249
1952-12-19,7.0610046
1952-12-20,0.42319298
1952-12-21,3.7937164
1952-12-22,0.63085556
1952-12-23,0.9560585
1952-12-24,0.28395653
1952-12-25,0.2527237
1952-12-26,2.653122
1952-12-27,0.9469986
1952-12-28,1.4457703
1952-12-29,0.03680587
1952-12-30,1.8072128
1952-12-31,8.338928
1953-01-01,2.6073456
1953-01-02,0.039577484
1953-01-03,0.29850006
1953-01-04,0.055372715
1953-01-05,0.31518936
1953-01-06,5.180359
1953-01-07,0.30899048
1953-01-08,0.1399517
1953-01-09,0.0021345913
1953-01-10,0.42271614
1953-01-11,0.008672476
1953-01-12,0.0025592744
1953-01-13,0.0
1953-01-14,0.00085821375
1953-01-15,0.00086426735
1953-01-16,0.00086426735
1953-01-17,0.00042608008
1953-01-18,0.0
1953-01-19,0.0
1953-01-20,0.0012908131
1953-01-21,0.0
1953-01-22,0.00044098124
1953-01-23,0.002587214
1953-01-24,0.0
1953-01-25,0.0073201954
1953-01-26,0.006891787
1953-01-27,5.9604645e-05
1953-01-28,0.001299195
1953-01-29,0.00043516047
1953-01-30,0.02270937
1953-01-31,1.1348724
1953-02-01,0.24175644
1953-02-02,0.0021494925
1953-02-03,0.0040233135
1953-02-04,0.0021457672
1953-02-05,0.0025853515
1953-02-06,0.0123381615
1953-02-07,3.1871796
1953-02-08,0.026419759
1953-02-09,4.6806335
1953-02-10,23.4375
1953-02-11,5.3482056
1953-02-12,0.24795532
1953-02-13,1.1510849
1953-02-14,0.5097389
1953-02-15,0.033646822
1953-02-16,0.010795891
1953-02-17,0.009916723
1953-02-18,0.03528595
1953-02-19,0.9570122
1953-02-20,7.118225
1953-02-21,0.009834766
1953-02-22,0.0025648624
1953-02-23,0.00085821375
1953-02-24,0.015154481
1953-02-25,0.07361174
1953-02-26,0.055849552
1953-02-27,0.0021327287
1953-02-28,0.00042608008
1953-03-01,0.0012814999
1953-03-02,0.0030007213
1953-03-03,0.00043516047
1953-03-04,0.0025760382
1953-03-05,0.00084843487
1953-03-06,0.011757016
1953-03-07,0.00043516047
1953-03-08,0.0021439046
1953-03-09,0.0021532178
1953-03-10,0.00043516047
1953-03-11,0.831604
1953-03-12,0.15425682
1953-03-13,0.0034347177
1953-03-14,0.2529621
1953-03-15,0.12791157
1953-03-16,0.00044121407
1953-03-17,0.01655519
1953-03-18,0.15747547
1953-03-19,0.43463707
1953-03-20,0.7004738
1953-03-21,0.0025704503
1953-03-22,0.00085821375
1953-03-23,0.0008745119
1953-03-24,0.0021718442
1953-03-25,0.00085216016
1953-03-26,0.0012814999
1953-03-27,2.8800964
1953-03-28,0.0043213367
1953-03-29,0.0021532178
1953-03-30,0.020727515
1953-03-31,1.2798309
1953-04-01,0.8826256
1953-04-02,1.3275146
1953-04-03,1.0137558
1953-04-04,8.079529
1953-04-05,2.3479462
1953-04-06,1.9855499
1953-04-07,0.8158684
1953-04-08,14.030457
1953-04-09,4.3792725
1953-04-10,3.6334991
1953-04-11,0.0056624413
1953-04-12,7.209778
1953-04-13,2.4490356
1953-04-14,0.82826614
1953-04-15,0.08380413
1953-04-16,0.00086193904
1953-04-17,0.0004421454
1953-04-18,0.0007627532
1953-04-19,0.7624626
1953-04-20,0.0075101852
1953-04-21,0.02528727
1953-04-22,0.24461746
1953-04-23,1.3380051
1953-04-24,0.39982796
1953-04-25,0.1385212
1953-04-26,17.8833
1953-04-27,3.9710999
1953-04-28,2.3422241
1953-04-29,0.28538704
1953-04-30,0.00043516047
1953-05-01,1.4619827
1953-05-02,2.0503998
1953-05-03,1.5678406
1953-05-04,0.11199713
1953-05-05,0.021412969
1953-05-06,0.0
1953-05-07,0.017300248
1953-05-08,4.508972
1953-05-09,0.004339963
1953-05-10,0.0048056245
1953-05-11,0.9179115
1953-05-12,0.023186207
1953-05-13,5.794525
1953-05-14,0.21529198
1953-05-15,0.00085216016
1953-05-16,0.0077858567
1953-05-17,0.44322014
1953-05-18,0.31900406
1953-05-19,2.5138855
1953-05-20,0.0025890768
1953-05-21,0.013612211
1953-05-22,0.0018617138
1953-05-23,0.002572313
1953-05-24,0.00043516047
1953-05-25,0.0030398369
1953-05-26,0.11438131
1953-05-27,0.29683113
1953-05-28,0.9441376
1953-05-29,0.0012842938
1953-05-30,1.9454956
1953-05-31,0.9069443
1953-06-01,1.3399124
1953-06-02,1.1644363
1953-06-03,0.9393692
1953-06-04,1.7538071
1953-06-05,7.0152283
1953-06-06,12.245178
1953-06-07,0.13935566
1953-06-08,0.72193146
1953-06-09,0.048220158
1953-06-10,0.12564659
1953-06-11,2.3975372
1953-06-12,0.40912628
1953-06-13,3.5476685
1953-06-14,1.6441345
1953-06-15,1.5411377
1953-06-16,0.44322014
1953-06-17,3.2615662
1953-06-18,0.82826614
1953-06-19,0.0013085082
1953-06-20,0.8573532
1953-06-21,2.4986267
1953-06-22,0.34737587
1953-06-23,0.9407997
1953-06-24,0.7710457
1953-06-25,0.00085821375
1953-06-26,0.22947788
1953-06-27,0.0397861
1953-06-28,3.2043457
1953-06-29,7.0762634
1953-06-30,4.6463013
1953-07-01,2.07901
1953-07-02,5.207062
1953-07-03,2.7313232
1953-07-04,11.962891
1953-07-05,1.824379
1953-07-06,0.0063069165
1953-07-07,0.0038668513
1953-07-08,0.0047162175
1953-07-09,0.17905235
1953-07-10,0.42533875
1953-07-11,0.0012842938
1953-07-12,8.468628
1953-07-13,0.71048737
1953-07-14,0.6799698
1953-07-15,0.06055832
1953-07-16,0.91457367
1953-07-17,37.628174
1953-07-18,17.532349
1953-07-19,0.3077984
1953-07-20,0.0
1953-07-21,0.0009536743
1953-07-22,0.620842
1953-07-23,0.26726723
1953-07-24,0.0012814999
1953-07-25,0.00085821375
1953-07-26,0.4901886
1953-07-27,0.2014637
1953-07-28,0.020116568
1953-07-29,1.0728836
1953-07-30,0.39982796
1953-07-31,0.004786998
1953-08-01,0.10293722
1953-08-02,1.1291504
1953-08-03,1.0604858
1953-08-04,0.00044098124
1953-08-05,0.0
1953-08-06,0.0012973323
1953-08-07,0.0017154962
1953-08-08,0.38647652
1953-08-09,0.0
1953-08-10,0.0
1953-08-11,0.0
1953-08-12,0.82302094
1953-08-13,2.1018982
1953-08-14,2.6130676
1953-08-15,0.054895878
1953-08-16,0.033795834
1953-08-17,0.0012768432
1953-08-18,0.36668777
1953-08-19,0.002142042
1953-08-20,0.0017285347
1953-08-21,1.0089874
1953-08-22,0.21958351
1953-08-23,0.0012908131
1953-08-24,0.0008465722
1953-08-25,0.88357925
1953-08-26,0.84257126
1953-08-27,0.00085216016
1953-08-28,0.0008554198
1953-08-29,0.00173226
1953-08-30,0.0021494925
1953-08-31,0.002577901
1953-09-01,0.0
1953-09-02,0.0113248825
1953-09-03,0.17797947
1953-09-04,0.0017201528
1953-09-05,0.00085216016
1953-09-06,0.0
1953-09-07,0.00085821375
1953-09-08,0.00087032095
1953-09-09,0.00086426735
1953-09-10,0.36883354
1953-09-11,0.0021476299
1953-09-12,0.0
1953-09-13,0.00044098124
1953-09-14,0.0021494925
1953-09-15,18.157959
1953-09-16,3.8871765
1953-09-17,0.21183491
1953-09-18,6.000519
1953-09-19,0.705719
1953-09-20,2.5463104
1953-09-21,0.9422302
1953-09-22,0.21791458
1953-09-23,7.320404
1953-09-24,0.004950911
1953-09-25,0.8916855
1953-09-26,8.728027
1953-09-27,0.029742718
1953-09-28,0.14102459
1953-09-29,0.0030174851
1953-09-30,0.0017229468
1953-10-01,0.0008614734
1953-10-02,0.0045225024
1953-10-03,0.0010821968
1953-10-04,0.0654459
1953-10-05,0.00085216016
1953-10-06,0.00043516047
1953-10-07,0.0017173588
1953-10-08,0.0008614734
1953-10-09,0.0
1953-10-10,0.00043516047
1953-10-11,2.105713
1953-10-12,5.088806
1953-10-13,6.2561035
1953-10-14,13.977051
1953-10-15,0.5583763
1953-10-16,0.02424419
1953-10-17,0.051110983
1953-10-18,0.31471252
1953-10-19,0.35905838
1953-10-20,0.050127506
1953-10-21,0.0012759119
1953-10-22,0.82588196
1953-10-23,0.5540848
1953-10-24,0.6570816
1953-10-25,3.616333
1953-10-26,0.06276369
1953-10-27,1.1806488
1953-10-28,1.3933182
1953-10-29,3.9978027
1953-10-30,0.09512901
1953-10-31,0.0017164275
1953-11-01,0.71668625
1953-11-02,3.7021637
1953-11-03,3.8890839
1953-11-04,5.3482056
1953-11-05,7.5149536
1953-11-06,0.29444695
1953-11-07,0.00043516047
1953-11-08,0.0
1953-11-09,0.0
1953-11-10,0.07426739
1953-11-11,0.00085216016
1953-11-12,0.06556511
1953-11-13,0.003034249
1953-11-14,0.0017276034
1953-11-15,0.0
1953-11-16,0.03156066
1953-11-17,0.0021457672
1953-11-18,0.015176833
1953-11-19,0.020638108
1953-11-20,0.08070469
1953-11-21,0.001293607
1953-11-22,0.010304153
1953-11-23,0.0017136335
1953-11-24,0.0025741756
1953-11-25,0.00085216016
1953-11-26,0.06890297
1953-11-27,0.008456409
1953-11-28,0.43797493
1953-11-29,0.0012908131
1953-11-30,0.0004346948
1953-12-01,0.0
1953-12-02,0.0012842938
1953-12-03,0.11521578
1953-12-04,0.00085448846
1953-12-05,0.4043579
1953-12-06,0.09852648
1953-12-07,0.015422702
1953-12-08,0.36144257
1953-12-09,0.68092346
1953-12-10,0.0012852252
1953-12-11,0.0017117709
1953-12-12,0.00042608008
1953-12-13,0.4017353
1953-12-14,0.30469894
1953-12-15,0.06514788
1953-12-16,0.0030044466
1953-12-17,0.00042608008
1953-12-18,0.004339963
1953-12-19,0.5197525
1953-12-20,0.83875656
1953-12-21,0.0025685877
1953-12-22,0.0012759119
1953-12-23,0.0012842938
1953-12-24,0.17130375
1953-12-25,3.6468506
1953-12-26,0.7853508
1953-12-27,0.67567825
1953-12-28,0.3566742
1953-12-29,0.34046173
1953-12-30,0.0030752271
1953-12-31,0.021398067
1954-01-01,0.0106319785
1954-01-02,0.015541911
1954-01-03,4.219055
1954-01-04,0.73194504
1954-01-05,0.3335476
1954-01-06,0.029861927
1954-01-07,0.6432533
1954-01-08,0.034093857
1954-01-09,0.08934736
1954-01-10,2.5424957
1954-01-11,0.061392784
1954-01-12,0.0056140125
1954-01-13,8.18634
1954-01-14,7.080078
1954-01-15,0.69093704
1954-01-16,0.24354458
1954-01-17,0.061154366
1954-01-18,0.002142042
1954-01-19,0.0012842938
1954-01-20,0.0021457672
1954-01-21,0.0911355
1954-01-22,0.07480383
1954-01-23,0.001299195
1954-01-24,0.08529425
1954-01-25,0.14436245
1954-01-26,6.401062
1954-01-27,0.48065186
1954-01-28,5.844116
1954-01-29,2.3097992
1954-01-30,0.24747849
1954-01-31,0.0048838556
1954-02-01,0.034570694
1954-02-02,0.0009778887
1954-02-03,0.002136454
1954-02-04,0.5903244
1954-02-05,1.16539
1954-02-06,1.0738373
1954-02-07,2.6168823
1954-02-08,0.27108192
1954-02-09,12.916565
1954-02-10,7.5187683
1954-02-11,2.9468536
1954-02-12,0.6275177
1954-02-13,5.542755
1954-02-14,4.2915344
1954-02-15,1.0128021
1954-02-16,0.014103949
1954-02-17,0.013612211
1954-02-18,0.07236004
1954-02-19,6.286621
1954-02-20,0.4646778
1954-02-21,1.5945435
1954-02-22,0.00043516047
1954-02-23,0.0017229468
1954-02-24,2.0198822
1954-02-25,2.494812
1954-02-26,2.7008057
1954-02-27,5.4473877
1954-02-28,4.8713684
1954-03-01,1.7309189
1954-03-02,0.7367134
1954-03-03,12.908936
1954-03-04,9.811401
1954-03-05,2.9582977
1954-03-06,0.16534328
1954-03-07,0.0012870878
1954-03-08,0.16188622
1954-03-09,2.3479462
1954-03-10,0.49304962
1954-03-11,0.026792288
1954-03-12,1.2950897
1954-03-13,2.5806427
1954-03-14,0.43964386
1954-03-15,0.02208352
1954-03-16,0.6136894
1954-03-17,4.9552917
1954-03-18,0.3387928
1954-03-19,1.9216537
1954-03-20,0.45967102
1954-03-21,0.18429756
1954-03-22,5.760193
1954-03-23,12.199402
1954-03-24,0.35214424
1954-03-25,0.002156943
1954-03-26,0.00043516047
1954-03-27,0.0
1954-03-28,0.00043516047
1954-03-29,0.14305115
1954-03-30,3.3855438
1954-03-31,5.3253174
1954-04-01,0.6160736
1954-04-02,0.5326271
1954-04-03,0.35476685
1954-04-04,0.4248619
1954-04-05,5.558014
1954-04-06,0.39553642
1954-04-07,0.054359436
1954-04-08,0.07146597
1954-04-09,0.013522804
1954-04-10,0.041633844
1954-04-11,0.30517578
1954-04-12,0.00043516047
1954-04-13,0.0025834888
1954-04-14,0.00043516047
1954-04-15,0.009961426
1954-04-16,0.0017406419
1954-04-17,0.00043516047
1954-04-18,0.0
1954-04-19,0.53834915
1954-04-20,0.004686415
1954-04-21,0.06198883
1954-04-22,0.001299195
1954-04-23,0.0031683594
1954-04-24,0.031262636
1954-04-25,0.30207634
1954-04-26,11.71875
1954-04-27,12.290955
1954-04-28,2.1400452
1954-04-29,0.042557716
1954-04-30,0.042766333
1954-05-01,2.790451
1954-05-02,5.554199
1954-05-03,4.0893555
1954-05-04,5.6610107
1954-05-05,0.5836487
1954-05-06,0.43320656
1954-05-07,0.0
1954-05-08,0.00042608008
1954-05-09,0.12612343
1954-05-10,0.39672852
1954-05-11,0.008754432
1954-05-12,0.00043516047
1954-05-13,2.0923615
1954-05-14,9.712219
1954-05-15,28.10669
1954-05-16,6.504059
1954-05-17,8.323669
1954-05-18,0.37574768
1954-05-19,0.009417534
1954-05-20,0.0
1954-05-21,0.4439354
1954-05-22,0.3528595
1954-05-23,1.2083054
1954-05-24,0.0030249357
1954-05-25,0.5326271
1954-05-26,0.105917454
1954-05-27,0.0
1954-05-28,0.38409233
1954-05-29,0.008232892
1954-05-30,0.0004263129
1954-05-31,0.24056435
1954-06-01,0.11515617
1954-06-02,0.059574842
1954-06-03,1.6975403
1954-06-04,0.0513196
1954-06-05,0.5059242
1954-06-06,0.5412102
1954-06-07,0.0026058406
1954-06-08,5.0582886
1954-06-09,2.6817322
1954-06-10,4.0664673
1954-06-11,0.12278557
1954-06-12,4.8828125
1954-06-13,2.9087067
1954-06-14,0.702858
1954-06-15,0.043958426
1954-06-16,0.0008614734
1954-06-17,0.002041459
1954-06-18,0.00044098124
1954-06-19,0.00083679333
1954-06-20,0.40745735
1954-06-21,0.07164478
1954-06-22,0.0008046627
1954-06-23,0.033795834
1954-06-24,0.00087032095
1954-06-25,0.009439886
1954-06-26,0.009998679
1954-06-27,0.63085556
1954-06-28,0.3926754
1954-06-29,0.29110909
1954-06-30,0.7433891
1954-07-01,0.702858
1954-07-02,0.75531006
1954-07-03,1.5907288
1954-07-04,0.44298172
1954-07-05,0.22625923
1954-07-06,0.42033195
1954-07-07,0.34499168
1954-07-08,0.0021494925
1954-07-09,0.0008554198
1954-07-10,3.0612946
1954-07-11,5.630493
1954-07-12,1.8796921
1954-07-13,0.7138252
1954-07-14,0.8068085
1954-07-15,1.0147095
1954-07-16,0.002991408
1954-07-17,0.0017182902
1954-07-18,0.9121895
1954-07-19,0.28657913
1954-07-20,0.001729466
1954-07-21,0.00085216016
1954-07-22,0.00044098124
1954-07-23,0.0008554198
1954-07-24,0.0017108396
1954-07-25,0.00043516047
1954-07-26,0.120818615
1954-07-27,0.7405281
1954-07-28,0.22768974
1954-07-29,0.34952164
1954-07-30,0.9737015
1954-07-31,0.9803772
1954-08-01,0.57935715
1954-08-02,0.0
1954-08-03,0.00085216016
1954-08-04,0.5812645
1954-08-05,0.6213188
1954-08-06,0.38599968
1954-08-07,0.27275085
1954-08-08,3.107071
1954-08-09,7.7438354
1954-08-10,0.5440712
1954-08-11,0.057518482
1954-08-12,1.1663437
1954-08-13,7.0762634
1954-08-14,17.39502
1954-08-15,1.4362335
1954-08-16,0.1013875
1954-08-17,0.66137314
1954-08-18,0.09918213
1954-08-19,0.045001507
1954-08-20,6.3552856
1954-08-21,0.37288666
1954-08-22,3.81279
1954-08-23,4.714966
1954-08-24,3.047943
1954-08-25,1.2054443
1954-08-26,0.11879206
1954-08-27,0.027239323
1954-08-28,0.15807152
1954-08-29,0.00043562613
1954-08-30,0.00043353066
1954-08-31,0.00173226
1954-09-01,0.6313324
1954-09-02,0.47397614
1954-09-03,0.00082841143
1954-09-04,2.8533936
1954-09-05,6.6108704
1954-09-06,0.00085821375
1954-09-07,0.31518936
1954-09-08,0.00043516047
1954-09-09,0.24056435
1954-09-10,0.0037811697
1954-09-11,0.25200844
1954-09-12,0.25868416
1954-09-13,3.8890839
1954-09-14,12.138367
1954-09-15,0.00017881393
1954-09-16,0.002577901
1954-09-17,1.6260147
1954-09-18,0.0038668513
1954-09-19,0.02092123
1954-09-20,0.45847893
1954-09-21,0.14150143
1954-09-22,0.0033322722
1954-09-23,0.00042608008
1954-09-24,1.1072159
1954-09-25,0.76532364
1954-09-26,1.5029907
1954-09-27,0.9112358
1954-09-28,2.6245117
1954-09-29,0.2632141
1954-09-30,0.0032186508
1954-10-01,0.00043516047
1954-10-02,0.0013010576
1954-10-03,0.0
1954-10-04,0.039935112
1954-10-05,0.00042608008
1954-10-06,0.018179417
1954-10-07,0.16641617
1954-10-08,0.00086426735
1954-10-09,4.1122437
1954-10-10,0.0
1954-10-11,0.039607286
1954-10-12,0.749588
1954-10-13,0.0013047829
1954-10-14,0.0021494925
1954-10-15,0.0025704503
1954-10-16,0.0012842938
1954-10-17,0.0
1954-10-18,0.0012842938
1954-10-19,11.390686
1954-10-20,0.91552734
1954-10-21,0.1693964
1954-10-22,0.0114142895
1954-10-23,3.955841
1954-10-24,3.1032562
1954-10-25,4.3411255
1954-10-26,0.35881996
1954-10-27,1.8424988
1954-10-28,0.33450127
1954-10-29,0.60749054
1954-10-30,21.209717
1954-10-31,0.0017462298
1954-11-01,0.0021401793
1954-11-02,0.0718832
1954-11-03,0.01142174
1954-11-04,0.6875992
1954-11-05,0.0
1954-11-06,0.7510185
1954-11-07,3.7555695
1954-11-08,1.6307831
1954-11-09,7.6408386
1954-11-10,0.00042608008
1954-11-11,0.51116943
1954-11-12,0.092446804
1954-11-13,0.05850196
1954-11-14,0.0021476299
1954-11-15,0.0025741756
1954-11-16,0.0008554198
1954-11-17,0.0
1954-11-18,0.0017164275
1954-11-19,0.0012814999
1954-11-20,0.00085216016
1954-11-21,0.0017229468
1954-11-22,0.4079342
1954-11-23,9.422302
1954-11-24,3.9520264
1954-11-25,10.475159
1954-11-26,2.74086
1954-11-27,1.6002655
1954-11-28,15.914917
1954-11-29,3.522873
1954-11-30,4.863739
1954-12-01,0.003123656
1954-12-02,0.0012805685
1954-12-03,0.053167343
1954-12-04,0.19586086
1954-12-05,2.708435
1954-12-06,14.030457
1954-12-07,8.743286
1954-12-08,7.56073
1954-12-09,2.9144287
1954-12-10,0.2399683
1954-12-11,0.47683716
1954-12-12,11.566162
1954-12-13,6.729126
1954-12-14,3.3950806
1954-12-15,1.6937256
1954-12-16,0.039935112
1954-12-17,0.7004738
1954-12-18,0.46992302
1954-12-19,0.0017229468
1954-12-20,0.054359436
1954-12-21,0.10663271
1954-12-22,0.7982254
1954-12-23,0.48971176
1954-12-24,0.30231476
1954-12-25,0.25558472
1954-12-26,0.06759167
1954-12-27,0.007815659
1954-12-28,0.005669892
1954-12-29,0.012077391
1954-12-30,0.036090612
1954-12-31,0.09393692
1955-01-01,0.01731515
1955-01-02,0.023201108
1955-01-03,3.6144257
1955-01-04,0.2515316
1955-01-05,1.5487671
1955-01-06,2.588272
1955-01-07,3.3931732
1955-01-08,0.09936094
1955-01-09,0.0085532665
1955-01-10,4.66156
1955-01-11,10.726929
1955-01-12,6.9007874
1955-01-13,2.9411316
1955-01-14,11.672974
1955-01-15,15.357971
1955-01-16,8.155823
1955-01-17,28.869629
1955-01-18,1.3608932
1955-01-19,11.978149
1955-01-20,0.56266785
1955-01-21,2.193451
1955-01-22,8.163452
1955-01-23,1.2989044
1955-01-24,0.0031925738
1955-01-25,0.08922815
1955-01-26,0.001293607
1955-01-27,0.001706183
1955-01-28,0.00043516047
1955-01-29,0.0013709068
1955-01-30,0.17142296
1955-01-31,0.30064583
1955-02-01,1.2731552
1955-02-02,3.2482147
1955-02-03,15.235901
1955-02-04,6.0424805
1955-02-05,18.875122
1955-02-06,6.881714
1955-02-07,0.14185905
1955-02-08,1.5449524
1955-02-09,4.5700073
1955-02-10,1.9340515
1955-02-11,1.7662048
1955-02-12,1.496315
1955-02-13,4.3945312
1955-02-14,0.0017201528
1955-02-15,0.002130866
1955-02-16,4.9858093
1955-02-17,23.07129
1955-02-18,1.4381409
1955-02-19,5.191803
1955-02-20,0.07301569
1955-02-21,3.7136078
1955-02-22,1.2197495
1955-02-23,0.6842613
1955-02-24,0.87213516
1955-02-25,5.393982
1955-02-26,1.4925003
1955-02-27,0.07492304
1955-02-28,0.004000962
1955-03-01,0.00085216016
1955-03-02,0.001293607
1955-03-03,0.0008624047
1955-03-04,0.0021494925
1955-03-05,0.20778179
1955-03-06,3.8928986
1955-03-07,0.71048737
1955-03-08,1.1110306
1955-03-09,0.9832382
1955-03-10,0.37622452
1955-03-11,0.0010216609
1955-03-12,0.0017201528
1955-03-13,0.00086426735
1955-03-14,0.0017164275
1955-03-15,0.0012814999
1955-03-16,0.002797693
1955-03-17,0.002572313
1955-03-18,0.0012908131
1955-03-19,0.0012814999
1955-03-20,7.0266724
1955-03-21,1.9044876
1955-03-22,0.56409836
1955-03-23,0.24414062
1955-03-24,0.0
1955-03-25,0.07927418
1955-03-26,7.6560974
1955-03-27,1.1339188
1955-03-28,0.28133392
1955-03-29,0.6299019
1955-03-30,1.0261536
1955-03-31,0.0075139105
1955-04-01,0.0008670613
1955-04-02,0.0010691583
1955-04-03,0.031411648
1955-04-04,0.0012814999
1955-04-05,0.00043516047
1955-04-06,0.6875992
1955-04-07,0.8325577
1955-04-08,0.0047273934
1955-04-09,0.0076293945
1955-04-10,0.40459633
1955-04-11,0.02489984
1955-04-12,0.05468726
1955-04-13,0.0008554198
1955-04-14,0.001726672
1955-04-15,0.0010672957
1955-04-16,0.0021513551
1955-04-17,0.0017993152
1955-04-18,0.0017201528
1955-04-19,0.00086426735
1955-04-20,0.0005690381
1955-04-21,0.049114227
1955-04-22,0.03874302
1955-04-23,0.022768974
1955-04-24,0.02977252
1955-04-25,0.0012982637
1955-04-26,0.00043516047
1955-04-27,0.00082841143
1955-04-28,0.0
1955-04-29,0.023171306
1955-04-30,2.2716522
1955-05-01,0.13327599
1955-05-02,2.462387
1955-05-03,0.032633543
1955-05-04,0.767231
1955-05-05,0.0032987446
1955-05-06,0.013001263
1955-05-07,0.0027883798
1955-05-08,0.0012833625
1955-05-09,0.006109476
1955-05-10,0.14531612
1955-05-11,0.14960766
1955-05-12,0.0004172325
1955-05-13,0.5598068
1955-05-14,7.7819824
1955-05-15,2.4776459
1955-05-16,0.00043516047
1955-05-17,5.5999756
1955-05-18,6.629944
1955-05-19,0.32162666
1955-05-20,0.0012814999
1955-05-21,0.00043516047
1955-05-22,0.0
1955-05-23,0.0
1955-05-24,0.0
1955-05-25,0.014349818
1955-05-26,0.68950653
1955-05-27,0.14972687
1955-05-28,1.2559891
1955-05-29,0.052034855
1955-05-30,0.0
1955-05-31,0.0017164275
1955-06-01,0.00058999285
1955-06-02,0.08201599
1955-06-03,14.289856
1955-06-04,0.66280365
1955-06-05,0.31852722
1955-06-06,14.076233
1955-06-07,2.74086
1955-06-08,3.2157898
1955-06-09,16.479492
1955-06-10,7.003784
1955-06-11,1.0700226
1955-06-12,0.04851818
1955-06-13,1.6717911
1955-06-14,0.182271
1955-06-15,0.0
1955-06-16,0.0021457672
1955-06-17,0.24485588
1955-06-18,19.073486
1955-06-19,9.925842
1955-06-20,0.25558472
1955-06-21,1.0185242
1955-06-22,0.038415194
1955-06-23,0.0008493662
1955-06-24,0.00044098124
1955-06-25,0.0166744
1955-06-26,4.2037964
1955-06-27,0.019580126
1955-06-28,0.13494492
1955-06-29,0.049203634
1955-06-30,0.01861155
1955-07-01,0.00051548705
1955-07-02,0.0015348196
1955-07-03,0.17893314
1955-07-04,0.11962652
1955-07-05,1.1262894
1955-07-06,0.002194196
1955-07-07,0.00086426735
1955-07-08,0.0017071143
1955-07-09,0.00043213367
1955-07-10,0.45132637
1955-07-11,3.8146973
1955-07-12,0.14948845
1955-07-13,1.1863708
1955-07-14,0.8111
1955-07-15,0.23722649
1955-07-16,0.020563602
1955-07-17,0.81920624
1955-07-18,1.3875961
1955-07-19,8.81958
1955-07-20,5.722046
1955-07-21,5.2261353
1955-07-22,0.541687
1955-07-23,0.0
1955-07-24,0.00043516047
1955-07-25,13.328552
1955-07-26,10.879517
1955-07-27,1.4543533
1955-07-28,1.083374
1955-07-29,0.3631115
1955-07-30,0.0008554198
1955-07-31,0.00042608008
1955-08-01,0.0020060688
1955-08-02,0.0022053719
1955-08-03,0.22506714
1955-08-04,0.0018524006
1955-08-05,0.0
1955-08-06,0.00042608008
1955-08-07,0.35595894
1955-08-08,0.08332729
1955-08-09,0.0021494925
1955-08-10,0.0021513551
1955-08-11,0.13113022
1955-08-12,0.3836155
1955-08-13,1.37043
1955-08-14,0.85401535
1955-08-15,0.0073462725
1955-08-16,0.00043702312
1955-08-17,0.0
1955-08-18,0.001293607
1955-08-19,0.00085681677
1955-08-20,0.00086426735
1955-08-21,0.0
1955-08-22,0.00044098124
1955-08-23,0.00085681677
1955-08-24,0.00043516047
1955-08-25,0.00085216016
1955-08-26,0.0008554198
1955-08-27,0.12141466
1955-08-28,0.0049471855
1955-08-29,0.5016327
1955-08-30,4.3563843
1955-08-31,7.9345703
1955-09-01,1.6088486
1955-09-02,0.0008852221
1955-09-03,0.28443336
1955-09-04,0.521183
1955-09-05,0.009872019
1955-09-06,0.0117868185
1955-09-07,0.009693205
1955-09-08,0.0
1955-09-09,0.013872981
1955-09-10,0.07843971
1955-09-11,0.0
1955-09-12,0.0025648624
1955-09-13,1.1768341
1955-09-14,4.4136047
1955-09-15,3.1909943
1955-09-16,0.0025816262
1955-09-17,0.001293607
1955-09-18,0.0017108396
1955-09-19,0.00044191256
1955-09-20,0.037431717
1955-09-21,0.0008614734
1955-09-22,0.00043516047
1955-09-23,4.3792725
1955-09-24,0.058561563
1955-09-25,0.0012880191
1955-09-26,4.2266846
1955-09-27,0.0012917444
1955-09-28,0.0017201528
1955-09-29,0.00042608008
1955-09-30,0.0
1955-10-01,0.0008479692
1955-10-02,0.00044098124
1955-10-03,0.0073611736
1955-10-04,2.8591156
1955-10-05,0.123143196
1955-10-06,2.7561188
1955-10-07,0.28204918
1955-10-08,2.981186
1955-10-09,0.006854534
1955-10-10,0.0008530915
1955-10-11,0.0017592683
1955-10-12,0.0017285347
1955-10-13,0.0012759119
1955-10-14,0.00043516047
1955-10-15,0.00043516047
1955-10-16,0.034868717
1955-10-17,0.93507767
1955-10-18,1.124382
1955-10-19,0.0008554198
1955-10-20,3.9978027
1955-10-21,6.2332153
1955-10-22,4.66156
1955-10-23,2.702713
1955-10-24,0.040113926
1955-10-25,0.0012880191
1955-10-26,0.0012870878
1955-10-27,0.001071021
1955-10-28,0.0030100346
1955-10-29,0.0017136335
1955-10-30,2.0599365
1955-10-31,5.3749084
1955-11-01,0.001186505
1955-11-02,0.0
1955-11-03,0.0017760321
1955-11-04,4.283905
1955-11-05,3.1147003
1955-11-06,0.0021755695
1955-11-07,2.1781921
1955-11-08,3.4542084
1955-11-09,0.061810017
1955-11-10,0.03889203
1955-11-11,0.0
1955-11-12,0.81825256
1955-11-13,2.4909973
1955-11-14,0.21851063
1955-11-15,0.006042421
1955-11-16,0.0
1955-11-17,0.00086426735
1955-11-18,0.0
1955-11-19,0.0
1955-11-20,0.0021457672
1955-11-21,0.072181225
1955-11-22,0.0029932708
1955-11-23,0.00085216016
1955-11-24,0.0030510128
1955-11-25,0.00085821375
1955-11-26,0.00043516047
1955-11-27,0.00043516047
1955-11-28,0.0
1955-11-29,0.5450249
1955-11-30,0.14460087
1955-12-01,2.5234222
1955-12-02,0.62799454
1955-12-03,0.0016838312
1955-12-04,0.009119511
1955-12-05,0.00043516047
1955-12-06,0.0030044466
1955-12-07,0.00085821375
1955-12-08,0.04798174
1955-12-09,0.13840199
1955-12-10,1.4333725
1955-12-11,0.40364265
1955-12-12,0.0030696392
1955-12-13,0.1834631
1955-12-14,13.412476
1955-12-15,6.828308
1955-12-16,10.681152
1955-12-17,0.63610077
1955-12-18,0.061929226
1955-12-19,0.00043516047
1955-12-20,3.255844
1955-12-21,3.583908
1955-12-22,5.4130554
1955-12-23,8.575439
1955-12-24,3.8166046
1955-12-25,0.023588538
1955-12-26,1.0700226
1955-12-27,0.53691864
1955-12-28,0.19562244
1955-12-29,5.48172
1955-12-30,20.03479
1955-12-31,0.003889203
1956-01-01,2.3117065
1956-01-02,0.7801056
1956-01-03,0.00086426735
1956-01-04,0.0012973323
1956-01-05,0.018656254
1956-01-06,0.047832727
1956-01-07,0.2323389
1956-01-08,4.070282
1956-01-09,3.8166046
1956-01-10,2.8095245
1956-01-11,1.701355
1956-01-12,1.1692047
1956-01-13,6.9351196
1956-01-14,0.019311905
1956-01-15,2.39563
1956-01-16,2.6817322
1956-01-17,6.855011
1956-01-18,0.22888184
1956-01-19,0.27155876
1956-01-20,0.0017108396
1956-01-21,0.0019110739
1956-01-22,0.00085821375
1956-01-23,3.0155182
1956-01-24,8.026123
1956-01-25,5.5770874
1956-01-26,0.8263588
1956-01-27,2.002716
1956-01-28,0.34093857
1956-01-29,1.4133453
1956-01-30,4.207611
1956-01-31,1.4476776
1956-02-01,0.12397766
1956-02-02,0.0012814999
1956-02-03,0.0
1956-02-04,0.0012982637
1956-02-05,0.018402934
1956-02-06,0.9918213
1956-02-07,0.10126829
1956-02-08,0.0008624047
1956-02-09,1.3504028
1956-02-10,0.05736947
1956-02-11,0.24414062
1956-02-12,0.0061802566
1956-02-13,2.1800995
1956-02-14,1.0786057
1956-02-15,0.0012787059
1956-02-16,0.0018179417
1956-02-17,0.042706728
1956-02-18,0.007301569
1956-02-19,0.041007996
1956-02-20,4.6920776
1956-02-21,4.386902
1956-02-22,0.0021383166
1956-02-23,0.00043516047
1956-02-24,0.026151538
1956-02-25,0.00043516047
1956-02-26,0.0
1956-02-27,0.038594007
1956-02-28,0.0017220154
1956-02-29,0.004310161
1956-03-01,0.18179417
1956-03-02,0.20349026
1956-03-03,0.97465515
1956-03-04,0.40864944
1956-03-05,0.5645752
1956-03-06,0.00043516047
1956-03-07,0.015616417
1956-03-08,0.003863126
1956-03-09,0.0
1956-03-10,0.0017257407
1956-03-11,0.00043516047
1956-03-12,0.0012870878
1956-03-13,0.0017136335
1956-03-14,0.0014528632
1956-03-15,0.39362907
1956-03-16,0.007897615
1956-03-17,1.0004044
1956-03-18,9.063721
1956-03-19,6.793976
1956-03-20,5.8898926
1956-03-21,3.8890839
1956-03-22,0.22423267
1956-03-23,3.320694
1956-03-24,4.081726
1956-03-25,0.19156933
1956-03-26,0.75769424
1956-03-27,0.025987625
1956-03-28,0.22888184
1956-03-29,0.0034607947
1956-03-30,1.0070801
1956-03-31,1.3875961
1956-04-01,0.4339218
1956-04-02,0.28133392
1956-04-03,0.00085216016
1956-04-04,0.06005168
1956-04-05,0.9841919
1956-04-06,0.55885315
1956-04-07,0.0012870878
1956-04-08,0.00043516047
1956-04-09,0.0
1956-04-10,0.002572313
1956-04-11,0.1975298
1956-04-12,4.3144226
1956-04-13,7.1792603
1956-04-14,13.435364
1956-04-15,4.7950745
1956-04-16,3.9749146
1956-04-17,6.767273
1956-04-18,0.0022053719
1956-04-19,0.0012908131
1956-04-20,1.2207031
1956-04-21,1.3895035
1956-04-22,0.14913082
1956-04-23,0.017881393
1956-04-24,0.1269579
1956-04-25,0.25820732
1956-04-26,1.2102127
1956-04-27,9.544373
1956-04-28,4.573822
1956-04-29,2.4471283
1956-04-30,0.047534704
1956-05-01,0.62322617
1956-05-02,0.14257431
1956-05-03,0.46038628
1956-05-04,0.00044307671
1956-05-05,0.002587214
1956-05-06,0.00043516047
1956-05-07,0.00085216016
1956-05-08,0.0017136335
1956-05-09,0.003490597
1956-05-10,0.4043579
1956-05-11,0.9098053
1956-05-12,0.8497238
1956-05-13,0.0
1956-05-14,0.0008489005
1956-05-15,0.0008554198
1956-05-16,0.00043516047
1956-05-17,3.0174255
1956-05-18,6.122589
1956-05-19,21.865845
1956-05-20,0.00085216016
1956-05-21,12.176514
1956-05-22,1.1386871
1956-05-23,1.666069
1956-05-24,6.1035156
1956-05-25,0.82969666
1956-05-26,3.8776398
1956-05-27,2.6378632
1956-05-28,0.43153763
1956-05-29,0.045508146
1956-05-30,11.665344
1956-05-31,5.92041
1956-06-01,0.78725815
1956-06-02,0.34427643
1956-06-03,0.0072345138
1956-06-04,4.890442
1956-06-05,18.081665
1956-06-06,4.211426
1956-06-07,1.1825562
1956-06-08,1.2378693
1956-06-09,1.9493103
1956-06-10,0.93078613
1956-06-11,0.63562393
1956-06-12,0.22399426
1956-06-13,0.8010864
1956-06-14,0.03889203
1956-06-15,0.004798174
1956-06-16,0.0055246055
1956-06-17,1.364708
1956-06-18,0.5350113
1956-06-19,0.056415796
1956-06-20,0.051945448
1956-06-21,0.010408461
1956-06-22,0.118494034
1956-06-23,0.000864733
1956-06-24,0.0021457672
1956-06-25,0.25987625
1956-06-26,0.0012842938
1956-06-27,0.031352043
1956-06-28,0.24604797
1956-06-29,0.00085216016
1956-06-30,11.619568
1956-07-01,7.003784
1956-07-02,13.839722
1956-07-03,0.44894218
1956-07-04,0.00085821375
1956-07-05,0.0
1956-07-06,0.16880035
1956-07-07,0.0
1956-07-08,0.11181831
1956-07-09,0.59604645
1956-07-10,3.8452148
1956-07-11,0.32567978
1956-07-12,0.0025946647
1956-07-13,0.436306
1956-07-14,0.7419586
1956-07-15,2.8419495
1956-07-16,1.3122559
1956-07-17,0.5044937
1956-07-18,11.436462
1956-07-19,3.9520264
1956-07-20,2.0122528
1956-07-21,0.9241104
1956-07-22,0.23853779
1956-07-23,0.44608116
1956-07-24,0.004712492
1956-07-25,0.00043516047
1956-07-26,0.00043516047
1956-07-27,0.0008465722
1956-07-28,0.16117096
1956-07-29,0.9570122
1956-07-30,0.11628866
1956-07-31,0.00085216016
1956-08-01,0.0021457672
1956-08-02,1.4562607
1956-08-03,0.89120865
1956-08-04,1.3446808
1956-08-05,0.52404404
1956-08-06,5.9776306
1956-08-07,0.7929802
1956-08-08,0.0
1956-08-09,0.00085216016
1956-08-10,6.2179565
1956-08-11,1.3532639
1956-08-12,0.13554096
1956-08-13,0.00086193904
1956-08-14,6.679535
1956-08-15,0.017762184
1956-08-16,0.0
1956-08-17,0.11950731
1956-08-18,1.543045
1956-08-19,0.01834333
1956-08-20,7.507324
1956-08-21,0.004481524
1956-08-22,12.046814
1956-08-23,1.7290115
1956-08-24,0.31995773
1956-08-25,7.7934265
1956-08-26,10.848999
1956-08-27,5.4359436
1956-08-28,2.7656555
1956-08-29,3.4828186
1956-08-30,0.26583672
1956-08-31,20.843506
1956-09-01,2.48909
1956-09-02,0.59080124
1956-09-03,0.66900253
1956-09-04,0.0
1956-09-05,3.068924
1956-09-06,7.5912476
1956-09-07,0.33974648
1956-09-08,0.1436472
1956-09-09,1.4047623
1956-09-10,2.9802322e-05
1956-09-11,0.0
1956-09-12,0.00085821375
1956-09-13,0.00085216016
1956-09-14,0.00042608008
1956-09-15,0.001299195
1956-09-16,0.090777874
1956-09-17,0.041663647
1956-09-18,0.7457733
1956-09-19,0.036865473
1956-09-20,5.9604645e-05
1956-09-21,0.26130676
1956-09-22,0.2875328
1956-09-23,0.0
1956-09-24,9.162903
1956-09-25,1.8100739
1956-09-26,6.0043335
1956-09-27,0.521183
1956-09-28,0.0068731606
1956-09-29,0.0012908131
1956-09-30,0.0012880191
1956-10-01,0.00087032095
1956-10-02,2.4871826
1956-10-03,0.40555
1956-10-04,0.16057491
1956-10-05,4.5204163
1956-10-06,1.2235641
1956-10-07,0.0028405339
1956-10-08,0.0034347177
1956-10-09,0.00085216016
1956-10-10,0.0
1956-10-11,0.0025592744
1956-10-12,0.0
1956-10-13,0.00042608008
1956-10-14,0.0012898818
1956-10-15,0.8773804
1956-10-16,4.4517517
1956-10-17,0.0384748
1956-10-18,0.009700656
1956-10-19,0.5245209
1956-10-20,0.24294853
1956-10-21,0.10943413
1956-10-22,0.00043516047
1956-10-23,0.0021513551
1956-10-24,0.04684925
1956-10-25,2.1839142
1956-10-26,1.203537
1956-10-27,0.2245903
1956-10-28,0.0017108396
1956-10-29,2.544403
1956-10-30,0.061690807
1956-10-31,0.08696318
1956-11-01,0.6351471
1956-11-02,3.7021637
1956-11-03,1.449585
1956-11-04,0.0654459
1956-11-05,0.0017108396
1956-11-06,0.00022654422
1956-11-07,0.0012870878
1956-11-08,0.00086426735
1956-11-09,0.0025499612
1956-11-10,0.36025047
1956-11-11,3.2215118
1956-11-12,1.9407272
1956-11-13,0.28419495
1956-11-14,0.029698014
1956-11-15,4.184723
1956-11-16,0.0025760382
1956-11-17,0.0
1956-11-18,0.0
1956-11-19,0.0026021153
1956-11-20,3.0117035
1956-11-21,0.071167946
1956-11-22,0.045895576
1956-11-23,0.0004232861
1956-11-24,0.004287809
1956-11-25,0.0030156225
1956-11-26,0.09441376
1956-11-27,0.30493736
1956-11-28,2.2296906
1956-11-29,2.7389526
1956-11-30,0.0025574118
1956-12-01,0.00043516047
1956-12-02,0.06276369
1956-12-03,0.0795722
1956-12-04,0.104784966
1956-12-05,0.16880035
1956-12-06,0.15377998
1956-12-07,0.02296269
1956-12-08,0.009551644
1956-12-09,0.2760887
1956-12-10,0.16343594
1956-12-11,1.1405945
1956-12-12,0.31614304
1956-12-13,1.9369125
1956-12-14,0.04839897
1956-12-15,0.002514571
1956-12-16,0.00044098124
1956-12-17,0.0016894192
1956-12-18,0.0017108396
1956-12-19,1.6231537
1956-12-20,0.43559074
1956-12-21,0.012978911
1956-12-22,0.038057566
1956-12-23,0.002156943
1956-12-24,2.7770996
1956-12-25,2.4547577
1956-12-26,0.42176247
1956-12-27,0.52690506
1956-12-28,4.1618347
1956-12-29,4.1122437
1956-12-30,2.2583008
1956-12-31,2.33078
1957-01-01,0.88357925
1957-01-02,0.4620552
1957-01-03,0.018060207
1957-01-04,0.038057566
1957-01-05,0.02104044
1957-01-06,0.044822693
1957-01-07,0.44751167
1957-01-08,0.07200241
1957-01-09,0.004593283
1957-01-10,1.5296936
1957-01-11,0.00085216016
1957-01-12,3.1280518
1957-01-13,0.6508827
1957-01-14,1.1692047
1957-01-15,0.07164478
1957-01-16,0.011175871
1957-01-17,0.0033285469
1957-01-18,0.0
1957-01-19,0.0012805685
1957-01-20,0.0017108396
1957-01-21,0.0
1957-01-22,0.00087032095
1957-01-23,1.2388229
1957-01-24,1.7824173
1957-01-25,4.562378
1957-01-26,0.7824898
1957-01-27,4.3029785
1957-01-28,0.03322959
1957-01-29,0.0012861565
1957-01-30,0.07867813
1957-01-31,0.021755695
1957-02-01,0.0021383166
1957-02-02,0.0012833625
1957-02-03,0.0008465722
1957-02-04,0.0017136335
1957-02-05,0.28777122
1957-02-06,1.1386871
1957-02-07,0.0012814999
1957-02-08,2.702713
1957-02-09,1.5039444
1957-02-10,5.443573
1957-02-11,1.3856888
1957-02-12,15.869141
1957-02-13,10.795593
1957-02-14,17.456055
1957-02-15,4.4288635
1957-02-16,2.8419495
1957-02-17,6.2713623
1957-02-18,1.6565323
1957-02-19,0.09268522
1957-02-20,6.8969727
1957-02-21,0.00043516047
1957-02-22,18.753052
1957-02-23,6.42395
1957-02-24,0.19311905
1957-02-25,0.30255318
1957-02-26,0.600338
1957-02-27,0.00043702312
1957-02-28,0.0042915344
1957-03-01,0.0030156225
1957-03-02,0.0025797635
1957-03-03,0.0
1957-03-04,0.00043516047
1957-03-05,0.1347065
1957-03-06,3.9749146
1957-03-07,5.8174133
1957-03-08,0.024437904
1957-03-09,0.0030044466
1957-03-10,0.0
1957-03-11,0.00086193904
1957-03-12,0.0012814999
1957-03-13,0.0021550804
1957-03-14,0.002577901
1957-03-15,0.004287809
1957-03-16,0.0054724514
1957-03-17,0.10633469
1957-03-18,0.094652176
1957-03-19,0.039875507
1957-03-20,0.0021122396
1957-03-21,0.10329485
1957-03-22,7.2898865
1957-03-23,6.0577393
1957-03-24,2.8457642
1957-03-25,4.9858093
1957-03-26,4.7683716
1957-03-27,1.5830994
1957-03-28,0.0021532178
1957-03-29,5.580902
1957-03-30,6.755829
1957-03-31,1.4467239
1957-04-01,6.4697266
1957-04-02,0.25439262
1957-04-03,0.00043516047
1957-04-04,0.0012982637
1957-04-05,0.00085821375
1957-04-06,0.14603138
1957-04-07,1.0576248
1957-04-08,0.00042608008
1957-04-09,0.23078918
1957-04-10,4.436493
1957-04-11,2.067566
1957-04-12,0.00042608008
1957-04-13,0.14042854
1957-04-14,0.50354004
1957-04-15,0.0017220154
1957-04-16,0.00044098124
1957-04-17,0.00085961074
1957-04-18,0.0008819625
1957-04-19,0.99658966
1957-04-20,0.3824234
1957-04-21,0.00042608008
1957-04-22,0.00022351742
1957-04-23,5.1651
1957-04-24,1.8520355
1957-04-25,0.3452301
1957-04-26,1.663208
1957-04-27,9.963989
1957-04-28,0.06812811
1957-04-29,4.8179626
1957-04-30,0.21016598
1957-05-01,1.821518
1957-05-02,0.00042608008
1957-05-03,0.09661913
1957-05-04,0.0009178184
1957-05-05,0.0017117709
1957-05-06,0.20885468
1957-05-07,1.0843277
1957-05-08,3.4313202
1957-05-09,5.874634
1957-05-10,4.283905
1957-05-11,11.260986
1957-05-12,16.281128
1957-05-13,1.7595291
1957-05-14,0.00043516047
1957-05-15,2.3002625
1957-05-16,1.124382
1957-05-17,0.10508299
1957-05-18,0.6804466
1957-05-19,1.1920929
1957-05-20,0.029087067
1957-05-21,0.0017192215
1957-05-22,0.0017164275
1957-05-23,0.049591064
1957-05-24,0.23710728
1957-05-25,0.9384155
1957-05-26,1.8606186
1957-05-27,0.33950806
1957-05-28,0.10943413
1957-05-29,0.5760193
1957-05-30,8.811951
1957-05-31,1.6727448
1957-06-01,0.29110909
1957-06-02,6.0653687
1957-06-03,6.8473816
1957-06-04,0.09417534
1957-06-05,0.0032670796
1957-06-06,9.45282
1957-06-07,1.0643005
1957-06-08,13.587952
1957-06-09,5.3749084
1957-06-10,31.433105
1957-06-11,0.24175644
1957-06-12,0.08672476
1957-06-13,0.00084610656
1957-06-14,4.2800903
1957-06-15,1.3246536
1957-06-16,6.111145
1957-06-17,0.011533499
1957-06-18,1.2311935
1957-06-19,10.299683
1957-06-20,4.0130615
1957-06-21,16.38794
1957-06-22,0.42891502
1957-06-23,5.039215
1957-06-24,1.7318726
1957-06-25,0.44083595
1957-06-26,0.0008465722
1957-06-27,0.0
1957-06-28,0.00043516047
1957-06-29,0.00084983185
1957-06-30,0.0008465722
1957-07-01,0.023499131
1957-07-02,0.00044098124
1957-07-03,0.0017220154
1957-07-04,0.00085821375
1957-07-05,0.0
1957-07-06,14.633179
1957-07-07,2.298355
1957-07-08,0.07587671
1957-07-09,0.13577938
1957-07-10,1.4543533
1957-07-11,0.9813309
1957-07-12,1.9779205
1957-07-13,0.093758106
1957-07-14,0.685215
1957-07-15,0.48041344
1957-07-16,3.8146973
1957-07-17,0.6275177
1957-07-18,4.9552917
1957-07-19,2.0580292
1957-07-20,4.2381287
1957-07-21,1.6508102
1957-07-22,1.8262863
1957-07-23,0.518322
1957-07-24,0.72717667
1957-07-25,0.009171665
1957-07-26,0.0
1957-07-27,0.7157326
1957-07-28,0.5545616
1957-07-29,0.009119511
1957-07-30,0.0
1957-07-31,0.00044098124
1957-08-01,0.00042608008
1957-08-02,0.00043516047
1957-08-03,0.00085216016
1957-08-04,0.00055413693
1957-08-05,0.13005733
1957-08-06,0.0008819625
1957-08-07,0.030264258
1957-08-08,1.0242462
1957-08-09,3.2234192
1957-08-10,0.22685528
1957-08-11,4.7798157
1957-08-12,2.002716
1957-08-13,3.6449432
1957-08-14,1.6441345
1957-08-15,9.216309
1957-08-16,0.30589104
1957-08-17,0.05313754
1957-08-18,0.87308884
1957-08-19,0.0551939
1957-08-20,0.00042608008
1957-08-21,0.15938282
1957-08-22,0.0
1957-08-23,3.955841
1957-08-24,0.6084442
1957-08-25,0.079512596
1957-08-26,0.6918907
1957-08-27,0.30946732
1957-08-28,0.94270706
1957-08-29,0.27632713
1957-08-30,0.0016335398
1957-08-31,0.00043865293
1957-09-01,0.001296401
1957-09-02,0.48327446
1957-09-03,4.764557
1957-09-04,0.057786703
1957-09-05,0.005174428
1957-09-06,0.004798174
1957-09-07,0.46777725
1957-09-08,10.955811
1957-09-09,0.027790666
1957-09-10,0.00044098124
1957-09-11,2.8266907
1957-09-12,2.8762817
1957-09-13,2.7122498
1957-09-14,5.558014
1957-09-15,1.0709763
1957-09-16,0.0012842938
1957-09-17,0.00085821375
1957-09-18,0.0
1957-09-19,0.0008046627
1957-09-20,3.40271
1957-09-21,0.039696693
1957-09-22,0.0004945323
1957-09-23,0.0029988587
1957-09-24,0.004503876
1957-09-25,1.6212463
1957-09-26,7.484436
1957-09-27,0.00042608008
1957-09-28,0.00084517524
1957-09-29,0.00043516047
1957-09-30,0.869751
1957-10-01,0.0008707866
1957-10-02,0.00044098124
1957-10-03,0.0
1957-10-04,0.0
1957-10-05,0.0047273934
1957-10-06,0.0
1957-10-07,0.0023171306
1957-10-08,0.0017108396
1957-10-09,0.11014938
1957-10-10,0.06300211
1957-10-11,0.022277236
1957-10-12,0.019058585
1957-10-13,1.7166138
1957-10-14,0.00043516047
1957-10-15,0.0012908131
1957-10-16,0.27227402
1957-10-17,0.5197525
1957-10-18,0.11140108
1957-10-19,5.672455
1957-10-20,0.25177002
1957-10-21,0.20837784
1957-10-22,1.6441345
1957-10-23,0.002546236
1957-10-24,0.0
1957-10-25,0.0052154064
1957-10-26,0.00085821375
1957-10-27,0.35071373
1957-10-28,0.015676022
1957-10-29,0.014841557
1957-10-30,0.02078712
1957-10-31,0.042259693
1957-11-01,1.6756058
1957-11-02,0.39052963
1957-11-03,0.0017164275
1957-11-04,4.6081543
1957-11-05,6.324768
1957-11-06,1.2111664
1957-11-07,1.9550323
1957-11-08,1.5544891
1957-11-09,5.9165955
1957-11-10,9.063721
1957-11-11,0.0060088933
1957-11-12,0.0
1957-11-13,0.0025648624
1957-11-14,0.0
1957-11-15,0.0008600764
1957-11-16,0.5340576
1957-11-17,0.034809113
1957-11-18,0.12278557
1957-11-19,0.00086426735
1957-11-20,0.25582314
1957-11-21,0.2425909
1957-11-22,6.580353
1957-11-23,1.66893
1957-11-24,0.0021494925
1957-11-25,0.0012898818
1957-11-26,0.0054091215
1957-11-27,0.009976327
1957-11-28,0.01296401
1957-11-29,0.0564754
1957-11-30,0.01129508
1957-12-01,0.124931335
1957-12-02,0.28181076
1957-12-03,0.0012842938
1957-12-04,0.00173226
1957-12-05,0.003054738
1957-12-06,0.13065338
1957-12-07,2.0561218
1957-12-08,2.6016235
1957-12-09,3.0841827
1957-12-10,0.36883354
1957-12-11,6.549835
1957-12-12,4.760742
1957-12-13,2.5119781
1957-12-14,2.7389526
1957-12-15,1.2950897
1957-12-16,0.0026430935
1957-12-17,0.10508299
1957-12-18,1.0538101
1957-12-19,0.3402233
1957-12-20,0.0063478947
1957-12-21,0.0034552068
1957-12-22,0.0017285347
1957-12-23,1.7080307
1957-12-24,5.748749
1957-12-25,0.35858154
1957-12-26,0.004786998
1957-12-27,0.056385994
1957-12-28,0.041931868
1957-12-29,0.029459596
1957-12-30,0.16725063
1957-12-31,0.39243698
1958-01-01,0.004686415
1958-01-02,0.14650822
1958-01-03,0.0020805746
1958-01-04,2.521515
1958-01-05,4.890442
1958-01-06,1.868248
1958-01-07,5.5999756
1958-01-08,0.02464652
1958-01-09,1.5478134
1958-01-10,12.9470825
1958-01-11,9.0789795
1958-01-12,1.581192
1958-01-13,0.0017108396
1958-01-14,0.5288124
1958-01-15,0.01475215
1958-01-16,0.002572313
1958-01-17,0.0026021153
1958-01-18,0.24628639
1958-01-19,4.6310425
1958-01-20,21.16394
1958-01-21,2.1514893
1958-01-22,5.4512024
1958-01-23,0.107467175
1958-01-24,1.9168854
1958-01-25,0.8177757
1958-01-26,3.1166077
1958-01-27,0.00043516047
1958-01-28,7.7705383
1958-01-29,20.736694
1958-01-30,0.2527237
1958-01-31,0.005967915
1958-02-01,0.0012842938
1958-02-02,0.0012842938
1958-02-03,0.004287809
1958-02-04,0.002587214
1958-02-05,0.58174133
1958-02-06,1.7900467
1958-02-07,5.3634644
1958-02-08,7.9727173
1958-02-09,0.84638596
1958-02-10,1.7557144
1958-02-11,0.45323372
1958-02-12,0.96559525
1958-02-13,0.09894371
1958-02-14,0.0020228326
1958-02-15,0.041097403
1958-02-16,0.002462417
1958-02-17,1.001358
1958-02-18,3.665924
1958-02-19,0.0017136335
1958-02-20,0.093102455
1958-02-21,1.1787415
1958-02-22,1.3360977
1958-02-23,0.61416626
1958-02-24,0.2732277
1958-02-25,6.9885254
1958-02-26,0.541687
1958-02-27,0.0062435865
1958-02-28,0.0017452985
1958-03-01,4.8828125
1958-03-02,0.017926097
1958-03-03,0.003438443
1958-03-04,0.0012898818
1958-03-05,0.00044098124
1958-03-06,0.6713867
1958-03-07,6.3705444
1958-03-08,4.322052
1958-03-09,1.2331009
1958-03-10,13.374329
1958-03-11,0.34928322
1958-03-12,2.5901794
1958-03-13,3.080368
1958-03-14,11.795044
1958-03-15,15.357971
1958-03-16,9.300232
1958-03-17,3.3435822
1958-03-18,8.918762
1958-03-19,1.9016266
1958-03-20,6.0424805
1958-03-21,0.0017108396
1958-03-22,2.7751923
1958-03-23,3.358841
1958-03-24,3.2920837
1958-03-25,7.572174
1958-03-26,1.7967224
1958-03-27,6.198883
1958-03-28,0.33712387
1958-03-29,4.180908
1958-03-30,1.0290146
1958-03-31,2.0542145
1958-04-01,11.474609
1958-04-02,4.371643
1958-04-03,10.696411
1958-04-04,3.1318665
1958-04-05,7.545471
1958-04-06,2.046585
1958-04-07,0.09000301
1958-04-08,0.6494522
1958-04-09,0.23114681
1958-04-10,0.6504059
1958-04-11,0.8058548
1958-04-12,1.329422
1958-04-13,0.00087032095
1958-04-14,4.650116
1958-04-15,1.7738342
1958-04-16,2.9582977
1958-04-17,0.033199787
1958-04-18,0.66041946
1958-04-19,0.45013428
1958-04-20,0.0012814999
1958-04-21,0.0021513551
1958-04-22,0.0
1958-04-23,0.28181076
1958-04-24,0.00085216016
1958-04-25,0.7529259
1958-04-26,0.63991547
1958-04-27,1.1844635
1958-04-28,0.8444786
1958-04-29,0.25820732
1958-04-30,0.00086054206
1958-05-01,0.0012842938
1958-05-02,0.0008046627
1958-05-03,0.011302531
1958-05-04,0.0021774322
1958-05-05,1.1644363
1958-05-06,0.46563148
1958-05-07,0.00044098124
1958-05-08,3.0498505
1958-05-09,12.916565
1958-05-10,5.8250427
1958-05-11,2.1572113
1958-05-12,3.0021667
1958-05-13,5.0354004
1958-05-14,12.878418
1958-05-15,6.23703
1958-05-16,9.841919
1958-05-17,0.0
1958-05-18,0.00085216016
1958-05-19,0.0
1958-05-20,2.9792786
1958-05-21,0.029072165
1958-05-22,0.00087032095
1958-05-23,2.2087097
1958-05-24,9.628296
1958-05-25,2.2583008
1958-05-26,0.45466423
1958-05-27,5.5122375
1958-05-28,0.002587214
1958-05-29,15.350342
1958-05-30,0.7505417
1958-05-31,1.042366
1958-06-01,1.2025833
1958-06-02,17.700195
1958-06-03,0.45490265
1958-06-04,0.08589029
1958-06-05,0.008046627
1958-06-06,1.2779236
1958-06-07,0.028043985
1958-06-08,0.00086426735
1958-06-09,1.7986298
1958-06-10,2.0999908
1958-06-11,0.48422813
1958-06-12,0.053972006
1958-06-13,0.24294853
1958-06-14,0.0012814999
1958-06-15,0.0
1958-06-16,0.28181076
1958-06-17,11.947632
1958-06-18,3.9749146
1958-06-19,0.00085821375
1958-06-20,7.8201294
1958-06-21,3.5476685
1958-06-22,0.99277496
1958-06-23,3.7345886
1958-06-24,5.0315857
1958-06-25,9.300232
1958-06-26,19.180298
1958-06-27,1.9931793
1958-06-28,0.15497208
1958-06-29,2.7770996
1958-06-30,7.209778
1958-07-01,7.5683594
1958-07-02,5.443573
1958-07-03,3.4332275
1958-07-04,1.0786057
1958-07-05,6.1416626
1958-07-06,0.26917458
1958-07-07,4.9324036
1958-07-08,1.4886856
1958-07-09,0.00044098124
1958-07-10,0.07688999
1958-07-11,0.029370189
1958-07-12,0.015512109
1958-07-13,0.31113625
1958-07-14,14.625549
1958-07-15,22.17102
1958-07-16,5.8174133
1958-07-17,0.0
1958-07-18,0.0017182902
1958-07-19,6.8893433
1958-07-20,12.702942
1958-07-21,0.06443262
1958-07-22,4.0740967
1958-07-23,0.4916191
1958-07-24,4.211426
1958-07-25,0.19443035
1958-07-26,2.1076202
1958-07-27,0.0034626573
1958-07-28,0.2373457
1958-07-29,0.9279251
1958-07-30,0.017151237
1958-07-31,0.0008549541
1958-08-01,0.06854534
1958-08-02,0.10448694
1958-08-03,0.0017108396
1958-08-04,0.00044098124
1958-08-05,0.000448199
1958-08-06,0.2503395
1958-08-07,0.12040138
1958-08-08,0.00042608008
1958-08-09,0.0016633421
1958-08-10,0.0026226044
1958-08-11,12.825012
1958-08-12,0.4298687
1958-08-13,0.1487732
1958-08-14,0.0025741756
1958-08-15,0.07998943
1958-08-16,0.49877167
1958-08-17,1.1482239
1958-08-18,22.903442
1958-08-19,2.008438
1958-08-20,0.767231
1958-08-21,9.0789795
1958-08-22,3.6640167
1958-08-23,0.42819977
1958-08-24,1.9702911
1958-08-25,0.1488924
1958-08-26,0.005237758
1958-08-27,0.00044098124
1958-08-28,0.0045225024
1958-08-29,0.87690353
1958-08-30,10.505676
1958-08-31,0.8401871
1958-09-01,0.010050833
1958-09-02,0.00087032095
1958-09-03,0.42033195
1958-09-04,0.0042915344
1958-09-05,0.49877167
1958-09-06,0.2834797
1958-09-07,0.052183867
1958-09-08,0.1116395
1958-09-09,0.0033676624
1958-09-10,0.14960766
1958-09-11,0.0025685877
1958-09-12,0.00085216016
1958-09-13,0.013142824
1958-09-14,0.001293607
1958-09-15,2.691269
1958-09-16,0.053733587
1958-09-17,0.047296286
1958-09-18,0.01424551
1958-09-19,0.0
1958-09-20,2.0561218
1958-09-21,0.6799698
1958-09-22,7.8430176
1958-09-23,0.0034626573
1958-09-24,0.00042817555
1958-09-25,0.020295382
1958-09-26,0.04771352
1958-09-27,0.00043516047
1958-09-28,0.00042491592
1958-09-29,4.928589
1958-09-30,8.682251
1958-10-01,2.128601
1958-10-02,0.99277496
1958-10-03,0.078856945
1958-10-04,4.585266
1958-10-05,0.64229965
1958-10-06,0.0021494925
1958-10-07,0.0012824312
1958-10-08,0.0017080456
1958-10-09,0.0
1958-10-10,0.118374825
1958-10-11,0.42915344
1958-10-12,1.5983582
1958-10-13,0.109136105
1958-10-14,1.7757416
1958-10-15,0.67281723
1958-10-16,0.7829666
1958-10-17,0.13196468
1958-10-18,0.027820468
1958-10-19,0.0008554198
1958-10-20,0.5402565
1958-10-21,0.21111965
1958-10-22,0.3643036
1958-10-23,0.0012982637
1958-10-24,0.00084843487
1958-10-25,0.0
1958-10-26,0.0
1958-10-27,0.00042608008
1958-10-28,0.0
1958-10-29,0.06484985
1958-10-30,4.6195984
1958-10-31,4.4288635
1958-11-01,0.010676682
1958-11-02,0.20635128
1958-11-03,2.380371
1958-11-04,0.25129318
1958-11-05,3.3111572
1958-11-06,3.8719177
1958-11-07,3.8909912
1958-11-08,10.2005005
1958-11-09,2.4719238
1958-11-10,6.4201355
1958-11-11,0.6175041
1958-11-12,0.00043516047
1958-11-13,4.951477
1958-11-14,0.020295382
1958-11-15,0.4746914
1958-11-16,0.006068498
1958-11-17,0.0012917444
1958-11-18,0.0004444737
1958-11-19,0.002561137
1958-11-20,0.0025816262
1958-11-21,0.03054738
1958-11-22,2.1018982
1958-11-23,0.34046173
1958-11-24,0.092089176
1958-11-25,0.09119511
1958-11-26,0.061631203
1958-11-27,0.072836876
1958-11-28,0.34189224
1958-11-29,0.17690659
1958-11-30,0.0059343874
1958-12-01,0.0051520765
1958-12-02,0.0017164275
1958-12-03,0.0020805746
1958-12-04,0.014409423
1958-12-05,0.0038519502
1958-12-06,0.0
1958-12-07,0.035703182
1958-12-08,0.0038668513
1958-12-09,0.052422285
1958-12-10,3.8890839
1958-12-11,14.564514
1958-12-12,10.734558
1958-12-13,15.914917
1958-12-14,5.077362
1958-12-15,4.7454834
1958-12-16,3.2348633
1958-12-17,0.108897686
1958-12-18,0.13577938
1958-12-19,2.840042
1958-12-20,0.26893616
1958-12-21,0.0017136335
1958-12-22,13.420105
1958-12-23,8.132935
1958-12-24,0.21970272
1958-12-25,0.11378527
1958-12-26,0.006839633
1958-12-27,1.9836426
1958-12-28,1.4686584
1958-12-29,0.09894371
1958-12-30,0.00086054206
1958-12-31,0.04413724
1959-01-01,0.034600496
1959-01-02,7.2898865
1959-01-03,0.85926056
1959-01-04,8.277893
1959-01-05,1.1177063
1959-01-06,8.399963
1959-01-07,8.361816
1959-01-08,11.756897
1959-01-09,0.05310774
1959-01-10,0.45466423
1959-01-11,0.002577901
1959-01-12,3.1261444
1959-01-13,1.5993118
1959-01-14,9.773254
1959-01-15,11.520386
1959-01-16,0.32639503
1959-01-17,0.001299195
1959-01-18,0.0021457672
1959-01-19,0.001299195
1959-01-20,1.2388229
1959-01-21,0.39339066
1959-01-22,2.8820038
1959-01-23,3.0326843
1959-01-24,0.009186566
1959-01-25,0.0017313287
1959-01-26,0.0
1959-01-27,0.0008591451
1959-01-28,0.0008614734
1959-01-29,0.0042952597
1959-01-30,0.015065074
1959-01-31,1.0147095
1959-02-01,0.14650822
1959-02-02,0.0005811453
1959-02-03,10.688782
1959-02-04,7.0724487
1959-02-05,0.11128187
1959-02-06,0.0021513551
1959-02-07,0.83875656
1959-02-08,0.55360794
1959-02-09,0.0012693927
1959-02-10,3.9978027
1959-02-11,0.00082235783
1959-02-12,0.0017182902
1959-02-13,0.0012861565
1959-02-14,0.0030063093
1959-02-15,0.0012889504
1959-02-16,0.00085216016
1959-02-17,0.0008554198
1959-02-18,0.0
1959-02-19,0.00043516047
1959-02-20,0.024497509
1959-02-21,0.20956993
1959-02-22,0.0013289973
1959-02-23,0.0030100346
1959-02-24,0.3824234
1959-02-25,0.23198128
1959-02-26,0.001296401
1959-02-27,0.0008614734
1959-02-28,0.0021457672
1959-03-01,0.0
1959-03-02,0.029340386
1959-03-03,9.437561
1959-03-04,6.427765
1959-03-05,0.6952286
1959-03-06,2.0885468
1959-03-07,1.8291473
1959-03-08,0.0024475157
1959-03-09,0.00085216016
1959-03-10,0.012904406
1959-03-11,4.3182373
1959-03-12,2.4490356
1959-03-13,0.24867058
1959-03-14,0.00085216016
1959-03-15,0.0017052516
1959-03-16,0.0034347177
1959-03-17,2.904892
1959-03-18,0.31518936
1959-03-19,0.08666515
1959-03-20,0.0
1959-03-21,0.21994114
1959-03-22,0.582695
1959-03-23,0.0022035092
1959-03-24,10.765076
1959-03-25,0.289917
1959-03-26,0.03954768
1959-03-27,5.619049
1959-03-28,12.367249
1959-03-29,2.199173
1959-03-30,6.0043335
1959-03-31,0.020831823
1959-04-01,0.001703389
1959-04-02,0.0021532178
1959-04-03,0.0017154962
1959-04-04,0.0017127022
1959-04-05,0.43034554
1959-04-06,0.259161
1959-04-07,1.4295578
1959-04-08,0.36096573
1959-04-09,8.583069
1959-04-10,14.007568
1959-04-11,1.0414124
1959-04-12,0.0021439046
1959-04-13,2.9802322e-05
1959-04-14,2.0008087
1959-04-15,2.368927
1959-04-16,18.89038
1959-04-17,9.025574
1959-04-18,2.2468567
1959-04-19,0.0065267086
1959-04-20,0.020354986
1959-04-21,0.00085821375
1959-04-22,0.0
1959-04-23,0.072836876
1959-04-24,0.2784729
1959-04-25,0.19264221
1959-04-26,17.181396
1959-04-27,0.9665489
1959-04-28,6.7825317
1959-04-29,11.047363
1959-04-30,3.112793
1959-05-01,0.0017164275
1959-05-02,0.5440712
1959-05-03,0.002173707
1959-05-04,0.0021513551
1959-05-05,0.003632158
1959-05-06,0.0004307367
1959-05-07,2.855301
1959-05-08,0.12683868
1959-05-09,0.01014024
1959-05-10,4.432678
1959-05-11,4.261017
1959-05-12,0.073075294
1959-05-13,1.2845993
1959-05-14,0.028759241
1959-05-15,0.0008465722
1959-05-16,0.00084843487
1959-05-17,0.1193285
1959-05-18,10.780334
1959-05-19,1.6231537
1959-05-20,2.1438599
1959-05-21,4.737854
1959-05-22,3.1967163
1959-05-23,16.906738
1959-05-24,0.7162094
1959-05-25,7.5798035
1959-05-26,0.1283884
1959-05-27,0.025987625
1959-05-28,0.0013057142
1959-05-29,0.00044098124
1959-05-30,0.0037048012
1959-05-31,0.006072223
1959-06-01,0.009953976
1959-06-02,0.00087125227
1959-06-03,0.00043516047
1959-06-04,0.0028200448
1959-06-05,2.4738312
1959-06-06,3.6506653
1959-06-07,1.3141632
1959-06-08,0.00086426735
1959-06-09,1.5106201
1959-06-10,0.012658536
1959-06-11,0.00085216016
1959-06-12,0.0021401793
1959-06-13,0.015087426
1959-06-14,0.0021532178
1959-06-15,0.0012908131
1959-06-16,0.0012870878
1959-06-17,0.9841919
1959-06-18,1.206398
1959-06-19,15.426636
1959-06-20,9.399414
1959-06-21,0.6108284
1959-06-22,0.0016940758
1959-06-23,0.0017164275
1959-06-24,0.99658966
1959-06-25,0.46658516
1959-06-26,0.23663044
1959-06-27,0.050842762
1959-06-28,2.0103455
1959-06-29,4.47464
1959-06-30,2.5520325
1959-07-01,0.0035054982
1959-07-02,0.0017108396
1959-07-03,0.00042282045
1959-07-04,0.0012628734
1959-07-05,0.001299195
1959-07-06,0.0060610473
1959-07-07,0.001270324
1959-07-08,0.0017043203
1959-07-09,0.002425164
1959-07-10,0.0062286854
1959-07-11,0.213027
1959-07-12,0.0017825514
1959-07-13,0.00044098124
1959-07-14,2.6760101
1959-07-15,0.0008591451
1959-07-16,0.00042608008
1959-07-17,0.0017257407
1959-07-18,0.0021662563
1959-07-19,0.0
1959-07-20,0.0017108396
1959-07-21,0.0
1959-07-22,0.23412704
1959-07-23,1.9550323
1959-07-24,0.40721893
1959-07-25,0.08893013
1959-07-26,0.03543496
1959-07-27,0.0
1959-07-28,0.003863126
1959-07-29,1.5974045
1959-07-30,4.3411255
1959-07-31,0.17499924
1959-08-01,0.0
1959-08-02,0.02259016
1959-08-03,0.0
1959-08-04,0.0012814999
1959-08-05,0.0
1959-08-06,0.00085821375
1959-08-07,4.322052
1959-08-08,5.680084
1959-08-09,5.1841736
1959-08-10,5.0354004
1959-08-11,7.949829
1959-08-12,0.47683716
1959-08-13,0.7829666
1959-08-14,0.15807152
1959-08-15,0.23579597
1959-08-16,0.0
1959-08-17,0.00041979365
1959-08-18,0.00043516047
1959-08-19,0.00044098124
1959-08-20,2.117157
1959-08-21,16.357422
1959-08-22,0.61273575
1959-08-23,0.20718575
1959-08-24,0.0012814999
1959-08-25,0.042319298
1959-08-26,0.4172325
1959-08-27,3.65448
1959-08-28,0.104010105
1959-08-29,5.9604645e-05
1959-08-30,0.0058561563
1959-08-31,0.00043516047
1959-09-01,1.1730194
1959-09-02,6.4048767
1959-09-03,0.54979324
1959-09-04,7.068634
1959-09-05,9.796143
1959-09-06,2.904892
1959-09-07,0.039190054
1959-09-08,0.0
1959-09-09,0.0017108396
1959-09-10,0.00085821375
1959-09-11,0.00085821375
1959-09-12,2.6760101
1959-09-13,4.7073364
1959-09-14,2.7770996
1959-09-15,0.0
1959-09-16,10.299683
1959-09-17,3.6678314
1959-09-18,0.5173683
1959-09-19,0.08106232
1959-09-20,0.053793192
1959-09-21,0.00044098124
1959-09-22,0.0
1959-09-23,0.37384033
1959-09-24,27.404785
1959-09-25,16.647339
1959-09-26,0.45657158
1959-09-27,0.001293607
1959-09-28,0.00085961074
1959-09-29,0.018775463
1959-09-30,3.9672852
1959-10-01,0.0010486692
1959-10-02,0.0012889504
1959-10-03,0.0
1959-10-04,0.00085216016
1959-10-05,0.6804466
1959-10-06,8.880615
1959-10-07,3.5552979
1959-10-08,0.0018207356
1959-10-09,0.91457367
1959-10-10,19.119263
1959-10-11,1.3208389
1959-10-12,0.012040138
1959-10-13,0.09059906
1959-10-14,0.00085821375
1959-10-15,0.00044470653
1959-10-16,0.16140938
1959-10-17,5.1078796
1959-10-18,0.008121133
1959-10-19,3.3092499
1959-10-20,0.49114227
1959-10-21,0.002577901
1959-10-22,0.5722046
1959-10-23,0.0064112246
1959-10-24,0.0008693896
1959-10-25,0.10204315
1959-10-26,0.05209446
1959-10-27,22.155762
1959-10-28,1.7652512
1959-10-29,0.003008172
1959-10-30,9.338379
1959-10-31,0.69618225
1959-11-01,0.049442053
1959-11-02,0.0
1959-11-03,0.048577785
1959-11-04,0.05415082
1959-11-05,0.48923492
1959-11-06,0.026196241
1959-11-07,0.0012926757
1959-11-08,0.0
1959-11-09,0.0012246892
1959-11-10,1.9025803
1959-11-11,18.508911
1959-11-12,6.427765
1959-11-13,2.0961761
1959-11-14,10.253906
1959-11-15,1.6946793
1959-11-16,0.002676621
1959-11-17,4.6653748
1959-11-18,1.288414
1959-11-19,3.540039
1959-11-20,0.0012796372
1959-11-21,0.027105212
1959-11-22,0.052809715
1959-11-23,0.04416704
1959-11-24,0.18572807
1959-11-25,0.04079938
1959-11-26,0.25749207
1959-11-27,11.604309
1959-11-28,0.00085821375
1959-11-29,3.4885406
1959-11-30,2.336502
1959-12-01,2.3918152
1959-12-02,0.0025797635
1959-12-03,5.1879883
1959-12-04,3.1147003
1959-12-05,1.2054443
1959-12-06,2.298355
1959-12-07,8.079529
1959-12-08,3.742218
1959-12-09,2.861023
1959-12-10,5.004883
1959-12-11,3.1223297
1959-12-12,1.0585785
1959-12-13,0.11283159
1959-12-14,0.009804964
1959-12-15,0.019043684
1959-12-16,0.47302246
1959-12-17,2.603531
1959-12-18,4.5928955
1959-12-19,0.30088425
1959-12-20,5.2719116
1959-12-21,9.002686
1959-12-22,4.749298
1959-12-23,24.871826
1959-12-24,10.139465
1959-12-25,4.22287
1959-12-26,10.025024
1959-12-27,5.0735474
1959-12-28,4.9552917
1959-12-29,2.7618408
1959-12-30,2.9468536
1959-12-31,0.00782311
1960-01-01,0.053614378
1960-01-02,5.8403015
1960-01-03,0.67424774
1960-01-04,0.8845329
1960-01-05,0.070512295
1960-01-06,0.014312565
1960-01-07,0.0021457672
1960-01-08,0.0
1960-01-09,0.0
1960-01-10,0.00087032095
1960-01-11,0.0030789524
1960-01-12,0.91362
1960-01-13,5.4626465
1960-01-14,4.3144226
1960-01-15,3.2367706
1960-01-16,0.7710457
1960-01-17,0.5226135
1960-01-18,0.021383166
1960-01-19,1.3551712
1960-01-20,1.6222
1960-01-21,0.0
1960-01-22,0.0
1960-01-23,1.7709732
1960-01-24,12.908936
1960-01-25,6.290436
1960-01-26,1.0986328
1960-01-27,9.750366
1960-01-28,2.2563934
1960-01-29,0.17750263
1960-01-30,0.0030044466
1960-01-31,0.0021494925
1960-02-01,0.29349327
1960-02-02,0.012010336
1960-02-03,2.4547577
1960-02-04,1.8062592
1960-02-05,0.048577785
1960-02-06,0.074505806
1960-02-07,0.57029724
1960-02-08,0.0005424954
1960-02-09,0.0017313287
1960-02-10,0.0013001263
1960-02-11,2.7503967
1960-02-12,5.8784485
1960-02-13,1.3570786
1960-02-14,0.3926754
1960-02-15,0.600338
1960-02-16,1.294136
1960-02-17,17.166138
1960-02-18,4.131317
1960-02-19,0.014588237
1960-02-20,0.05930662
1960-02-21,0.9126663
1960-02-22,2.6397705
1960-02-23,0.8401871
1960-02-24,2.620697
1960-02-25,0.58460236
1960-02-26,0.626564
1960-02-27,0.00085821375
1960-02-28,0.00085821375
1960-02-29,1.5335083
1960-03-01,0.16891956
1960-03-02,8.201599
1960-03-03,2.8572083
1960-03-04,0.3387928
1960-03-05,0.0
1960-03-06,0.0012842938
1960-03-07,0.042259693
1960-03-08,4.1503906
1960-03-09,4.383087
1960-03-10,5.443573
1960-03-11,0.20360947
1960-03-12,1.4877319
1960-03-13,4.070282
1960-03-14,2.5787354
1960-03-15,14.9002075
1960-03-16,1.209259
1960-03-17,2.1743774
1960-03-18,0.001293607
1960-03-19,0.0012842938
1960-03-20,0.0
1960-03-21,0.0021457672
1960-03-22,0.0012870878
1960-03-23,0.002194196
1960-03-24,0.8749962
1960-03-25,0.096321106
1960-03-26,1.9836426
1960-03-27,7.6141357
1960-03-28,2.4204254
1960-03-29,3.2463074
1960-03-30,3.9863586
1960-03-31,3.3397675
1960-04-01,0.85783005
1960-04-02,0.0012824312
1960-04-03,3.791809
1960-04-04,0.5745888
1960-04-05,0.012494624
1960-04-06,0.004671514
1960-04-07,0.00043516047
1960-04-08,0.00087032095
1960-04-09,0.002944842
1960-04-10,0.0385046
1960-04-11,5.558014
1960-04-12,0.30207634
1960-04-13,0.041276217
1960-04-14,1.3341904
1960-04-15,0.04938245
1960-04-16,3.8261414
1960-04-17,0.0017248094
1960-04-18,0.2104044
1960-04-19,0.5788803
1960-04-20,3.1776428
1960-04-21,1.3008118
1960-04-22,0.09447336
1960-04-23,0.0
1960-04-24,0.00085216016
1960-04-25,0.004339963
1960-04-26,0.00085821375
1960-04-27,0.0012889504
1960-04-28,0.0
1960-04-29,0.1937151
1960-04-30,0.0069215894
1960-05-01,0.0008479692
1960-05-02,0.0008614734
1960-05-03,0.0005243346
1960-05-04,0.00042608008
1960-05-05,0.00085821375
1960-05-06,0.0
1960-05-07,0.00043516047
1960-05-08,0.00042608008
1960-05-09,0.58555603
1960-05-10,0.92983246
1960-05-11,5.0354004
1960-05-12,0.32138824
1960-05-13,0.62704086
1960-05-14,6.7825317
1960-05-15,2.8324127
1960-05-16,1.701355
1960-05-17,0.77438354
1960-05-18,19.302368
1960-05-19,7.3165894
1960-05-20,2.6760101
1960-05-21,4.2533875
1960-05-22,0.6971359
1960-05-23,4.749298
1960-05-24,0.11074543
1960-05-25,0.66041946
1960-05-26,0.00043516047
1960-05-27,0.0025816262
1960-05-28,0.00086426735
1960-05-29,0.00043516047
1960-05-30,0.00085216016
1960-05-31,0.00085216016
1960-06-01,0.00042608008
1960-06-02,0.001293607
1960-06-03,0.0013010576
1960-06-04,1.2331009
1960-06-05,15.060425
1960-06-06,22.720337
1960-06-07,0.0
1960-06-08,0.0
1960-06-09,0.06443262
1960-06-10,1.2102127
1960-06-11,0.75006485
1960-06-12,0.0055395067
1960-06-13,2.1038055
1960-06-14,0.044733286
1960-06-15,0.0021383166
1960-06-16,0.00044098124
1960-06-17,0.001299195
1960-06-18,0.00087032095
1960-06-19,0.0021401793
1960-06-20,0.0018291175
1960-06-21,0.0012880191
1960-06-22,0.002156943
1960-06-23,21.408081
1960-06-24,4.207611
1960-06-25,1.156807
1960-06-26,6.3591003
1960-06-27,0.62799454
1960-06-28,0.0025741756
1960-06-29,0.0320673
1960-06-30,0.0030100346
1960-07-01,0.19621849
1960-07-02,1.9779205
1960-07-03,0.0017117709
1960-07-04,0.0034291297
1960-07-05,0.2875328
1960-07-06,0.69761276
1960-07-07,2.1133423
1960-07-08,4.0512085
1960-07-09,1.1692047
1960-07-10,0.32639503
1960-07-11,4.245758
1960-07-12,0.56266785
1960-07-13,0.00086426735
1960-07-14,0.0030416995
1960-07-15,0.3669262
1960-07-16,0.00086613
1960-07-17,0.002849847
1960-07-18,0.364542
1960-07-19,3.2405853
1960-07-20,0.63610077
1960-07-21,0.50640106
1960-07-22,0.5326271
1960-07-23,0.9622574
1960-07-24,2.7542114
1960-07-25,0.056892633
1960-07-26,0.0017043203
1960-07-27,0.00436604
1960-07-28,0.0
1960-07-29,5.3596497
1960-07-30,3.118515
1960-07-31,6.1912537
1960-08-01,0.8201599
1960-08-02,0.22315979
1960-08-03,0.0012610108
1960-08-04,9.513855
1960-08-05,1.2598038
1960-08-06,0.009745359
1960-08-07,6.5994263
1960-08-08,6.008148
1960-08-09,0.48089027
1960-08-10,0.0028423965
1960-08-11,1.3914108
1960-08-12,1.21212
1960-08-13,4.9057007
1960-08-14,0.39434433
1960-08-15,0.32663345
1960-08-16,0.998497
1960-08-17,6.67572
1960-08-18,12.748718
1960-08-19,3.8471222
1960-08-20,0.30350685
1960-08-21,0.0
1960-08-22,0.0012777746
1960-08-23,0.0017276034
1960-08-24,0.005785376
1960-08-25,7.7781677
1960-08-26,8.377075
1960-08-27,6.2332153
1960-08-28,2.450943
1960-08-29,0.18835068
1960-08-30,0.39553642
1960-08-31,0.15306473
1960-09-01,0.20349026
1960-09-02,0.0
1960-09-03,0.00085821375
1960-09-04,2.7046204
1960-09-05,0.5054474
1960-09-06,0.22172928
1960-09-07,8.079529
1960-09-08,0.017538667
1960-09-09,0.00085216016
1960-09-10,0.00085216016
1960-09-11,0.0017229468
1960-09-12,0.049084425
1960-09-13,0.041246414
1960-09-14,0.46110153
1960-09-15,20.27893
1960-09-16,6.187439
1960-09-17,4.0512085
1960-09-18,8.346558
1960-09-19,5.207062
1960-09-20,1.3494492
1960-09-21,0.09393692
1960-09-22,0.0008530915
1960-09-23,0.002566725
1960-09-24,0.00086054206
1960-09-25,0.00087032095
1960-09-26,13.267517
1960-09-27,2.0065308
1960-09-28,1.4677048
1960-09-29,0.20432472
1960-09-30,8.102417
1960-10-01,0.0
1960-10-02,0.5044937
1960-10-03,35.55298
1960-10-04,2.8591156
1960-10-05,7.217407
1960-10-06,3.6449432
1960-10-07,2.2792816
1960-10-08,9.468079
1960-10-09,8.476257
1960-10-10,6.416321
1960-10-11,1.4829636
1960-10-12,1.6641617
1960-10-13,0.00085216016
1960-10-14,0.0017182902
1960-10-15,1.115799
1960-10-16,0.06842613
1960-10-17,0.007174909
1960-10-18,0.00085216016
1960-10-19,1.2769699
1960-10-20,4.6463013
1960-10-21,5.718231
1960-10-22,9.063721
1960-10-23,1.3904572
1960-10-24,0.09226799
1960-10-25,3.4809113
1960-10-26,1.5106201
1960-10-27,0.8773804
1960-10-28,11.451721
1960-10-29,5.924225
1960-10-30,1.1835098
1960-10-31,2.3612976
1960-11-01,1.6222
1960-11-02,0.29420853
1960-11-03,0.0017192215
1960-11-04,7.8964233
1960-11-05,0.9264946
1960-11-06,3.5800934
1960-11-07,0.15056133
1960-11-08,0.0008624047
1960-11-09,2.0751953
1960-11-10,6.6947937
1960-11-11,3.3607483
1960-11-12,1.4982224
1960-11-13,1.8005371
1960-11-14,0.7686615
1960-11-15,2.9945374
1960-11-16,3.9596558
1960-11-17,5.4130554
1960-11-18,9.033203
1960-11-19,6.1683655
1960-11-20,0.50354004
1960-11-21,6.9999695
1960-11-22,1.5611649
1960-11-23,0.6480217
1960-11-24,2.5024414
1960-11-25,1.3790131
1960-11-26,1.0280609
1960-11-27,5.2719116
1960-11-28,2.5138855
1960-11-29,0.0060349703
1960-11-30,0.0
1960-12-01,0.00043516047
1960-12-02,1.7652512
1960-12-03,0.02142787
1960-12-04,0.0012870878
1960-12-05,21.377563
1960-12-06,3.1661987
1960-12-07,0.005096197
1960-12-08,0.00042608008
1960-12-09,0.00043516047
1960-12-10,11.108398
1960-12-11,0.054866076
1960-12-12,0.060737133
1960-12-13,0.00043516047
1960-12-14,0.08171797
1960-12-15,0.9441376
1960-12-16,0.003349036
1960-12-17,0.11771917
1960-12-18,0.3824234
1960-12-19,4.047394
1960-12-20,3.1166077
1960-12-21,1.6860962
1960-12-22,0.3516674
1960-12-23,0.006031245
1960-12-24,0.19443035
1960-12-25,0.01719594
1960-12-26,6.511688
1960-12-27,6.629944
1960-12-28,6.1187744
1960-12-29,1.3885498
1960-12-30,8.850098
1960-12-31,10.314941
1961-01-01,1.8825531
1961-01-02,5.98526
1961-01-03,9.284973
1961-01-04,3.9100647
1961-01-05,0.006482005
1961-01-06,11.520386
1961-01-07,6.122589
1961-01-08,4.1618347
1961-01-09,0.47254562
1961-01-10,13.763428
1961-01-11,0.35858154
1961-01-12,0.0023487955
1961-01-13,0.0017145649
1961-01-14,0.0029634684
1961-01-15,0.0017257407
1961-01-16,0.14793873
1961-01-17,0.00020861626
1961-01-18,0.0
1961-01-19,0.5431175
1961-01-20,0.30708313
1961-01-21,0.05468726
1961-01-22,0.32234192
1961-01-23,0.24175644
1961-01-24,6.5612793
1961-01-25,7.6522827
1961-01-26,0.01552701
1961-01-27,0.0018179417
1961-01-28,3.5533905
1961-01-29,0.018492341
1961-01-30,0.21398067
1961-01-31,8.079529
1961-02-01,9.20105
1961-02-02,6.843567
1961-02-03,11.474609
1961-02-04,0.6632805
1961-02-05,3.063202
1961-02-06,0.19407272
1961-02-07,1.0147095
1961-02-08,0.8749962
1961-02-09,0.70667267
1961-02-10,0.038146973
1961-02-11,0.11962652
1961-02-12,0.06854534
1961-02-13,0.0
1961-02-14,0.00085821375
1961-02-15,0.0012814999
1961-02-16,0.0017248094
1961-02-17,0.0017164275
1961-02-18,0.0
1961-02-19,0.004284084
1961-02-20,0.023707747
1961-02-21,0.007674098
1961-02-22,0.012136996
1961-02-23,0.3759861
1961-02-24,0.0021513551
1961-02-25,2.5405884
1961-02-26,0.003002584
1961-02-27,0.00085821375
1961-02-28,3.7593842
1961-03-01,0.16856194
1961-03-02,0.000864733
1961-03-03,0.001703389
1961-03-04,0.0021457672
1961-03-05,0.0
1961-03-06,0.0
1961-03-07,0.0008707866
1961-03-08,0.00086426735
1961-03-09,0.023424625
1961-03-10,0.007342547
1961-03-11,0.0
1961-03-12,0.00087032095
1961-03-13,0.0
1961-03-14,0.0
1961-03-15,0.0012842938
1961-03-16,0.00043516047
1961-03-17,0.0021476299
1961-03-18,0.035136938
1961-03-19,0.007547438
1961-03-20,0.0017462298
1961-03-21,0.0
1961-03-22,0.0017136335
1961-03-23,0.00085821375
1961-03-24,0.0008610077
1961-03-25,0.0017071143
1961-03-26,0.0012759119
1961-03-27,0.0042915344
1961-03-28,0.0009117648
1961-03-29,0.00085216016
1961-03-30,0.0021494925
1961-03-31,0.18167496
1961-04-01,0.02618134
1961-04-02,0.19836426
1961-04-03,0.043809414
1961-04-04,0.013448298
1961-04-05,1.4839172
1961-04-06,8.682251
1961-04-07,5.2490234
1961-04-08,0.0005811453
1961-04-09,1.7251968
1961-04-10,2.254486
1961-04-11,4.2915344
1961-04-12,0.00086659566
1961-04-13,3.7193298
1961-04-14,7.2135925
1961-04-15,0.4374981
1961-04-16,5.0239563
1961-04-17,6.702423
1961-04-18,0.00085216016
1961-04-19,0.13923645
1961-04-20,0.20194054
1961-04-21,6.3819885
1961-04-22,7.5035095
1961-04-23,5.268097
1961-04-24,1.5335083
1961-04-25,8.979797
1961-04-26,1.8997192
1961-04-27,0.0032819808
1961-04-28,10.33783
1961-04-29,1.8730164
1961-04-30,1.8072128
1961-05-01,0.11575222
1961-05-02,2.878189
1961-05-03,2.4051666
1961-05-04,2.374649
1961-05-05,2.7427673
1961-05-06,0.7596016
1961-05-07,0.060111284
1961-05-08,0.00085821375
1961-05-09,0.0012908131
1961-05-10,0.00042608008
1961-05-11,0.0012908131
1961-05-12,0.00042957254
1961-05-13,0.00063190237
1961-05-14,0.0
1961-05-15,0.01630187
1961-05-16,10.1623535
1961-05-17,0.68330765
1961-05-18,0.6709099
1961-05-19,0.00084005296
1961-05-20,0.00086426735
1961-05-21,0.00044098124
1961-05-22,0.0012814999
1961-05-23,0.00044098124
1961-05-24,3.8871765
1961-05-25,9.025574
1961-05-26,4.2495728
1961-05-27,0.29563904
1961-05-28,0.00043516047
1961-05-29,0.001703389
1961-05-30,8.422852
1961-05-31,9.796143
1961-06-01,5.268097
1961-06-02,2.3002625
1961-06-03,0.42176247
1961-06-04,0.07146597
1961-06-05,8.56781
1961-06-06,1.1539459
1961-06-07,0.043421984
1961-06-08,0.37026405
1961-06-09,0.46992302
1961-06-10,0.3759861
1961-06-11,0.14913082
1961-06-12,0.32663345
1961-06-13,2.0198822
1961-06-14,0.019609928
1961-06-15,0.00043516047
1961-06-16,0.002587214
1961-06-17,0.0008684583
1961-06-18,0.00086426735
1961-06-19,0.0021401793
1961-06-20,0.0
1961-06-21,0.0017117709
1961-06-22,0.0017257407
1961-06-23,0.0012889504
1961-06-24,0.33974648
1961-06-25,1.2216568
1961-06-26,1.0786057
1961-06-27,1.6012192
1961-06-28,0.03424287
1961-06-29,0.00043516047
1961-06-30,0.00173226
1961-07-01,0.00085821375
1961-07-02,0.37956238
1961-07-03,0.07492304
1961-07-04,0.22542477
1961-07-05,0.00085821375
1961-07-06,0.00085821375
1961-07-07,0.0
1961-07-08,0.00044098124
1961-07-09,0.0
1961-07-10,0.00087032095
1961-07-11,0.21839142
1961-07-12,3.2806396
1961-07-13,2.0523071
1961-07-14,2.7198792
1961-07-15,0.5607605
1961-07-16,1.1911392
1961-07-17,4.6424866
1961-07-18,0.54216385
1961-07-19,3.0555725
1961-07-20,1.1854172
1961-07-21,2.506256
1961-07-22,0.15127659
1961-07-23,5.279541
1961-07-24,0.15497208
1961-07-25,0.0
1961-07-26,0.0
1961-07-27,2.210617
1961-07-28,1.7356873
1961-07-29,0.013791025
1961-07-30,0.0
1961-07-31,0.24402142
1961-08-01,5.836487
1961-08-02,0.0
1961-08-03,0.0
1961-08-04,0.00042980537
1961-08-05,0.00042608008
1961-08-06,2.9802322e-05
1961-08-07,3.5037994
1961-08-08,4.375458
1961-08-09,21.68274
1961-08-10,1.5792847
1961-08-11,1.9207001
1961-08-12,0.029921532
1961-08-13,0.001299195
1961-08-14,0.07891655
1961-08-15,0.35524368
1961-08-16,0.9460449
1961-08-17,0.48923492
1961-08-18,0.0
1961-08-19,1.1291504
1961-08-20,0.20086765
1961-08-21,0.0012814999
1961-08-22,0.082194805
1961-08-23,0.033140182
1961-08-24,0.00086426735
1961-08-25,0.0012749806
1961-08-26,0.00043516047
1961-08-27,0.002577901
1961-08-28,0.0012889504
1961-08-29,0.00044098124
1961-08-30,0.21004677
1961-08-31,0.016719103
1961-09-01,0.0017182902
1961-09-02,0.31471252
1961-09-03,0.73575974
1961-09-04,6.6108704
1961-09-05,0.029057264
1961-09-06,0.228405
1961-09-07,0.6351471
1961-09-08,0.55742264
1961-09-09,0.0
1961-09-10,0.0016968697
1961-09-11,0.00020861626
1961-09-12,0.0021401793
1961-09-13,0.0
1961-09-14,0.0017108396
1961-09-15,0.0012777746
1961-09-16,0.0
1961-09-17,0.0012814999
1961-09-18,0.0012880191
1961-09-19,3.1471252
1961-09-20,3.9367676
1961-09-21,0.0008670613
1961-09-22,0.00043516047
1961-09-23,0.2593994
1961-09-24,0.0114142895
1961-09-25,0.0008554198
1961-09-26,0.00043516047
1961-09-27,0.29325485
1961-09-28,2.1648407
1961-09-29,4.1275024
1961-09-30,7.0343018
1961-10-01,0.80251694
1961-10-02,0.005733222
1961-10-03,0.0012917444
1961-10-04,0.0052936375
1961-10-05,10.772705
1961-10-06,6.8511963
1961-10-07,5.393982
1961-10-08,9.19342
1961-10-09,0.0055916607
1961-10-10,0.0017220154
1961-10-11,0.00042608008
1961-10-12,0.00087032095
1961-10-13,0.0025685877
1961-10-14,0.0018849969
1961-10-15,0.00085728243
1961-10-16,0.02194941
1961-10-17,2.4528503
1961-10-18,4.508972
1961-10-19,0.5531311
1961-10-20,6.385803
1961-10-21,5.645752
1961-10-22,0.44369698
1961-10-23,1.5907288
1961-10-24,1.5649796
1961-10-25,6.641388
1961-10-26,1.3580322
1961-10-27,0.7801056
1961-10-28,0.25773048
1961-10-29,0.102341175
1961-10-30,0.0012842938
1961-10-31,0.00043516047
1961-11-01,0.00044098124
1961-11-02,0.0108629465
1961-11-03,0.83589554
1961-11-04,0.0059753656
1961-11-05,0.0017182902
1961-11-06,0.0
1961-11-07,0.003863126
1961-11-08,5.405426
1961-11-09,17.684937
1961-11-10,9.315491
1961-11-11,28.533936
1961-11-12,9.727478
1961-11-13,6.187439
1961-11-14,4.4555664
1961-11-15,2.1572113
1961-11-16,0.0021588057
1961-11-17,0.00086193904
1961-11-18,0.0017248094
1961-11-19,0.01244992
1961-11-20,0.72288513
1961-11-21,2.7923584
1961-11-22,4.108429
1961-11-23,0.27108192
1961-11-24,0.35071373
1961-11-25,0.90026855
1961-11-26,4.7187805
1961-11-27,1.3666153
1961-11-28,0.0034254044
1961-11-29,1.3504028
1961-11-30,0.075399876
1961-12-01,0.24962425
1961-12-02,10.772705
1961-12-03,13.084412
1961-12-04,0.0017108396
1961-12-05,7.133484
1961-12-06,3.2176971
1961-12-07,0.023409724
1961-12-08,5.065918
1961-12-09,7.106781
1961-12-10,7.160187
1961-12-11,0.8840561
1961-12-12,0.0008554198
1961-12-13,0.028431416
1961-12-14,0.38576126
1961-12-15,0.00043516047
1961-12-16,0.0
1961-12-17,0.00085821375
1961-12-18,0.0
1961-12-19,0.0008600764
1961-12-20,0.00043516047
1961-12-21,0.0012908131
1961-12-22,4.4403076
1961-12-23,6.74057
1961-12-24,5.886078
1961-12-25,6.4353943
1961-12-26,0.62561035
1961-12-27,0.0012908131
1961-12-28,0.23019314
1961-12-29,0.29349327
1961-12-30,7.8811646
1961-12-31,2.5634766
1962-01-01,22.705078
1962-01-02,7.8582764
1962-01-03,6.1454773
1962-01-04,0.114023685
1962-01-05,0.0078082085
1962-01-06,0.14865398
1962-01-07,0.00949204
1962-01-08,0.0073313713
1962-01-09,5.0621033
1962-01-10,3.3454895
1962-01-11,6.500244
1962-01-12,8.049011
1962-01-13,29.418945
1962-01-14,1.5172958
1962-01-15,0.08535385
1962-01-16,0.0017192215
1962-01-17,0.054985285
1962-01-18,2.2888184
1962-01-19,0.06830692
1962-01-20,0.40364265
1962-01-21,0.00086426735
1962-01-22,2.5844574
1962-01-23,0.9074211
1962-01-24,0.06633997
1962-01-25,2.5901794
1962-01-26,1.5563965
1962-01-27,0.08648634
1962-01-28,0.009953976
1962-01-29,0.0017127022
1962-01-30,0.00086613
1962-01-31,0.0017117709
1962-02-01,4.6577454
1962-02-02,0.7405281
1962-02-03,2.2335052
1962-02-04,0.6518364
1962-02-05,0.46253204
1962-02-06,1.5420914
1962-02-07,2.943039
1962-02-08,2.040863
1962-02-09,0.0021439046
1962-02-10,0.0025946647
1962-02-11,0.023648143
1962-02-12,0.4222393
1962-02-13,3.578186
1962-02-14,0.1655817
1962-02-15,0.0030044466
1962-02-16,0.21362305
1962-02-17,0.17893314
1962-02-18,0.002577901
1962-02-19,0.003427267
1962-02-20,0.001706183
1962-02-21,0.00083772466
1962-02-22,0.0012814999
1962-02-23,0.18370152
1962-02-24,0.37026405
1962-02-25,1.3427734
1962-02-26,6.450653
1962-02-27,3.6830902
1962-02-28,1.8577576
1962-03-01,0.65660477
1962-03-02,0.43797493
1962-03-03,7.2135925
1962-03-04,4.79126
1962-03-05,0.582695
1962-03-06,0.0017229468
1962-03-07,1.203537
1962-03-08,6.6184998
1962-03-09,11.5737915
1962-03-10,5.771637
1962-03-11,0.06109476
1962-03-12,0.0062845647
1962-03-13,0.0021699816
1962-03-14,0.00043516047
1962-03-15,0.00044098124
1962-03-16,0.00202097
1962-03-17,0.00043516047
1962-03-18,0.0
1962-03-19,0.00047078356
1962-03-20,0.00044098124
1962-03-21,0.0008614734
1962-03-22,0.0021401793
1962-03-23,0.00085216016
1962-03-24,0.0070668757
1962-03-25,0.00044098124
1962-03-26,2.4642944
1962-03-27,11.810303
1962-03-28,4.0359497
1962-03-29,7.1983337
1962-03-30,17.593384
1962-03-31,12.107849
1962-04-01,3.5877228
1962-04-02,0.019162893
1962-04-03,5.619049
1962-04-04,12.649536
1962-04-05,7.6828003
1962-04-06,1.5420914
1962-04-07,0.00042608008
1962-04-08,1.3942719
1962-04-09,2.046585
1962-04-10,3.7002563
1962-04-11,5.9661865
1962-04-12,0.46491623
1962-04-13,0.22315979
1962-04-14,0.0
1962-04-15,0.085651875
1962-04-16,4.634857
1962-04-17,9.727478
1962-04-18,9.033203
1962-04-19,0.15258789
1962-04-20,0.11020899
1962-04-21,0.030323863
1962-04-22,1.1539459
1962-04-23,1.9054413
1962-04-24,0.5478859
1962-04-25,0.0
1962-04-26,0.0021457672
1962-04-27,0.050991774
1962-04-28,0.00085681677
1962-04-29,0.0030063093
1962-04-30,0.0012814999
1962-05-01,0.00043516047
1962-05-02,6.4849854
1962-05-03,1.376152
1962-05-04,11.329651
1962-05-05,0.4117489
1962-05-06,0.0
1962-05-07,0.060230494
1962-05-08,32.928467
1962-05-09,14.556885
1962-05-10,0.8559227
1962-05-11,9.407043
1962-05-12,6.286621
1962-05-13,0.46300888
1962-05-14,0.04249811
1962-05-15,0.5159378
1962-05-16,0.9393692
1962-05-17,0.13589859
1962-05-18,5.5999756
1962-05-19,2.4547577
1962-05-20,0.6723404
1962-05-21,0.3607273
1962-05-22,0.5002022
1962-05-23,0.7610321
1962-05-24,0.2322197
1962-05-25,0.5760193
1962-05-26,0.00044098124
1962-05-27,0.00042608008
1962-05-28,0.0
1962-05-29,0.00022351742
1962-05-30,0.05185604
1962-05-31,18.90564
1962-06-01,11.901855
1962-06-02,0.0047050416
1962-06-03,0.0008554198
1962-06-04,0.0
1962-06-05,0.00085588545
1962-06-06,0.00085821375
1962-06-07,0.0008842908
1962-06-08,0.0017136335
1962-06-09,0.00513345
1962-06-10,0.93746185
1962-06-11,0.0017220154
1962-06-12,0.0012814999
1962-06-13,1.5354156
1962-06-14,1.7910004
1962-06-15,1.21212
1962-06-16,0.064611435
1962-06-17,0.93078613
1962-06-18,1.5544891
1962-06-19,0.18715858
1962-06-20,0.0017099082
1962-06-21,0.0012814999
1962-06-22,0.0
1962-06-23,0.00043516047
1962-06-24,0.28681755
1962-06-25,1.5182495
1962-06-26,0.0
1962-06-27,0.0025685877
1962-06-28,0.0008554198
1962-06-29,0.0008554198
1962-06-30,0.05686283
1962-07-01,0.00043516047
1962-07-02,0.0017127022
1962-07-03,0.0017229468
1962-07-04,0.9918213
1962-07-05,0.42891502
1962-07-06,0.0012973323
1962-07-07,1.0843277
1962-07-08,2.8209686
1962-07-09,0.026360154
1962-07-10,1.0166168
1962-07-11,0.07301569
1962-07-12,0.00526011
1962-07-13,0.0
1962-07-14,0.33450127
1962-07-15,1.0137558
1962-07-16,1.045227
1962-07-17,0.27561188
1962-07-18,3.1528473
1962-07-19,0.83732605
1962-07-20,17.059326
1962-07-21,11.314392
1962-07-22,0.0052154064
1962-07-23,0.00085216016
1962-07-24,0.00044098124
1962-07-25,0.45347214
1962-07-26,1.6508102
1962-07-27,1.5592575
1962-07-28,0.0016940758
1962-07-29,0.0
1962-07-30,0.0
1962-07-31,0.00041653402
1962-08-01,0.0017257407
1962-08-02,26.519775
1962-08-03,0.24986267
1962-08-04,0.00043516047
1962-08-05,0.06055832
1962-08-06,0.60892105
1962-08-07,1.4038086
1962-08-08,0.35977364
1962-08-09,0.0
1962-08-10,0.00043516047
1962-08-11,0.00043516047
1962-08-12,0.0030212104
1962-08-13,0.0008600764
1962-08-14,0.08606911
1962-08-15,0.3194809
1962-08-16,0.02065301
1962-08-17,0.21290779
1962-08-18,0.7123947
1962-08-19,0.0012973323
1962-08-20,0.0017164275
1962-08-21,0.2272129
1962-08-22,0.0013140962
1962-08-23,0.0073798
1962-08-24,0.0
1962-08-25,0.22518635
1962-08-26,0.0060647726
1962-08-27,0.017225742
1962-08-28,0.0012908131
1962-08-29,0.0029988587
1962-08-30,0.0008456409
1962-08-31,0.0017229468
1962-09-01,0.00085821375
1962-09-02,0.0
1962-09-03,5.783081
1962-09-04,7.3013306
1962-09-05,0.57697296
1962-09-06,0.00043516047
1962-09-07,1.7623901
1962-09-08,0.1540184
1962-09-09,0.00044098124
1962-09-10,0.29182434
1962-09-11,0.042885542
1962-09-12,0.0
1962-09-13,0.002142042
1962-09-14,0.0017192215
1962-09-15,1.540184
1962-09-16,5.622864
1962-09-17,0.07343292
1962-09-18,0.35619736
1962-09-19,0.0
1962-09-20,0.0017108396
1962-09-21,0.00043516047
1962-09-22,0.00042608008
1962-09-23,0.0
1962-09-24,0.0
1962-09-25,14.709473
1962-09-26,11.199951
1962-09-27,1.0290146
1962-09-28,4.386902
1962-09-29,3.7193298
1962-09-30,0.00043516047
1962-10-01,0.14865398
1962-10-02,2.1018982
1962-10-03,14.221191
1962-10-04,0.025182962
1962-10-05,0.0008777715
1962-10-06,0.0
1962-10-07,0.001293607
1962-10-08,0.0043064356
1962-10-09,0.13363361
1962-10-10,0.0017043203
1962-10-11,4.3563843
1962-10-12,9.307861
1962-10-13,4.436493
1962-10-14,0.21374226
1962-10-15,0.038206577
1962-10-16,0.018492341
1962-10-17,0.002577901
1962-10-18,0.0030882657
1962-10-19,0.0008530915
1962-10-20,0.0012777746
1962-10-21,0.0012796372
1962-10-22,0.0012814999
1962-10-23,0.0
1962-10-24,0.001299195
1962-10-25,0.0012759119
1962-10-26,4.055023
1962-10-27,2.6855469
1962-10-28,1.5163422
1962-10-29,0.003632158
1962-10-30,2.6931763
1962-10-31,4.7950745
1962-11-01,0.3168583
1962-11-02,0.25463104
1962-11-03,2.1362305
1962-11-04,5.630493
1962-11-05,15.686035
1962-11-06,0.11110306
1962-11-07,16.220093
1962-11-08,5.256653
1962-11-09,0.5245209
1962-11-10,0.019192696
1962-11-11,0.15115738
1962-11-12,0.6017685
1962-11-13,0.25868416
1962-11-14,0.00043516047
1962-11-15,0.5502701
1962-11-16,0.8225441
1962-11-17,10.482788
1962-11-18,4.34494
1962-11-19,0.56409836
1962-11-20,0.34880638
1962-11-21,10.818481
1962-11-22,0.038832426
1962-11-23,0.080406666
1962-11-24,0.3182888
1962-11-25,0.00085216016
1962-11-26,0.00085821375
1962-11-27,0.0017108396
1962-11-28,0.00042608008
1962-11-29,0.0004232861
1962-11-30,0.00042608008
1962-12-01,0.00042608008
1962-12-02,0.00086426735
1962-12-03,0.00044098124
1962-12-04,0.013872981
1962-12-05,0.0
1962-12-06,0.0012870878
1962-12-07,0.0
1962-12-08,0.0017285347
1962-12-09,3.0574799
1962-12-10,1.3532639
1962-12-11,1.8520355
1962-12-12,8.529663
1962-12-13,0.99658966
1962-12-14,0.012785196
1962-12-15,5.466461
1962-12-16,3.7345886
1962-12-17,4.989624
1962-12-18,2.4471283
1962-12-19,1.6822815
1962-12-20,0.5583763
1962-12-21,4.1885376
1962-12-22,0.013016164
1962-12-23,0.00053923577
1962-12-24,0.108897686
1962-12-25,0.0012870878
1962-12-26,0.0016121194
1962-12-27,0.00032782555
1962-12-28,2.620697
1962-12-29,1.0309219
1962-12-30,1.8043518
1962-12-31,6.6375732
1963-01-01,2.8934479
1963-01-02,10.83374
1963-01-03,6.5460205
1963-01-04,2.105713
1963-01-05,5.428314
1963-01-06,4.550934
1963-01-07,7.080078
1963-01-08,1.0251999
1963-01-09,1.9159317
1963-01-10,0.57029724
1963-01-11,0.014141202
1963-01-12,0.0021401793
1963-01-13,0.001299195
1963-01-14,0.00043516047
1963-01-15,0.00042608008
1963-01-16,0.00086659566
1963-01-17,0.0075772405
1963-01-18,2.254486
1963-01-19,2.7866364
1963-01-20,0.5393028
1963-01-21,0.8664131
1963-01-22,0.015839934
1963-01-23,0.0
1963-01-24,0.002572313
1963-01-25,0.00084983185
1963-01-26,0.00086426735
1963-01-27,0.0015078112
1963-01-28,0.0
1963-01-29,0.24104118
1963-01-30,0.06568432
1963-01-31,0.0012814999
1963-02-01,0.0021383166
1963-02-02,0.15473366
1963-02-03,0.0019390136
1963-02-04,0.0011269003
1963-02-05,0.00043516047
1963-02-06,0.001293607
1963-02-07,4.97818
1963-02-08,0.019028783
1963-02-09,2.9659271
1963-02-10,6.603241
1963-02-11,3.452301
1963-02-12,3.5762787
1963-02-13,0.00043516047
1963-02-14,4.535675
1963-02-15,4.180908
1963-02-16,3.7765503
1963-02-17,1.8644333
1963-02-18,13.290405
1963-02-19,5.142212
1963-02-20,6.9465637
1963-02-21,0.004030764
1963-02-22,0.008836389
1963-02-23,0.0021383166
1963-02-24,0.001293607
1963-02-25,0.0017285347
1963-02-26,0.00043516047
1963-02-27,0.00085216016
1963-02-28,0.0008554198
1963-03-01,0.00043516047
1963-03-02,0.0012246892
1963-03-03,1.9798279
1963-03-04,0.6670952
1963-03-05,0.108242035
1963-03-06,0.0
1963-03-07,0.0021439046
1963-03-08,0.25486946
1963-03-09,5.596161
1963-03-10,9.307861
1963-03-11,4.776001
1963-03-12,4.7302246
1963-03-13,1.7089844
1963-03-14,0.031352043
1963-03-15,0.043660402
1963-03-16,2.7065277
1963-03-17,10.704041
1963-03-18,4.386902
1963-03-19,15.670776
1963-03-20,7.6560974
1963-03-21,1.7814636
1963-03-22,8.102417
1963-03-23,0.0027231872
1963-03-24,0.0017192215
1963-03-25,0.0
1963-03-26,2.6569366
1963-03-27,4.2800903
1963-03-28,3.0708313
1963-03-29,7.4005127
1963-03-30,10.757446
1963-03-31,1.5611649
1963-04-01,0.00085588545
1963-04-02,0.00043516047
1963-04-03,0.0012814999
1963-04-04,1.666069
1963-04-05,3.2176971
1963-04-06,1.0719299
1963-04-07,0.0021457672
1963-04-08,0.27227402
1963-04-09,8.979797
1963-04-10,1.8510818
1963-04-11,1.8405914
1963-04-12,1.7700195
1963-04-13,0.040233135
1963-04-14,0.00043516047
1963-04-15,0.0013522804
1963-04-16,2.9067993
1963-04-17,3.0727386
1963-04-18,6.2713623
1963-04-19,3.6182404
1963-04-20,2.0656586
1963-04-21,0.06186962
1963-04-22,1.7347336
1963-04-23,7.255554
1963-04-24,0.94127655
1963-04-25,0.7081032
1963-04-26,0.29444695
1963-04-27,0.1116395
1963-04-28,0.0
1963-04-29,0.00043516047
1963-04-30,0.009216368
1963-05-01,0.18370152
1963-05-02,4.524231
1963-05-03,0.4606247
1963-05-04,0.007212162
1963-05-05,0.016912818
1963-05-06,0.008687377
1963-05-07,0.006545335
1963-05-08,1.5220642
1963-05-09,0.56409836
1963-05-10,1.9817352
1963-05-11,0.43082237
1963-05-12,0.0012814999
1963-05-13,0.21648407
1963-05-14,0.47039986
1963-05-15,2.5100708
1963-05-16,0.0
1963-05-17,0.0017164275
1963-05-18,0.14531612
1963-05-19,0.7581711
1963-05-20,0.016063452
1963-05-21,2.5310516
1963-05-22,16.525269
1963-05-23,3.238678
1963-05-24,0.12874603
1963-05-25,0.0
1963-05-26,0.0012759119
1963-05-27,1.367569
1963-05-28,9.9105835
1963-05-29,0.4506111
1963-05-30,0.2425909
1963-05-31,4.9095154
1963-06-01,6.023407
1963-06-02,6.084442
1963-06-03,4.66156
1963-06-04,3.0517578
1963-06-05,5.5007935
1963-06-06,1.0137558
1963-06-07,2.275467
1963-06-08,0.61035156
1963-06-09,6.587982
1963-06-10,2.357483
1963-06-11,0.7801056
1963-06-12,0.0008554198
1963-06-13,0.20420551
1963-06-14,1.1444092
1963-06-15,0.872612
1963-06-16,0.0017406419
1963-06-17,0.0025741756
1963-06-18,0.059098005
1963-06-19,0.010095537
1963-06-20,0.014051795
1963-06-21,0.00085821375
1963-06-22,0.33044815
1963-06-23,0.113904476
1963-06-24,0.5850792
1963-06-25,2.0561218
1963-06-26,0.34284592
1963-06-27,39.94751
1963-06-28,0.36787987
1963-06-29,0.0017434359
1963-06-30,0.3066063
1963-07-01,3.1471252
1963-07-02,0.002199784
1963-07-03,8.354187
1963-07-04,0.4222393
1963-07-05,0.002142042
1963-07-06,0.31137466
1963-07-07,2.1972656
1963-07-08,0.03552437
1963-07-09,0.27036667
1963-07-10,4.2877197
1963-07-11,2.9296875
1963-07-12,4.310608
1963-07-13,13.626099
1963-07-14,0.0069253147
1963-07-15,0.00042608008
1963-07-16,0.0
1963-07-17,5.1841736
1963-07-18,0.03361702
1963-07-19,0.19788742
1963-07-20,0.00043516047
1963-07-21,0.00044284388
1963-07-22,0.5507469
1963-07-23,0.00085216016
1963-07-24,0.41937828
1963-07-25,0.030383468
1963-07-26,0.002603978
1963-07-27,0.00043096952
1963-07-28,0.00042608008
1963-07-29,0.002751127
1963-07-30,0.0012842938
1963-07-31,0.00085821375
1963-08-01,14.564514
1963-08-02,22.232056
1963-08-03,4.447937
1963-08-04,0.27394295
1963-08-05,0.03582239
1963-08-06,8.659363
1963-08-07,3.129959
1963-08-08,6.298065
1963-08-09,0.82969666
1963-08-10,0.00086426735
1963-08-11,1.625061
1963-08-12,0.84781647
1963-08-13,10.231018
1963-08-14,4.501343
1963-08-15,0.28920174
1963-08-16,0.0013113022
1963-08-17,11.207581
1963-08-18,0.7510185
1963-08-19,0.7867813
1963-08-20,1.4781952
1963-08-21,0.31399727
1963-08-22,0.005643815
1963-08-23,0.0043809414
1963-08-24,0.33259392
1963-08-25,0.0021513551
1963-08-26,0.013925135
1963-08-27,2.6283264
1963-08-28,0.5197525
1963-08-29,6.034851
1963-08-30,0.30755997
1963-08-31,5.4397583
1963-09-01,1.5993118
1963-09-02,0.2104044
1963-09-03,0.108361244
1963-09-04,0.10085106
1963-09-05,2.7370453
1963-09-06,0.9007454
1963-09-07,0.003863126
1963-09-08,0.00082841143
1963-09-09,0.002529472
1963-09-10,2.626419
1963-09-11,6.389618
1963-09-12,8.728027
1963-09-13,1.657486
1963-09-14,6.2217712
1963-09-15,5.821228
1963-09-16,0.1000762
1963-09-17,9.086609
1963-09-18,8.636475
1963-09-19,15.235901
1963-09-20,0.60892105
1963-09-21,0.00044098124
1963-09-22,0.37264824
1963-09-23,16.799927
1963-09-24,8.262634
1963-09-25,3.4046173
1963-09-26,0.071287155
1963-09-27,0.36144257
1963-09-28,0.0666976
1963-09-29,0.0012814999
1963-09-30,0.00043516047
1963-10-01,0.4940033
1963-10-02,9.872437
1963-10-03,0.00085821375
1963-10-04,1.5106201
1963-10-05,0.3709793
1963-10-06,3.3226013
1963-10-07,0.43034554
1963-10-08,0.00014901161
1963-10-09,0.002577901
1963-10-10,0.00042608008
1963-10-11,0.0012805685
1963-10-12,0.0012814999
1963-10-13,0.079870224
1963-10-14,0.15330315
1963-10-15,0.0008554198
1963-10-16,0.0012917444
1963-10-17,0.0008554198
1963-10-18,0.00085216016
1963-10-19,0.0
1963-10-20,0.00085216016
1963-10-21,0.7543564
1963-10-22,0.0
1963-10-23,0.00043516047
1963-10-24,0.0017164275
1963-10-25,0.007912517
1963-10-26,0.0030100346
1963-10-27,0.00043516047
1963-10-28,0.035703182
1963-10-29,0.043570995
1963-10-30,7.484436
1963-10-31,7.8430176
1963-11-01,0.0020917505
1963-11-02,0.8201599
1963-11-03,0.19025803
1963-11-04,0.2696514
1963-11-05,1.5420914
1963-11-06,5.001068
1963-11-07,4.1999817
1963-11-08,0.00043516047
1963-11-09,0.0012842938
1963-11-10,0.664711
1963-11-11,2.8820038
1963-11-12,6.252289
1963-11-13,0.00043516047
1963-11-14,1.9130707
1963-11-15,5.2223206
1963-11-16,3.211975
1963-11-17,2.6569366
1963-11-18,0.18322468
1963-11-19,1.282692
1963-11-20,1.11866
1963-11-21,0.037908554
1963-11-22,0.0017108396
1963-11-23,0.0
1963-11-24,0.5931854
1963-11-25,5.531311
1963-11-26,6.3705444
1963-11-27,3.0231476
1963-11-28,0.9446144
1963-11-29,0.890255
1963-11-30,0.030115247
1963-12-01,0.050276518
1963-12-02,1.3465881
1963-12-03,4.4441223
1963-12-04,0.00043516047
1963-12-05,0.048995018
1963-12-06,0.05722046
1963-12-07,0.0
1963-12-08,0.02284348
1963-12-09,0.033438206
1963-12-10,0.07110834
1963-12-11,15.914917
1963-12-12,6.465912
1963-12-13,0.4143715
1963-12-14,0.0008554198
1963-12-15,0.033915043
1963-12-16,0.0018291175
1963-12-17,0.0021513551
1963-12-18,0.24700165
1963-12-19,6.5841675
1963-12-20,0.15509129
1963-12-21,0.0031199306
1963-12-22,0.0021345913
1963-12-23,0.00043516047
1963-12-24,0.00085821375
1963-12-25,0.0015469268
1963-12-26,0.0021439046
1963-12-27,0.0012889504
1963-12-28,0.0
1963-12-29,0.04079938
1963-12-30,0.09125471
1963-12-31,0.13315678
1964-01-01,0.0017145649
1964-01-02,0.002220273
1964-01-03,0.0012759119
1964-01-04,0.0017341226
1964-01-05,0.025868416
1964-01-06,0.012375414
1964-01-07,0.0019390136
1964-01-08,0.0018076971
1964-01-09,0.0021550804
1964-01-10,0.0017164275
1964-01-11,0.0007627532
1964-01-12,0.006482005
1964-01-13,0.008121133
1964-01-14,0.21064281
1964-01-15,0.001706183
1964-01-16,0.0012796372
1964-01-17,0.0012814999
1964-01-18,0.0021476299
1964-01-19,0.002156943
1964-01-20,0.011958182
1964-01-21,0.00085821375
1964-01-22,0.0017043203
1964-01-23,0.0012908131
1964-01-24,0.029683113
1964-01-25,0.0037606806
1964-01-26,0.0017713755
1964-01-27,0.0021960586
1964-01-28,0.4582405
1964-01-29,0.13792515
1964-01-30,1.121521
1964-01-31,2.0427704
1964-02-01,0.36358833
1964-02-02,0.026449561
1964-02-03,0.0069215894
1964-02-04,0.018760562
1964-02-05,0.0017210841
1964-02-06,0.0012982637
1964-02-07,0.0017136335
1964-02-08,0.0012814999
1964-02-09,0.0004172325
1964-02-10,0.006068498
1964-02-11,0.001296401
1964-02-12,0.58698654
1964-02-13,5.1345825
1964-02-14,4.8217773
1964-02-15,7.270813
1964-02-16,8.895874
1964-02-17,6.767273
1964-02-18,4.638672
1964-02-19,2.4032593
1964-02-20,0.0021457672
1964-02-21,0.0
1964-02-22,3.358841
1964-02-23,6.591797
1964-02-24,11.909485
1964-02-25,12.10022
1964-02-26,4.8294067
1964-02-27,1.5335083
1964-02-28,10.131836
1964-02-29,4.0512085
1964-03-01,0.02630055
1964-03-02,0.0
1964-03-03,0.06353855
1964-03-04,3.6449432
1964-03-05,0.6132126
1964-03-06,0.014655292
1964-03-07,0.45609474
1964-03-08,0.063955784
1964-03-09,1.7032623
1964-03-10,0.002413988
1964-03-11,0.20468235
1964-03-12,0.25987625
1964-03-13,0.395298
1964-03-14,4.6539307
1964-03-15,11.100769
1964-03-16,0.4210472
1964-03-17,0.18048286
1964-03-18,0.028342009
1964-03-19,5.3634644
1964-03-20,7.4424744
1964-03-21,6.374359
1964-03-22,6.416321
1964-03-23,4.9552917
1964-03-24,3.6773682
1964-03-25,4.7035217
1964-03-26,0.4286766
1964-03-27,0.00043516047
1964-03-28,0.0004945323
1964-03-29,0.0026077032
1964-03-30,0.01977384
1964-03-31,0.00043516047
1964-04-01,8.613586
1964-04-02,10.284424
1964-04-03,5.7411194
1964-04-04,2.7999878
1964-04-05,2.3822784
1964-04-06,1.9311905
1964-04-07,0.10752678
1964-04-08,0.0
1964-04-09,0.0017341226
1964-04-10,2.6569366
1964-04-11,0.26655197
1964-04-12,0.07045269
1964-04-13,4.058838
1964-04-14,2.4776459
1964-04-15,0.007212162
1964-04-16,1.7080307
1964-04-17,15.731812
1964-04-18,18.78357
1964-04-19,9.468079
1964-04-20,2.363205
1964-04-21,4.2304993
1964-04-22,0.17142296
1964-04-23,1.7633438
1964-04-24,0.7314682
1964-04-25,0.0012814999
1964-04-26,0.0008554198
1964-04-27,0.0061132014
1964-04-28,0.045001507
1964-04-29,0.06094575
1964-04-30,0.04196167
1964-05-01,0.100791454
1964-05-02,0.057190657
1964-05-03,0.011332333
1964-05-04,0.2603531
1964-05-05,0.47016144
1964-05-06,0.001299195
1964-05-07,1.7700195
1964-05-08,1.376152
1964-05-09,4.5433044
1964-05-10,0.0012870878
1964-05-11,0.0012842938
1964-05-12,0.092327595
1964-05-13,5.973816
1964-05-14,0.13566017
1964-05-15,0.001299195
1964-05-16,0.00085216016
1964-05-17,0.0
1964-05-18,0.58603287
1964-05-19,5.493164
1964-05-20,0.08195639
1964-05-21,0.0
1964-05-22,1.197815
1964-05-23,9.216309
1964-05-24,9.117126
1964-05-25,6.0157776
1964-05-26,26.687622
1964-05-27,7.6293945
1964-05-28,0.023052096
1964-05-29,0.00051548705
1964-05-30,0.61416626
1964-05-31,1.1663437
1964-06-01,0.73862076
1964-06-02,2.8190613
1964-06-03,1.2893677
1964-06-04,16.723633
1964-06-05,2.0503998
1964-06-06,0.0008554198
1964-06-07,0.050127506
1964-06-08,0.034451485
1964-06-09,0.002156943
1964-06-10,0.0013066456
1964-06-11,0.00043516047
1964-06-12,0.001299195
1964-06-13,2.2697449
1964-06-14,0.1988411
1964-06-15,0.008694828
1964-06-16,0.62561035
1964-06-17,0.0061392784
1964-06-18,0.3745556
1964-06-19,0.036120415
1964-06-20,0.00085821375
1964-06-21,0.0
1964-06-22,0.0
1964-06-23,0.0025834888
1964-06-24,0.0017164275
1964-06-25,0.0012898818
1964-06-26,0.09858608
1964-06-27,0.5736351
1964-06-28,0.02130866
1964-06-29,0.35500526
1964-06-30,0.00087264925
1964-07-01,0.0012926757
1964-07-02,0.0017238781
1964-07-03,0.0012768432
1964-07-04,0.29158592
1964-07-05,0.21076202
1964-07-06,0.00042910688
1964-07-07,0.0
1964-07-08,0.00086054206
1964-07-09,1.5993118
1964-07-10,0.4529953
1964-07-11,0.20718575
1964-07-12,0.0
1964-07-13,0.29420853
1964-07-14,0.021234155
1964-07-15,0.0
1964-07-16,0.0021550804
1964-07-17,0.00085821375
1964-07-18,0.20778179
1964-07-19,0.011950731
1964-07-20,0.0025164336
1964-07-21,0.0016093254
1964-07-22,0.012129545
1964-07-23,0.0017387792
1964-07-24,0.0017192215
1964-07-25,0.0008456409
1964-07-26,9.346008
1964-07-27,10.902405
1964-07-28,0.05733967
1964-07-29,0.0069737434
1964-07-30,0.001293607
1964-07-31,0.0
1964-08-01,0.025004148
1964-08-02,0.0017136335
1964-08-03,0.0012870878
1964-08-04,0.0008554198
1964-08-05,0.0
1964-08-06,0.47397614
1964-08-07,8.18634
1964-08-08,0.7638931
1964-08-09,1.5182495
1964-08-10,0.35595894
1964-08-11,0.00085216016
1964-08-12,0.0021494925
1964-08-13,0.00028312206
1964-08-14,1.2235641
1964-08-15,0.10353327
1964-08-16,0.0
1964-08-17,0.24795532
1964-08-18,4.9362183
1964-08-19,0.8172989
1964-08-20,0.0038519502
1964-08-21,6.3705444
1964-08-22,2.418518
1964-08-23,0.6227493
1964-08-24,0.002168119
1964-08-25,0.0
1964-08-26,0.0012814999
1964-08-27,0.0017117709
1964-08-28,0.009067357
1964-08-29,2.8686523
1964-08-30,0.0012870878
1964-08-31,0.00085216016
1964-09-01,0.00043516047
1964-09-02,6.626129
1964-09-03,29.968262
1964-09-04,20.79773
1964-09-05,0.92840195
1964-09-06,3.7631989
1964-09-07,0.17762184
1964-09-08,0.0017080456
1964-09-09,0.001299195
1964-09-10,0.0021457672
1964-09-11,0.0048466027
1964-09-12,0.014223158
1964-09-13,0.002304092
1964-09-14,0.00097136945
1964-09-15,0.083208084
1964-09-16,7.7705383
1964-09-17,0.36287308
1964-09-18,0.0743866
1964-09-19,0.2090931
1964-09-20,0.015132129
1964-09-21,0.0
1964-09-22,0.0
1964-09-23,0.0
1964-09-24,0.01296401
1964-09-25,0.0028796494
1964-09-26,22.125244
1964-09-27,8.033752
1964-09-28,0.00044098124
1964-09-29,0.9121895
1964-09-30,5.4397583
1964-10-01,13.557434
1964-10-02,2.3269653
1964-10-03,2.275467
1964-10-04,0.25773048
1964-10-05,0.0013522804
1964-10-06,0.0
1964-10-07,3.7765503
1964-10-08,11.512756
1964-10-09,11.459351
1964-10-10,12.489319
1964-10-11,8.880615
1964-10-12,3.4046173
1964-10-13,15.419006
1964-10-14,6.008148
1964-10-15,4.5051575
1964-10-16,5.340576
1964-10-17,1.9302368
1964-10-18,5.207062
1964-10-19,0.00043516047
1964-10-20,0.0017099082
1964-10-21,0.00086799264
1964-10-22,0.009149313
1964-10-23,3.282547
1964-10-24,0.35238266
1964-10-25,0.00042608008
1964-10-26,0.012546778
1964-10-27,0.00692904
1964-10-28,0.0012870878
1964-10-29,0.0
1964-10-30,0.0
1964-10-31,0.00086426735
1964-11-01,0.00043516047
1964-11-02,0.00043516047
1964-11-03,0.20134449
1964-11-04,0.27132034
1964-11-05,5.329132
1964-11-06,1.1291504
1964-11-07,5.252838
1964-11-08,0.017791986
1964-11-09,0.13518333
1964-11-10,1.6765594
1964-11-11,2.023697
1964-11-12,0.32401085
1964-11-13,0.24747849
1964-11-14,0.0021401793
1964-11-15,4.096985
1964-11-16,0.06598234
1964-11-17,0.08291006
1964-11-18,0.0017229468
1964-11-19,0.095784664
1964-11-20,0.08690357
1964-11-21,0.051170588
1964-11-22,0.13542175
1964-11-23,0.11140108
1964-11-24,0.09995699
1964-11-25,0.010430813
1964-11-26,0.020176172
1964-11-27,2.2220612
1964-11-28,6.8206787
1964-11-29,1.7538071
1964-11-30,0.4005432
1964-12-01,7.713318
1964-12-02,0.0692606
1964-12-03,1.2350082
1964-12-04,0.9994507
1964-12-05,0.0666976
1964-12-06,0.00043516047
1964-12-07,0.0008614734
1964-12-08,0.00043516047
1964-12-09,0.008098781
1964-12-10,0.0060126185
1964-12-11,0.010609627
1964-12-12,0.005904585
1964-12-13,0.0066906214
1964-12-14,0.029861927
1964-12-15,1.1901855
1964-12-16,0.0056810677
1964-12-17,0.008910894
1964-12-18,0.015333295
1964-12-19,0.5302429
1964-12-20,0.041127205
1964-12-21,0.0012796372
1964-12-22,0.0024922192
1964-12-23,0.0012880191
1964-12-24,0.0072792172
1964-12-25,0.787735
1964-12-26,0.0074133277
1964-12-27,34.88159
1964-12-28,0.7224083
1964-12-29,0.0025182962
1964-12-30,0.0012852252
1964-12-31,0.0
1965-01-01,4.043579
1965-01-02,1.3885498
1965-01-03,0.021487474
1965-01-04,0.1335144
1965-01-05,0.0004277099
1965-01-06,0.0021494925
1965-01-07,0.021457672
1965-01-08,4.8942566
1965-01-09,0.28777122
1965-01-10,0.0012656674
1965-01-11,0.00044098124
1965-01-12,0.96845627
1965-01-13,0.05093217
1965-01-14,4.272461
1965-01-15,4.055023
1965-01-16,2.204895
1965-01-17,4.589081
1965-01-18,15.159607
1965-01-19,1.5201569
1965-01-20,21.560669
1965-01-21,2.3593903
1965-01-22,7.05719
1965-01-23,0.07343292
1965-01-24,0.0025909394
1965-01-25,0.0
1965-01-26,0.07581711
1965-01-27,0.008687377
1965-01-28,1.0156631
1965-01-29,1.0528564
1965-01-30,8.522034
1965-01-31,0.24151802
1965-02-01,0.0012814999
1965-02-02,0.00085216016
1965-02-03,0.00043516047
1965-02-04,0.00085821375
1965-02-05,0.44035912
1965-02-06,0.022619963
1965-02-07,0.0017164275
1965-02-08,0.13542175
1965-02-09,0.00085216016
1965-02-10,0.0010728836
1965-02-11,0.032782555
1965-02-12,0.0029988587
1965-02-13,0.40650368
1965-02-14,1.5163422
1965-02-15,0.00468269
1965-02-16,0.039935112
1965-02-17,2.1152496
1965-02-18,0.010475516
1965-02-19,0.026881695
1965-02-20,0.020429492
1965-02-21,0.011637807
1965-02-22,0.2937317
1965-02-23,5.783081
1965-02-24,0.85639954
1965-02-25,0.024676323
1965-02-26,0.00086426735
1965-02-27,0.0
1965-02-28,2.916336
1965-03-01,11.650085
1965-03-02,0.0923872
1965-03-03,1.9760132
1965-03-04,8.262634
1965-03-05,3.9749146
1965-03-06,4.142761
1965-03-07,0.086426735
1965-03-08,0.000867527
1965-03-09,0.00043516047
1965-03-10,0.0012842938
1965-03-11,0.0
1965-03-12,8.940697e-05
1965-03-13,2.4051666
1965-03-14,4.337311
1965-03-15,2.1324158
1965-03-16,2.5615692
1965-03-17,6.122589
1965-03-18,5.2490234
1965-03-19,0.5145073
1965-03-20,0.0021383166
1965-03-21,0.45371056
1965-03-22,11.2838745
1965-03-23,12.367249
1965-03-24,0.46253204
1965-03-25,3.4370422
1965-03-26,0.0680089
1965-03-27,0.12242794
1965-03-28,0.00042608008
1965-03-29,0.001293607
1965-03-30,0.00086426735
1965-03-31,0.00085821375
1965-04-01,0.46038628
1965-04-02,0.06058812
1965-04-03,0.016197562
1965-04-04,1.1148453
1965-04-05,9.315491
1965-04-06,0.7381439
1965-04-07,0.14650822
1965-04-08,0.5874634
1965-04-09,0.23198128
1965-04-10,2.374649
1965-04-11,1.4333725
1965-04-12,1.1510849
1965-04-13,3.9291382
1965-04-14,0.344038
1965-04-15,2.796173
1965-04-16,1.6069412
1965-04-17,0.15318394
1965-04-18,0.97322464
1965-04-19,2.3155212
1965-04-20,1.8463135
1965-04-21,0.09137392
1965-04-22,0.0012954697
1965-04-23,0.9326935
1965-04-24,0.664711
1965-04-25,5.0697327
1965-04-26,3.250122
1965-04-27,3.5209656
1965-04-28,4.375458
1965-04-29,0.1090765
1965-04-30,6.7596436
1965-05-01,8.56781
1965-05-02,5.5351257
1965-05-03,0.25773048
1965-05-04,3.189087
1965-05-05,2.5119781
1965-05-06,0.43797493
1965-05-07,0.00085821375
1965-05-08,0.0
1965-05-09,0.00085681677
1965-05-10,0.0073611736
1965-05-11,0.00043516047
1965-05-12,0.00085216016
1965-05-13,0.00043516047
1965-05-14,0.0008502975
1965-05-15,0.16462803
1965-05-16,0.80919266
1965-05-17,14.518738
1965-05-18,19.241333
1965-05-19,1.8424988
1965-05-20,3.4122467
1965-05-21,0.0017164275
1965-05-22,0.0043548644
1965-05-23,3.1929016
1965-05-24,0.47039986
1965-05-25,0.26154518
1965-05-26,0.0026114285
1965-05-27,1.1539459
1965-05-28,4.2877197
1965-05-29,0.8735657
1965-05-30,0.65231323
1965-05-31,2.2850037
1965-06-01,0.010535121
1965-06-02,0.029683113
1965-06-03,0.078856945
1965-06-04,0.93460083
1965-06-05,0.46133995
1965-06-06,2.040863
1965-06-07,8.69751
1965-06-08,3.3359528
1965-06-09,1.8281937
1965-06-10,0.68092346
1965-06-11,0.0295043
1965-06-12,0.015258789
1965-06-13,0.020489097
1965-06-14,0.0009797513
1965-06-15,0.007353723
1965-06-16,0.42796135
1965-06-17,0.4646778
1965-06-18,0.0
1965-06-19,0.0008731149
1965-06-20,2.6950836
1965-06-21,0.09006262
1965-06-22,0.3170967
1965-06-23,0.0060610473
1965-06-24,0.00087032095
1965-06-25,1.2655258
1965-06-26,0.33640862
1965-06-27,16.63208
1965-06-28,18.89038
1965-06-29,2.0809174
1965-06-30,2.6626587
1965-07-01,0.15747547
1965-07-02,8.674622
1965-07-03,1.5993118
1965-07-04,14.038086
1965-07-05,0.29540062
1965-07-06,0.00044098124
1965-07-07,3.730774
1965-07-08,2.9335022
1965-07-09,0.8006096
1965-07-10,0.3106594
1965-07-11,0.00085821375
1965-07-12,0.16260147
1965-07-13,3.9978027
1965-07-14,29.693604
1965-07-15,13.175964
1965-07-16,2.1362305
1965-07-17,0.0026710331
1965-07-18,0.0008554198
1965-07-19,3.604889
1965-07-20,1.3875961
1965-07-21,1.3237
1965-07-22,3.1414032
1965-07-23,0.15258789
1965-07-24,3.1261444
1965-07-25,0.2503395
1965-07-26,0.09280443
1965-07-27,0.09673834
1965-07-28,0.00043516047
1965-07-29,0.037521124
1965-07-30,3.791809
1965-07-31,0.37932396
1965-08-01,0.6465912
1965-08-02,0.0036656857
1965-08-03,0.40555
1965-08-04,0.00085821375
1965-08-05,0.0011920929
1965-08-06,0.016331673
1965-08-07,6.549835
1965-08-08,0.10585785
1965-08-09,0.0021513551
1965-08-10,0.00084843487
1965-08-11,0.0017071143
1965-08-12,0.002156943
1965-08-13,18.4021
1965-08-14,1.3217926
1965-08-15,0.6761551
1965-08-16,2.0751953
1965-08-17,0.0012908131
1965-08-18,0.18680096
1965-08-19,0.00044098124
1965-08-20,0.0016828999
1965-08-21,0.9365082
1965-08-22,8.979797
1965-08-23,14.160156
1965-08-24,1.5954971
1965-08-25,1.1911392
1965-08-26,0.00043888576
1965-08-27,0.32925606
1965-08-28,0.062286854
1965-08-29,0.0012749806
1965-08-30,0.0042952597
1965-08-31,1.4009476
1965-09-01,6.6604614
1965-09-02,16.464233
1965-09-03,6.9618225
1965-09-04,14.411926
1965-09-05,3.4675598
1965-09-06,0.63180923
1965-09-07,0.84352493
1965-09-08,11.772156
1965-09-09,16.174316
1965-09-10,7.6065063
1965-09-11,4.4288635
1965-09-12,1.0595322
1965-09-13,0.041931868
1965-09-14,0.7753372
1965-09-15,0.0021439046
1965-09-16,0.16331673
1965-09-17,1.367569
1965-09-18,8.132935
1965-09-19,0.0012824312
1965-09-20,0.0
1965-09-21,0.0012870878
1965-09-22,0.0017201528
1965-09-23,0.00058999285
1965-09-24,0.04377961
1965-09-25,22.81189
1965-09-26,0.6709099
1965-09-27,2.4299622
1965-09-28,3.1166077
1965-09-29,16.418457
1965-09-30,5.4244995
1965-10-01,2.4662018
1965-10-02,0.092208385
1965-10-03,0.00043516047
1965-10-04,0.00043516047
1965-10-05,0.0021401793
1965-10-06,0.56028366
1965-10-07,0.43964386
1965-10-08,3.6735535
1965-10-09,2.8762817
1965-10-10,7.835388
1965-10-11,0.2593994
1965-10-12,0.00041956082
1965-10-13,0.0012870878
1965-10-14,0.00043516047
1965-10-15,0.17118454
1965-10-16,0.53167343
1965-10-17,0.0410676
1965-10-18,0.21278858
1965-10-19,0.05555153
1965-10-20,3.6678314
1965-10-21,0.00042608008
1965-10-22,0.038802624
1965-10-23,0.2529621
1965-10-24,0.00043516047
1965-10-25,1.9207001
1965-10-26,0.16891956
1965-10-27,0.001299195
1965-10-28,0.0052563846
1965-10-29,0.20802021
1965-10-30,0.009149313
1965-10-31,0.0060610473
1965-11-01,0.7071495
1965-11-02,0.7710457
1965-11-03,1.0089874
1965-11-04,0.39672852
1965-11-05,4.7187805
1965-11-06,26.748657
1965-11-07,0.055789948
1965-11-08,0.64611435
1965-11-09,5.5618286
1965-11-10,1.1234283
1965-11-11,6.3934326
1965-11-12,4.9858093
1965-11-13,0.0038668513
1965-11-14,5.924225
1965-11-15,1.3847351
1965-11-16,0.003926456
1965-11-17,5.722046
1965-11-18,7.6293945
1965-11-19,12.779236
1965-11-20,10.124207
1965-11-21,5.7296753
1965-11-22,0.8621216
1965-11-23,0.00096298754
1965-11-24,0.001293607
1965-11-25,0.12683868
1965-11-26,8.598328
1965-11-27,18.356323
1965-11-28,7.2517395
1965-11-29,6.958008
1965-11-30,4.676819
1965-12-01,3.9405823
1965-12-02,23.605347
1965-12-03,8.491516
1965-12-04,9.83429
1965-12-05,2.3651123
1965-12-06,8.171082
1965-12-07,6.9465637
1965-12-08,0.0017853454
1965-12-09,2.0427704
1965-12-10,7.1868896
1965-12-11,7.118225
1965-12-12,2.5997162
1965-12-13,0.33926964
1965-12-14,0.07146597
1965-12-15,0.0055618584
1965-12-16,3.7288666
1965-12-17,0.2565384
1965-12-18,0.0017229468
1965-12-19,0.0
1965-12-20,4.4403076
1965-12-21,0.33426285
1965-12-22,0.0008489005
1965-12-23,4.2877197
1965-12-24,7.419586
1965-12-25,8.415222
1965-12-26,5.268097
1965-12-27,0.97227097
1965-12-28,1.625061
1965-12-29,0.0
1965-12-30,3.9978027
1965-12-31,4.257202
1966-01-01,0.27751923
1966-01-02,6.877899
1966-01-03,26.550293
1966-01-04,7.255554
1966-01-05,0.0025629997
1966-01-06,0.00086659566
1966-01-07,0.0
1966-01-08,0.00085821375
1966-01-09,0.012531877
1966-01-10,5.1879883
1966-01-11,1.1548996
1966-01-12,0.029474497
1966-01-13,0.0012917444
1966-01-14,0.00043516047
1966-01-15,0.0029988587
1966-01-16,0.00043516047
1966-01-17,0.02720952
1966-01-18,4.421234
1966-01-19,5.48172
1966-01-20,11.154175
1966-01-21,10.223389
1966-01-22,20.355225
1966-01-23,3.2405853
1966-01-24,0.32043457
1966-01-25,7.0610046
1966-01-26,2.035141
1966-01-27,0.1103878
1966-01-28,0.0021439046
1966-01-29,0.97846985
1966-01-30,0.013105571
1966-01-31,1.0414124
1966-02-01,0.002142042
1966-02-02,0.00044098124
1966-02-03,0.67424774
1966-02-04,0.101685524
1966-02-05,0.0017201528
1966-02-06,0.5726814
1966-02-07,0.047951937
1966-02-08,7.118225
1966-02-09,8.590698
1966-02-10,15.25116
1966-02-11,6.580353
1966-02-12,6.4430237
1966-02-13,5.7029724
1966-02-14,1.6517639
1966-02-15,0.003458932
1966-02-16,5.0964355
1966-02-17,1.1081696
1966-02-18,0.0013066456
1966-02-19,12.191772
1966-02-20,0.30899048
1966-02-21,0.19741058
1966-02-22,1.6555786
1966-02-23,5.264282
1966-02-24,0.81157684
1966-02-25,0.06657839
1966-02-26,3.4694672
1966-02-27,9.643555
1966-02-28,17.27295
1966-03-01,0.223279
1966-03-02,0.00085216016
1966-03-03,7.0495605
1966-03-04,3.004074
1966-03-05,0.085651875
1966-03-06,0.00043516047
1966-03-07,0.00085821375
1966-03-08,0.002577901
1966-03-09,0.36525726
1966-03-10,0.036031008
1966-03-11,0.05927682
1966-03-12,0.86402893
1966-03-13,0.1963377
1966-03-14,0.00042608008
1966-03-15,0.00086659566
1966-03-16,0.0021513551
1966-03-17,0.0017108396
1966-03-18,0.0012842938
1966-03-19,0.19979477
1966-03-20,0.0008651987
1966-03-21,0.00042608008
1966-03-22,0.0034254044
1966-03-23,2.532959
1966-03-24,1.364708
1966-03-25,1.57547
1966-03-26,9.307861
1966-03-27,4.1503906
1966-03-28,4.562378
1966-03-29,0.68473816
1966-03-30,0.0
1966-03-31,3.2653809
1966-04-01,8.69751
1966-04-02,0.31280518
1966-04-03,1.1367798
1966-04-04,0.08177757
1966-04-05,10.177612
1966-04-06,0.3631115
1966-04-07,6.427765
1966-04-08,0.5893707
1966-04-09,15.357971
1966-04-10,2.5520325
1966-04-11,7.8582764
1966-04-12,0.93460083
1966-04-13,1.9330978
1966-04-14,20.812988
1966-04-15,4.0397644
1966-04-16,5.73349
1966-04-17,7.3242188
1966-04-18,1.8606186
1966-04-19,12.489319
1966-04-20,4.886627
1966-04-21,0.0
1966-04-22,0.0
1966-04-23,2.445221
1966-04-24,13.618469
1966-04-25,0.4441738
1966-04-26,0.012181699
1966-04-27,6.2332153
1966-04-28,0.006005168
1966-04-29,0.0043958426
1966-04-30,0.0
1966-05-01,0.0
1966-05-02,0.71430206
1966-05-03,9.216309
1966-05-04,0.033557415
1966-05-05,6.198883
1966-05-06,12.954712
1966-05-07,4.032135
1966-05-08,3.1223297
1966-05-09,5.794525
1966-05-10,0.72288513
1966-05-11,8.430481
1966-05-12,22.43042
1966-05-13,0.11450052
1966-05-14,0.006042421
1966-05-15,0.09971857
1966-05-16,0.31137466
1966-05-17,1.168251
1966-05-18,0.9508133
1966-05-19,0.014461577
1966-05-20,0.0060088933
1966-05-21,0.00042608008
1966-05-22,1.077652
1966-05-23,1.2712479
1966-05-24,0.00042608008
1966-05-25,0.001293607
1966-05-26,0.00042608008
1966-05-27,0.0017136335
1966-05-28,0.0008554198
1966-05-29,0.0017089769
1966-05-30,0.0025853515
1966-05-31,0.0012898818
1966-06-01,0.014431775
1966-06-02,0.0012814999
1966-06-03,0.0012870878
1966-06-04,5.970001
1966-06-05,1.3237
1966-06-06,0.08451939
1966-06-07,0.00043516047
1966-06-08,4.6195984
1966-06-09,18.829346
1966-06-10,28.167725
1966-06-11,0.08195639
1966-06-12,1.2254715
1966-06-13,0.20897388
1966-06-14,2.1152496
1966-06-15,0.14853477
1966-06-16,5.0811768
1966-06-17,14.801025
1966-06-18,14.6484375
1966-06-19,1.9626617
1966-06-20,16.784668
1966-06-21,0.20420551
1966-06-22,7.183075
1966-06-23,0.5698204
1966-06-24,0.15902519
1966-06-25,0.2220869
1966-06-26,0.005904585
1966-06-27,0.016346574
1966-06-28,0.53834915
1966-06-29,0.0039450824
1966-06-30,0.00042258762
1966-07-01,0.0017173588
1966-07-02,0.003600493
1966-07-03,6.439209
1966-07-04,2.3670197
1966-07-05,5.0239563
1966-07-06,1.7547607
1966-07-07,0.44298172
1966-07-08,0.0068433583
1966-07-09,0.00086426735
1966-07-10,0.39434433
1966-07-11,0.19419193
1966-07-12,0.080406666
1966-07-13,0.0013234094
1966-07-14,0.0021215528
1966-07-15,0.24271011
1966-07-16,1.036644
1966-07-17,0.32377243
1966-07-18,0.34618378
1966-07-19,0.3168583
1966-07-20,15.281677
1966-07-21,0.17392635
1966-07-22,0.2348423
1966-07-23,0.39577484
1966-07-24,0.36358833
1966-07-25,0.41151047
1966-07-26,0.0014780089
1966-07-27,0.8087158
1966-07-28,0.19872189
1966-07-29,0.0017043203
1966-07-30,0.41389465
1966-07-31,0.15866756
1966-08-01,0.0142380595
1966-08-02,0.24282932
1966-08-03,1.3456345
1966-08-04,2.7980804
1966-08-05,0.76913834
1966-08-06,0.04720688
1966-08-07,1.5506744
1966-08-08,1.9235611
1966-08-09,0.0017089769
1966-08-10,0.0008554198
1966-08-11,0.00042608008
1966-08-12,0.0008489005
1966-08-13,0.0017164275
1966-08-14,0.121593475
1966-08-15,3.7117004
1966-08-16,0.0
1966-08-17,0.00085821375
1966-08-18,0.003432855
1966-08-19,0.048607588
1966-08-20,0.026986003
1966-08-21,7.9727173
1966-08-22,0.54883957
1966-08-23,0.09328127
1966-08-24,0.06186962
1966-08-25,0.00084843487
1966-08-26,0.0037662685
1966-08-27,16.967773
1966-08-28,1.0108948
1966-08-29,0.5426407
1966-08-30,4.573822
1966-08-31,3.4675598
1966-09-01,0.012077391
1966-09-02,0.23674965
1966-09-03,0.37884712
1966-09-04,0.00043516047
1966-09-05,0.37002563
1966-09-06,0.002115965
1966-09-07,0.00085821375
1966-09-08,0.00045099296
1966-09-09,0.0017164275
1966-09-10,0.005438924
1966-09-11,0.0
1966-09-12,12.145996
1966-09-13,4.5433044
1966-09-14,0.0012917444
1966-09-15,1.9521713
1966-09-16,0.72288513
1966-09-17,0.0
1966-09-18,0.0008591451
1966-09-19,0.0030100346
1966-09-20,0.0
1966-09-21,0.00043516047
1966-09-22,0.0
1966-09-23,0.00086287037
1966-09-24,0.0025629997
1966-09-25,0.0012852252
1966-09-26,0.0013345852
1966-09-27,1.5687943
1966-09-28,5.077362
1966-09-29,4.940033
1966-09-30,1.5325546
1966-10-01,3.4236908
1966-10-02,1.4820099
1966-10-03,0.4336834
1966-10-04,13.671875
1966-10-05,0.08422136
1966-10-06,0.19347668
1966-10-07,1.0490417
1966-10-08,11.528015
1966-10-09,1.824379
1966-10-10,0.068962574
1966-10-11,0.35834312
1966-10-12,0.06586313
1966-10-13,0.09959936
1966-10-14,2.7885437
1966-10-15,0.74625015
1966-10-16,1.6803741
1966-10-17,2.9354095
1966-10-18,3.6811829
1966-10-19,3.0879974
1966-10-20,5.455017
1966-10-21,1.1138916
1966-10-22,0.00043516047
1966-10-23,0.044822693
1966-10-24,2.5501251
1966-10-25,2.7217865
1966-10-26,0.99277496
1966-10-27,2.2945404
1966-10-28,3.9596558
1966-10-29,0.936985
1966-10-30,0.0017154962
1966-10-31,0.00043516047
1966-11-01,5.607605
1966-11-02,1.5621185
1966-11-03,2.7179718
1966-11-04,10.528564
1966-11-05,20.996094
1966-11-06,1.9893646
1966-11-07,0.2450943
1966-11-08,18.234253
1966-11-09,9.056091
1966-11-10,0.0020358711
1966-11-11,0.0
1966-11-12,0.0017043203
1966-11-13,0.00043516047
1966-11-14,0.00086426735
1966-11-15,0.34999847
1966-11-16,2.6493073
1966-11-17,0.06058812
1966-11-18,2.4967194
1966-11-19,0.3042221
1966-11-20,1.247406
1966-11-21,1.0185242
1966-11-22,0.16772747
1966-11-23,2.155304
1966-11-24,2.840042
1966-11-25,2.8057098
1966-11-26,0.6842613
1966-11-27,1.3399124
1966-11-28,16.00647
1966-11-29,0.4644394
1966-11-30,11.444092
1966-12-01,4.131317
1966-12-02,8.300781
1966-12-03,9.277344
1966-12-04,0.024944544
1966-12-05,0.08994341
1966-12-06,9.361267
1966-12-07,0.29444695
1966-12-08,0.54836273
1966-12-09,1.493454
1966-12-10,5.0735474
1966-12-11,6.7825317
1966-12-12,5.6533813
1966-12-13,9.3307495
1966-12-14,3.1547546
1966-12-15,1.0023117
1966-12-16,0.002142042
1966-12-17,0.010699034
1966-12-18,0.060856342
1966-12-19,0.07164478
1966-12-20,0.71811676
1966-12-21,0.9045601
1966-12-22,2.2506714
1966-12-23,0.3707409
1966-12-24,0.74481964
1966-12-25,0.25081635
1966-12-26,0.010788441
1966-12-27,2.3937225
1966-12-28,2.7122498
1966-12-29,1.0557175
1966-12-30,5.5122375
1966-12-31,0.33164024
1967-01-01,0.014305115
1967-01-02,0.32424927
1967-01-03,1.745224
1967-01-04,1.7957687
1967-01-05,10.513306
1967-01-06,0.0012814999
1967-01-07,20.79773
1967-01-08,8.590698
1967-01-09,0.024348497
1967-01-10,0.011116266
1967-01-11,0.036478043
1967-01-12,0.5207062
1967-01-13,0.32639503
1967-01-14,0.009849668
1967-01-15,0.001385808
1967-01-16,0.09196997
1967-01-17,0.13005733
1967-01-18,0.0020302832
1967-01-19,1.5478134
1967-01-20,0.5283356
1967-01-21,3.3397675
1967-01-22,0.25582314
1967-01-23,9.635925
1967-01-24,7.1907043
1967-01-25,0.7634163
1967-01-26,0.0040456653
1967-01-27,0.0012861565
1967-01-28,0.0008554198
1967-01-29,0.0012842938
1967-01-30,0.0025797635
1967-01-31,0.00086193904
1967-02-01,0.057011843
1967-02-02,0.09334087
1967-02-03,0.0034458935
1967-02-04,0.032424927
1967-02-05,0.017225742
1967-02-06,0.000863336
1967-02-07,0.00085216016
1967-02-08,0.0013140962
1967-02-09,0.0012945384
1967-02-10,0.00086426735
1967-02-11,0.00043516047
1967-02-12,0.00043516047
1967-02-13,0.002587214
1967-02-14,3.6678314
1967-02-15,8.155823
1967-02-16,1.8339157
1967-02-17,8.598328
1967-02-18,7.1411133
1967-02-19,9.483337
1967-02-20,20.706177
1967-02-21,0.7390976
1967-02-22,0.0025704503
1967-02-23,0.21672249
1967-02-24,0.0025685877
1967-02-25,6.3438416
1967-02-26,3.068924
1967-02-27,0.09804964
1967-02-28,0.28562546
1967-03-01,1.6078949
1967-03-02,1.9035339
1967-03-03,0.00083772466
1967-03-04,0.011190772
1967-03-05,4.0779114
1967-03-06,0.33402443
1967-03-07,0.06258488
1967-03-08,1.3208389
1967-03-09,4.310608
1967-03-10,0.006157905
1967-03-11,0.7095337
1967-03-12,0.7071495
1967-03-13,1.616478
1967-03-14,0.0
1967-03-15,0.00085821375
1967-03-16,0.00043516047
1967-03-17,0.00085216016
1967-03-18,0.34356117
1967-03-19,0.27823448
1967-03-20,0.009156764
1967-03-21,0.013396144
1967-03-22,0.0551641
1967-03-23,0.088214874
1967-03-24,0.0019967556
1967-03-25,0.34308434
1967-03-26,2.4757385
1967-03-27,6.1531067
1967-03-28,10.536194
1967-03-29,3.917694
1967-03-30,1.9741058
1967-03-31,3.2157898
1967-04-01,0.06842613
1967-04-02,0.002156943
1967-04-03,0.0012908131
1967-04-04,0.01424551
1967-04-05,0.04044175
1967-04-06,0.9074211
1967-04-07,0.333786
1967-04-08,18.173218
1967-04-09,14.228821
1967-04-10,2.5749207
1967-04-11,2.2945404
1967-04-12,0.5116463
1967-04-13,0.000867527
1967-04-14,0.009685755
1967-04-15,0.0014593825
1967-04-16,0.0
1967-04-17,0.06610155
1967-04-18,0.051558018
1967-04-19,0.0012908131
1967-04-20,0.0012842938
1967-04-21,0.54836273
1967-04-22,0.14603138
1967-04-23,2.8915405
1967-04-24,0.895977
1967-04-25,4.085541
1967-04-26,1.1863708
1967-04-27,0.29850006
1967-04-28,0.0018524006
1967-04-29,0.0013029203
1967-04-30,0.16951561
1967-05-01,2.1324158
1967-05-02,2.7542114
1967-05-03,0.6966591
1967-05-04,0.46348572
1967-05-05,3.3283234
1967-05-06,1.127243
1967-05-07,0.13911724
1967-05-08,0.0012889504
1967-05-09,0.00086426735
1967-05-10,0.0013653189
1967-05-11,0.46038628
1967-05-12,6.8588257
1967-05-13,2.691269
1967-05-14,11.001587
1967-05-15,4.711151
1967-05-16,9.895325
1967-05-17,3.5495758
1967-05-18,1.7871857
1967-05-19,0.0017136335
1967-05-20,0.40388107
1967-05-21,0.0
1967-05-22,1.7557144
1967-05-23,2.7656555
1967-05-24,8.636475
1967-05-25,6.5574646
1967-05-26,0.75006485
1967-05-27,11.329651
1967-05-28,2.4604797
1967-05-29,0.0
1967-05-30,3.3168793
1967-05-31,0.68187714
1967-06-01,0.0012842938
1967-06-02,0.00044098124
1967-06-03,0.0080913305
1967-06-04,0.00090617687
1967-06-05,0.00042608008
1967-06-06,0.27561188
1967-06-07,20.111084
1967-06-08,2.7046204
1967-06-09,0.22137165
1967-06-10,0.00044098124
1967-06-11,0.020816922
1967-06-12,0.0
1967-06-13,0.0
1967-06-14,0.00126753
1967-06-15,0.0
1967-06-16,0.08416176
1967-06-17,9.353638
1967-06-18,2.073288
1967-06-19,0.98896027
1967-06-20,1.0671616
1967-06-21,1.4429092
1967-06-22,0.0
1967-06-23,12.145996
1967-06-24,0.58460236
1967-06-25,0.006120652
1967-06-26,1.9874573
1967-06-27,0.38576126
1967-06-28,0.0012926757
1967-06-29,0.00085216016
1967-06-30,0.00043516047
1967-07-01,1.2159348
1967-07-02,21.499634
1967-07-03,6.9236755
1967-07-04,0.14054775
1967-07-05,0.00085216016
1967-07-06,6.9236755
1967-07-07,0.1308918
1967-07-08,1.2359619
1967-07-09,0.0034868717
1967-07-10,0.00044098124
1967-07-11,5.9604645e-05
1967-07-12,0.056922436
1967-07-13,6.9847107
1967-07-14,5.7792664
1967-07-15,0.0004172325
1967-07-16,0.0
1967-07-17,0.00082841143
1967-07-18,0.0057406723
1967-07-19,0.0008600764
1967-07-20,0.006429851
1967-07-21,0.00017881393
1967-07-22,0.017806888
1967-07-23,0.0029020011
1967-07-24,8.476257
1967-07-25,0.0017173588
1967-07-26,0.00044098124
1967-07-27,0.00085821375
1967-07-28,0.0017043203
1967-07-29,0.4799366
1967-07-30,0.008702278
1967-07-31,0.06812811
1967-08-01,0.45919418
1967-08-02,3.7975311
1967-08-03,0.061273575
1967-08-04,1.4648438
1967-08-05,0.00044098124
1967-08-06,0.00042608008
1967-08-07,0.9870529
1967-08-08,12.779236
1967-08-09,5.4092407
1967-08-10,0.46610832
1967-08-11,0.20551682
1967-08-12,7.1144104
1967-08-13,1.5249252
1967-08-14,0.06341934
1967-08-15,1.1720657
1967-08-16,0.07581711
1967-08-17,0.08833408
1967-08-18,0.0
1967-08-19,0.0013364479
1967-08-20,0.001293607
1967-08-21,0.0012842938
1967-08-22,3.982544
1967-08-23,0.17488003
1967-08-24,0.0056400895
1967-08-25,0.0
1967-08-26,0.003470108
1967-08-27,0.00043516047
1967-08-28,0.00084610656
1967-08-29,0.026583672
1967-08-30,0.0017099082
1967-08-31,0.00053923577
1967-09-01,0.0
1967-09-02,4.3144226
1967-09-03,0.6561279
1967-09-04,2.4528503
1967-09-05,0.8535385
1967-09-06,4.8828125
1967-09-07,0.16903877
1967-09-08,0.063598156
1967-09-09,0.0008591451
1967-09-10,0.0025797635
1967-09-11,3.6964417
1967-09-12,5.1651
1967-09-13,3.3988953
1967-09-14,1.4190674
1967-09-15,1.2397766
1967-09-16,0.29730797
1967-09-17,0.06991625
1967-09-18,0.060528517
1967-09-19,0.7209778
1967-09-20,10.887146
1967-09-21,9.048462
1967-09-22,0.3824234
1967-09-23,0.0
1967-09-24,0.0016335398
1967-09-25,0.00086426735
1967-09-26,0.26607513
1967-09-27,0.47636032
1967-09-28,0.37169456
1967-09-29,0.052034855
1967-09-30,5.41687
1967-10-01,0.00043516047
1967-10-02,0.72193146
1967-10-03,0.13935566
1967-10-04,3.063202
1967-10-05,0.42271614
1967-10-06,0.17642975
1967-10-07,0.038832426
1967-10-08,0.03963709
1967-10-09,0.0012945384
1967-10-10,0.00043516047
1967-10-11,0.0
1967-10-12,4.6043396
1967-10-13,17.440796
1967-10-14,1.7709732
1967-10-15,0.00043516047
1967-10-16,0.00087032095
1967-10-17,0.61130524
1967-10-18,0.0059977174
1967-10-19,0.0
1967-10-20,0.00086426735
1967-10-21,7.4920654
1967-10-22,6.0539246
1967-10-23,0.0
1967-10-24,0.40626526
1967-10-25,0.34952164
1967-10-26,0.010199845
1967-10-27,7.297516
1967-10-28,5.630493
1967-10-29,3.709793
1967-10-30,0.94890594
1967-10-31,19.729614
1967-11-01,6.385803
1967-11-02,9.475708
1967-11-03,2.2830963
1967-11-04,9.70459
1967-11-05,0.7100105
1967-11-06,2.9335022
1967-11-07,0.010073185
1967-11-08,0.077843666
1967-11-09,0.14579296
1967-11-10,0.08869171
1967-11-11,0.0029988587
1967-11-12,0.0012814999
1967-11-13,0.00085681677
1967-11-14,6.134033
1967-11-15,1.2788773
1967-11-16,4.5280457
1967-11-17,1.9521713
1967-11-18,5.1231384
1967-11-19,1.0147095
1967-11-20,0.6556511
1967-11-21,0.541687
1967-11-22,0.0017229468
1967-11-23,0.001299195
1967-11-24,0.0
1967-11-25,1.7538071
1967-11-26,7.7705383
1967-11-27,0.27036667
1967-11-28,0.64754486
1967-11-29,3.2691956
1967-11-30,0.0077560544
1967-12-01,0.0012768432
1967-12-02,0.00043516047
1967-12-03,0.021785498
1967-12-04,0.028088689
1967-12-05,0.0064074993
1967-12-06,0.70142746
1967-12-07,0.42963028
1967-12-08,3.6563873
1967-12-09,7.6141357
1967-12-10,0.026777387
1967-12-11,0.04002452
1967-12-12,0.40912628
1967-12-13,0.3478527
1967-12-14,0.0021494925
1967-12-15,0.021263957
1967-12-16,0.09703636
1967-12-17,0.34856796
1967-12-18,0.043034554
1967-12-19,4.9095154
1967-12-20,0.0065267086
1967-12-21,0.004373491
1967-12-22,0.11330843
1967-12-23,2.0809174
1967-12-24,4.4441223
1967-12-25,6.919861
1967-12-26,1.0871887
1967-12-27,0.011056662
1967-12-28,2.7694702
1967-12-29,2.5405884
1967-12-30,0.06937981
1967-12-31,2.161026
1968-01-01,3.8547516
1968-01-02,0.92077255
1968-01-03,1.4019012
1968-01-04,0.15795231
1968-01-05,1.6899109
1968-01-06,4.3640137
1968-01-07,3.0651093
1968-01-08,0.32114983
1968-01-09,7.56073
1968-01-10,2.6359558
1968-01-11,0.5297661
1968-01-12,4.4784546
1968-01-13,0.009588897
1968-01-14,0.010326505
1968-01-15,0.0
1968-01-16,0.00086613
1968-01-17,2.8038025
1968-01-18,0.15926361
1968-01-19,0.09971857
1968-01-20,0.004284084
1968-01-21,0.00044098124
1968-01-22,0.0017164275
1968-01-23,0.055879354
1968-01-24,0.7491112
1968-01-25,0.33187866
1968-01-26,0.4234314
1968-01-27,0.009655952
1968-01-28,1.5525818
1968-01-29,0.0030044466
1968-01-30,0.00043516047
1968-01-31,0.00043516047
1968-02-01,0.14352798
1968-02-02,1.3542175
1968-02-03,3.1719208
1968-02-04,0.007145107
1968-02-05,11.459351
1968-02-06,6.7329407
1968-02-07,3.3607483
1968-02-08,6.877899
1968-02-09,7.648468
1968-02-10,0.025689602
1968-02-11,3.9291382
1968-02-12,1.5068054
1968-02-13,2.571106
1968-02-14,2.527237
1968-02-15,1.3217926
1968-02-16,0.016972423
1968-02-17,0.0017248094
1968-02-18,0.003008172
1968-02-19,4.306793
1968-02-20,0.54883957
1968-02-21,5.657196
1968-02-22,2.6302338
1968-02-23,0.6375313
1968-02-24,0.197649
1968-02-25,0.9870529
1968-02-26,6.30188
1968-02-27,0.008739531
1968-02-28,0.0040121377
1968-02-29,0.0021439046
1968-03-01,0.0012842938
1968-03-02,0.017240644
1968-03-03,0.021830201
1968-03-04,0.00086054206
1968-03-05,0.0008614734
1968-03-06,2.3403168
1968-03-07,1.4801025
1968-03-08,0.14019012
1968-03-09,0.00043516047
1968-03-10,0.0017164275
1968-03-11,0.33283234
1968-03-12,0.001761131
1968-03-13,0.00086426735
1968-03-14,0.0034179538
1968-03-15,4.306793
1968-03-16,3.6334991
1968-03-17,0.16117096
1968-03-18,1.0147095
1968-03-19,1.4095306
1968-03-20,2.99263
1968-03-21,3.6296844
1968-03-22,3.0651093
1968-03-23,0.18393993
1968-03-24,0.29206276
1968-03-25,9.918213
1968-03-26,1.8978119
1968-03-27,0.009976327
1968-03-28,0.0
1968-03-29,0.0017108396
1968-03-30,2.1457672
1968-03-31,0.043541193
1968-04-01,0.0028051436
1968-04-02,0.6837845
1968-04-03,2.5978088
1968-04-04,9.971619
1968-04-05,22.506714
1968-04-06,8.071899
1968-04-07,4.573822
1968-04-08,0.00085216016
1968-04-09,0.0
1968-04-10,0.0012861565
1968-04-11,0.1436472
1968-04-12,0.0012759119
1968-04-13,0.30851364
1968-04-14,1.5439987
1968-04-15,0.008486211
1968-04-16,1.7881393
1968-04-17,0.18954277
1968-04-18,0.8711815
1968-04-19,0.00043516047
1968-04-20,0.00043516047
1968-04-21,0.46634674
1968-04-22,5.6877136
1968-04-23,7.5149536
1968-04-24,0.11438131
1968-04-25,0.0004263129
1968-04-26,0.0008614734
1968-04-27,19.256592
1968-04-28,4.8103333
1968-04-29,2.5196075
1968-04-30,2.0999908
1968-05-01,4.0626526
1968-05-02,2.8934479
1968-05-03,4.1542053
1968-05-04,10.925293
1968-05-05,3.8814545
1968-05-06,5.9394836
1968-05-07,4.688263
1968-05-08,5.1651
1968-05-09,1.2960434
1968-05-10,0.057846308
1968-05-11,0.1026988
1968-05-12,0.37646294
1968-05-13,0.00085588545
1968-05-14,0.002572313
1968-05-15,0.0008526258
1968-05-16,0.00042608008
1968-05-17,0.00086426735
1968-05-18,0.00042608008
1968-05-19,4.7454834
1968-05-20,21.362305
1968-05-21,0.039190054
1968-05-22,0.0012852252
1968-05-23,1.3532639
1968-05-24,4.211426
1968-05-25,7.156372
1968-05-26,2.9449463
1968-05-27,0.6260872
1968-05-28,0.5106926
1968-05-29,2.6416779
1968-05-30,0.03811717
1968-05-31,0.050991774
1968-06-01,0.21147728
1968-06-02,1.7557144
1968-06-03,0.7123947
1968-06-04,0.24187565
1968-06-05,0.161767
1968-06-06,0.008538365
1968-06-07,0.03668666
1968-06-08,0.030994415
1968-06-09,0.0
1968-06-10,0.00085821375
1968-06-11,0.0017108396
1968-06-12,0.0012824312
1968-06-13,0.28014183
1968-06-14,6.9885254
1968-06-15,0.5283356
1968-06-16,2.0980835
1968-06-17,0.029563904
1968-06-18,19.378662
1968-06-19,2.5615692
1968-06-20,0.45776367
1968-06-21,0.30183792
1968-06-22,0.57792664
1968-06-23,24.780273
1968-06-24,0.6341934
1968-06-25,0.0
1968-06-26,3.5133362
1968-06-27,0.0025853515
1968-06-28,0.12165308
1968-06-29,0.00085216016
1968-06-30,0.00043516047
1968-07-01,1.8205643
1968-07-02,0.06651878
1968-07-03,0.002577901
1968-07-04,0.0021513551
1968-07-05,40.71045
1968-07-06,0.042438507
1968-07-07,1.1749268
1968-07-08,1.0290146
1968-07-09,0.5245209
1968-07-10,18.051147
1968-07-11,0.42510033
1968-07-12,0.02041459
1968-07-13,0.5283356
1968-07-14,2.401352
1968-07-15,1.7137527
1968-07-16,5.836487
1968-07-17,0.8163452
1968-07-18,0.08225441
1968-07-19,0.00042608008
1968-07-20,0.0012796372
1968-07-21,0.00041117892
1968-07-22,0.0016987324
1968-07-23,0.00086193904
1968-07-24,0.00043516047
1968-07-25,0.00044098124
1968-07-26,0.00043516047
1968-07-27,0.00043516047
1968-07-28,0.37121773
1968-07-29,8.7890625
1968-07-30,12.954712
1968-07-31,7.4005127
1968-08-01,27.832031
1968-08-02,28.4729
1968-08-03,0.0
1968-08-04,0.5350113
1968-08-05,10.4904175
1968-08-06,1.5897751
1968-08-07,2.0217896
1968-08-08,8.560181
1968-08-09,2.8324127
1968-08-10,0.5760193
1968-08-11,2.4166107
1968-08-12,0.6799698
1968-08-13,3.709793
1968-08-14,2.0828247
1968-08-15,0.8239746
1968-08-16,0.47397614
1968-08-17,1.6117096
1968-08-18,0.45752525
1968-08-19,0.00086659566
1968-08-20,0.048816204
1968-08-21,0.0012945384
1968-08-22,0.0012870878
1968-08-23,0.00044098124
1968-08-24,0.0017145649
1968-08-25,0.12588501
1968-08-26,0.07045269
1968-08-27,6.4048767
1968-08-28,15.335083
1968-08-29,20.996094
1968-08-30,3.6811829
1968-08-31,1.4381409
1968-09-01,0.2361536
1968-09-02,8.010864
1968-09-03,9.361267
1968-09-04,0.55265427
1968-09-05,0.0016950071
1968-09-06,0.9407997
1968-09-07,0.00085216016
1968-09-08,0.0008614734
1968-09-09,0.00085216016
1968-09-10,4.8980713
1968-09-11,1.1281967
1968-09-12,0.11074543
1968-09-13,3.81279
1968-09-14,6.7100525
1968-09-15,1.332283
1968-09-16,6.881714
1968-09-17,1.1672974
1968-09-18,1.7309189
1968-09-19,0.31590462
1968-09-20,8.5372925
1968-09-21,17.349243
1968-09-22,0.71525574
1968-09-23,2.0103455
1968-09-24,0.79631805
1968-09-25,0.0021401793
1968-09-26,0.00085961074
1968-09-27,3.7555695
1968-09-28,0.41532516
1968-09-29,6.0806274
1968-09-30,0.24986267
1968-10-01,0.04336238
1968-10-02,0.019595027
1968-10-03,0.00044191256
1968-10-04,0.005580485
1968-10-05,0.055611134
1968-10-06,0.06324053
1968-10-07,7.0762634
1968-10-08,29.312134
1968-10-09,0.6918907
1968-10-10,0.0008554198
1968-10-11,0.0017108396
1968-10-12,0.0008502975
1968-10-13,0.0012870878
1968-10-14,0.71811676
1968-10-15,0.9007454
1968-10-16,0.00043516047
1968-10-17,0.00043516047
1968-10-18,0.00044098124
1968-10-19,0.10675192
1968-10-20,0.00085821375
1968-10-21,0.00044098124
1968-10-22,0.0017154962
1968-10-23,0.00085216016
1968-10-24,9.750366
1968-10-25,5.077362
1968-10-26,0.35881996
1968-10-27,0.0
1968-10-28,1.2102127
1968-10-29,0.016853213
1968-10-30,0.00085821375
1968-10-31,0.00042608008
1968-11-01,0.62036514
1968-11-02,2.1362305
1968-11-03,2.2697449
1968-11-04,0.0004172325
1968-11-05,1.3513565
1968-11-06,2.7160645
1968-11-07,3.0097961
1968-11-08,1.3170242
1968-11-09,0.15449524
1968-11-10,0.26130676
1968-11-11,1.9226074
1968-11-12,0.006891787
1968-11-13,0.00043516047
1968-11-14,0.0012908131
1968-11-15,0.0012842938
1968-11-16,0.42772293
1968-11-17,1.0938644
1968-11-18,0.21374226
1968-11-19,0.14936924
1968-11-20,0.0017201528
1968-11-21,0.0012908131
1968-11-22,0.019058585
1968-11-23,0.016480684
1968-11-24,0.28061867
1968-11-25,0.13792515
1968-11-26,0.0
1968-11-27,0.002577901
1968-11-28,1.0890961
1968-11-29,2.4757385
1968-11-30,3.3626556
1968-12-01,0.013187528
1968-12-02,0.0012870878
1968-12-03,0.021591783
1968-12-04,0.27513504
1968-12-05,0.0055767596
1968-12-06,0.00085216016
1968-12-07,0.019744039
1968-12-08,0.22470951
1968-12-09,0.07772446
1968-12-10,2.3155212
1968-12-11,0.1938343
1968-12-12,0.034868717
1968-12-13,3.40271
1968-12-14,6.088257
1968-12-15,6.1035156
1968-12-16,15.220642
1968-12-17,6.340027
1968-12-18,4.974365
1968-12-19,1.0004044
1968-12-20,2.0370483
1968-12-21,1.5659332
1968-12-22,1.3179779
1968-12-23,1.5144348
1968-12-24,1.458168
1968-12-25,3.5171509
1968-12-26,10.345459
1968-12-27,0.0022500753
1968-12-28,1.4324188
1968-12-29,1.8978119
1968-12-30,2.1648407
1968-12-31,0.013925135
1969-01-01,0.0077560544
1969-01-02,0.013306737
1969-01-03,0.038266182
1969-01-04,0.003874302
1969-01-05,0.008158386
1969-01-06,0.1348257
1969-01-07,0.3736019
1969-01-08,0.2784729
1969-01-09,0.00043516047
1969-01-10,0.061631203
1969-01-11,0.0049956143
1969-01-12,2.3002625
1969-01-13,5.847931
1969-01-14,17.974854
1969-01-15,7.62558
1969-01-16,6.4086914
1969-01-17,12.840271
1969-01-18,16.89148
1969-01-19,0.0026412308
1969-01-20,0.0030044466
1969-01-21,0.0021476299
1969-01-22,0.0021401793
1969-01-23,0.06198883
1969-01-24,0.08356571
1969-01-25,0.07879734
1969-01-26,0.0
1969-01-27,0.0
1969-01-28,3.8394928
1969-01-29,3.4542084
1969-01-30,0.62561035
1969-01-31,0.09524822
1969-02-01,0.00085216016
1969-02-02,4.2762756
1969-02-03,2.0484924
1969-02-04,0.006131828
1969-02-05,0.00085216016
1969-02-06,0.001301989
1969-02-07,0.8792877
1969-02-08,0.14328957
1969-02-09,0.0
1969-02-10,0.038415194
1969-02-11,4.508972
1969-02-12,3.5991669
1969-02-13,5.390167
1969-02-14,3.1929016
1969-02-15,0.10281801
1969-02-16,0.008136034
1969-02-17,1.2102127
1969-02-18,5.2375793
1969-02-19,3.7250519
1969-02-20,0.057280064
1969-02-21,1.1024475
1969-02-22,0.98514557
1969-02-23,2.2411346
1969-02-24,1.6393661
1969-02-25,4.425049
1969-02-26,0.30732155
1969-02-27,0.7472038
1969-02-28,0.92315674
1969-03-01,1.6727448
1969-03-02,4.863739
1969-03-03,2.8629303
1969-03-04,8.178711
1969-03-05,0.7328987
1969-03-06,0.0017136335
1969-03-07,0.0021345913
1969-03-08,0.0021494925
1969-03-09,0.00085821375
1969-03-10,1.996994
1969-03-11,1.3189316
1969-03-12,4.272461
1969-03-13,4.9819946
1969-03-14,7.3280334
1969-03-15,10.856628
1969-03-16,3.2424927
1969-03-17,10.284424
1969-03-18,6.7596436
1969-03-19,7.2517395
1969-03-20,0.34213066
1969-03-21,0.18715858
1969-03-22,22.338867
1969-03-23,0.9050369
1969-03-24,0.0017182902
1969-03-25,0.1809597
1969-03-26,0.46300888
1969-03-27,0.40459633
1969-03-28,0.07104874
1969-03-29,0.0075884163
1969-03-30,0.14460087
1969-03-31,0.43559074
1969-04-01,1.5172958
1969-04-02,0.40531158
1969-04-03,0.26345253
1969-04-04,2.313614
1969-04-05,2.2029877
1969-04-06,5.2223206
1969-04-07,1.7518997
1969-04-08,0.3683567
1969-04-09,0.161767
1969-04-10,0.032901764
1969-04-11,0.06741285
1969-04-12,4.7035217
1969-04-13,1.7375946
1969-04-14,0.8940697
1969-04-15,0.9880066
1969-04-16,0.6942749
1969-04-17,0.61655045
1969-04-18,0.003542751
1969-04-19,1.7747879
1969-04-20,3.8280487
1969-04-21,13.877869
1969-04-22,13.404846
1969-04-23,0.995636
1969-04-24,0.1835823
1969-04-25,11.619568
1969-04-26,26.916504
1969-04-27,9.83429
1969-04-28,0.7944107
1969-04-29,0.54216385
1969-04-30,0.0680089
1969-05-01,0.0127106905
1969-05-02,2.105713
1969-05-03,2.5024414
1969-05-04,5.077362
1969-05-05,3.9634705
1969-05-06,2.4986267
1969-05-07,3.3874512
1969-05-08,13.557434
1969-05-09,4.875183
1969-05-10,0.103354454
1969-05-11,0.0017117709
1969-05-12,0.00043562613
1969-05-13,0.008493662
1969-05-14,2.8247833
1969-05-15,0.39625168
1969-05-16,0.34976006
1969-05-17,0.15974045
1969-05-18,0.9908676
1969-05-19,0.0029988587
1969-05-20,0.00087032095
1969-05-21,0.0008465722
1969-05-22,0.4916191
1969-05-23,5.718231
1969-05-24,20.828247
1969-05-25,11.08551
1969-05-26,0.34308434
1969-05-27,18.722534
1969-05-28,8.659363
1969-05-29,2.193451
1969-05-30,4.688263
1969-05-31,0.5722046
1969-06-01,0.45013428
1969-06-02,0.41127205
1969-06-03,0.0017052516
1969-06-04,5.0239563
1969-06-05,0.26750565
1969-06-06,0.037670135
1969-06-07,0.0008554198
1969-06-08,0.0034235418
1969-06-09,2.2411346
1969-06-10,0.0008651987
1969-06-11,1.0280609
1969-06-12,10.063171
1969-06-13,5.0239563
1969-06-14,1.2788773
1969-06-15,0.06902218
1969-06-16,0.75674057
1969-06-17,0.8111
1969-06-18,2.243042
1969-06-19,0.3311634
1969-06-20,0.5173683
1969-06-21,5.836487
1969-06-22,29.296875
1969-06-23,16.38794
1969-06-24,2.166748
1969-06-25,1.0328293
1969-06-26,0.03954768
1969-06-27,0.00085216016
1969-06-28,0.001674518
1969-06-29,0.0038668513
1969-06-30,0.36382675
1969-07-01,0.60510635
1969-07-02,0.0359118
1969-07-03,0.0025629997
1969-07-04,0.001293607
1969-07-05,0.00085821375
1969-07-06,0.35309792
1969-07-07,0.6136894
1969-07-08,0.47326088
1969-07-09,0.14293194
1969-07-10,0.055879354
1969-07-11,0.00044098124
1969-07-12,0.0056549907
1969-07-13,0.0021718442
1969-07-14,0.00085821375
1969-07-15,0.00086426735
1969-07-16,0.13744831
1969-07-17,0.018551946
1969-07-18,0.00043516047
1969-07-19,0.00087032095
1969-07-20,0.0012814999
1969-07-21,0.1283884
1969-07-22,0.00085448846
1969-07-23,0.0067539513
1969-07-24,6.8740845
1969-07-25,1.083374
1969-07-26,0.25200844
1969-07-27,0.0243783
1969-07-28,2.4795532
1969-07-29,16.37268
1969-07-30,0.0012982637
1969-07-31,0.00085216016
1969-08-01,11.871338
1969-08-02,2.1152496
1969-08-03,0.0
1969-08-04,0.0017499551
1969-08-05,1.1968613
1969-08-06,0.021651387
1969-08-07,0.020727515
1969-08-08,0.0017117709
1969-08-09,0.034838915
1969-08-10,1.5954971
1969-08-11,8.842468
1969-08-12,8.346558
1969-08-13,3.5305023
1969-08-14,0.33807755
1969-08-15,1.1758804
1969-08-16,1.1329651
1969-08-17,0.29468536
1969-08-18,0.002110377
1969-08-19,0.0
1969-08-20,0.0038519502
1969-08-21,0.11754036
1969-08-22,0.770092
1969-08-23,1.2817383
1969-08-24,0.08660555
1969-08-25,0.80156326
1969-08-26,0.031471252
1969-08-27,1.7194748
1969-08-28,0.09894371
1969-08-29,1.5468597
1969-08-30,0.1872778
1969-08-31,0.04541874
1969-09-01,5.065918
1969-09-02,21.560669
1969-09-03,5.290985
1969-09-04,4.2266846
1969-09-05,0.16224384
1969-09-06,5.6419373
1969-09-07,5.9509277
1969-09-08,4.173279
1969-09-09,4.787445
1969-09-10,0.16319752
1969-09-11,0.001293607
1969-09-12,4.547119
1969-09-13,24.673462
1969-09-14,31.768799
1969-09-15,1.6975403
1969-09-16,4.5928955
1969-09-17,3.271103
1969-09-18,12.588501
1969-09-19,0.18036366
1969-09-20,1.7786026
1969-09-21,0.024870038
1969-09-22,0.00087125227
1969-09-23,0.002572313
1969-09-24,0.00085821375
1969-09-25,0.2503395
1969-09-26,0.00085216016
1969-09-27,0.0
1969-09-28,0.009089708
1969-09-29,9.384155
1969-09-30,17.868042
1969-10-01,0.051230192
1969-10-02,0.00044098124
1969-10-03,0.00085216016
1969-10-04,0.0021401793
1969-10-05,0.0
1969-10-06,0.0017136335
1969-10-07,0.00085216016
1969-10-08,0.0
1969-10-09,0.00042608008
1969-10-10,0.0021457672
1969-10-11,0.0017285347
1969-10-12,0.0
1969-10-13,2.4261475
1969-10-14,6.4468384
1969-10-15,0.013962388
1969-10-16,0.0
1969-10-17,0.0012861565
1969-10-18,1.1501312
1969-10-19,0.5750656
1969-10-20,1.584053
1969-10-21,0.7505417
1969-10-22,0.5903244
1969-10-23,0.11342764
1969-10-24,0.04079938
1969-10-25,0.040978193
1969-10-26,0.014781952
1969-10-27,0.00043516047
1969-10-28,0.0017136335
1969-10-29,0.77676773
1969-10-30,0.15366077
1969-10-31,0.00042608008
1969-11-01,0.14662743
1969-11-02,2.243042
1969-11-03,0.11765957
1969-11-04,0.1360178
1969-11-05,0.5540848
1969-11-06,3.255844
1969-11-07,8.964539
1969-11-08,3.1204224
1969-11-09,4.9934387
1969-11-10,0.3979206
1969-11-11,0.25320053
1969-11-12,11.390686
1969-11-13,4.1770935
1969-11-14,0.44035912
1969-11-15,2.9640198
1969-11-16,2.5672913
1969-11-17,6.286621
1969-11-18,0.16009808
1969-11-19,0.00885129
1969-11-20,0.00043516047
1969-11-21,6.137848
1969-11-22,0.09649992
1969-11-23,5.279541
1969-11-24,1.2359619
1969-11-25,3.2615662
1969-11-26,0.4863739
1969-11-27,0.0
1969-11-28,5.683899
1969-11-29,0.16665459
1969-11-30,0.09930134
1969-12-01,0.0033862889
1969-12-02,0.40531158
1969-12-03,16.098022
1969-12-04,5.9661865
1969-12-05,0.08606911
1969-12-06,4.8294067
1969-12-07,1.4238358
1969-12-08,2.1800995
1969-12-09,0.16832352
1969-12-10,0.0
1969-12-11,0.012218952
1969-12-12,0.075399876
1969-12-13,0.03540516
1969-12-14,9.315491
1969-12-15,7.4272156
1969-12-16,1.3933182
1969-12-17,8.087158
1969-12-18,4.9362183
1969-12-19,6.92749
1969-12-20,0.22375584
1969-12-21,0.006068498
1969-12-22,4.4441223
1969-12-23,0.4246235
1969-12-24,0.23639202
1969-12-25,2.6111603
1969-12-26,6.9465637
1969-12-27,0.030204654
1969-12-28,0.063061714
1969-12-29,8.232117
1969-12-30,1.2540817
1969-12-31,0.16856194
1970-01-01,0.026986003
1970-01-02,0.0023506582
1970-01-03,0.00042957254
1970-01-04,7.5531006
1970-01-05,1.6975403
1970-01-06,0.001299195
1970-01-07,0.0005005859
1970-01-08,2.3517609
1970-01-09,3.255844
1970-01-10,0.035077333
1970-01-11,5.1498413
1970-01-12,1.5497208
1970-01-13,0.4196167
1970-01-14,1.241684
1970-01-15,0.63323975
1970-01-16,4.295349
1970-01-17,0.034868717
1970-01-18,2.1419525
1970-01-19,0.09638071
1970-01-20,6.565094
1970-01-21,0.84352493
1970-01-22,0.099778175
1970-01-23,0.5784035
1970-01-24,0.043958426
1970-01-25,2.2335052
1970-01-26,13.420105
1970-01-27,0.041604042
1970-01-28,0.0017164275
1970-01-29,15.777588
1970-01-30,11.749268
1970-01-31,0.04222989
1970-02-01,6.099701
1970-02-02,7.911682
1970-02-03,1.2893677
1970-02-04,4.009247
1970-02-05,4.6157837
1970-02-06,0.1680851
1970-02-07,0.50735474
1970-02-08,1.3399124
1970-02-09,1.9273758
1970-02-10,2.7637482
1970-02-11,9.086609
1970-02-12,2.6073456
1970-02-13,2.2602081
1970-02-14,4.5318604
1970-02-15,0.0026989728
1970-02-16,5.7678223
1970-02-17,9.513855
1970-02-18,1.2292862
1970-02-19,0.4348755
1970-02-20,3.648758
1970-02-21,0.40769577
1970-02-22,0.28777122
1970-02-23,3.4008026
1970-02-24,0.7543564
1970-02-25,2.4337769
1970-02-26,0.034332275
1970-02-27,0.012598932
1970-02-28,0.004298985
1970-03-01,0.0005303882
1970-03-02,2.7923584
1970-03-03,1.6822815
1970-03-04,5.7258606
1970-03-05,0.0037346035
1970-03-06,1.0652542
1970-03-07,2.7313232
1970-03-08,2.7256012
1970-03-09,0.35715103
1970-03-10,4.9057007
1970-03-11,0.0034365803
1970-03-12,5.0849915
1970-03-13,1.531601
1970-03-14,0.00032782555
1970-03-15,0.35881996
1970-03-16,0.28157234
1970-03-17,0.15449524
1970-03-18,4.4898987
1970-03-19,0.2758503
1970-03-20,0.0
1970-03-21,0.5788803
1970-03-22,0.62322617
1970-03-23,4.966736
1970-03-24,1.9369125
1970-03-25,5.6915283
1970-03-26,0.020951033
1970-03-27,0.00085216016
1970-03-28,0.010430813
1970-03-29,0.103235245
1970-03-30,0.52022934
1970-03-31,5.3253174
1970-04-01,3.5095215
1970-04-02,0.682354
1970-04-03,0.049859285
1970-04-04,1.9683838
1970-04-05,1.9245148
1970-04-06,1.3942719
1970-04-07,1.4972687
1970-04-08,2.943039
1970-04-09,7.369995
1970-04-10,2.7885437
1970-04-11,9.254456
1970-04-12,1.3771057
1970-04-13,3.08609
1970-04-14,0.99658966
1970-04-15,0.2503395
1970-04-16,0.00042608008
1970-04-17,0.00043516047
1970-04-18,0.37145615
1970-04-19,5.4130554
1970-04-20,1.6908646
1970-04-21,0.73099136
1970-04-22,0.0040084124
1970-04-23,0.02579391
1970-04-24,1.1034012
1970-04-25,8.041382
1970-04-26,5.970001
1970-04-27,3.698349
1970-04-28,1.2626648
1970-04-29,2.4528503
1970-04-30,0.2641678
1970-05-01,2.0656586
1970-05-02,0.07587671
1970-05-03,0.0
1970-05-04,1.1959076
1970-05-05,5.66864
1970-05-06,2.691269
1970-05-07,26.657104
1970-05-08,2.571106
1970-05-09,14.0686035
1970-05-10,0.31018257
1970-05-11,0.5121231
1970-05-12,0.38146973
1970-05-13,0.08159876
1970-05-14,5.2986145
1970-05-15,3.320694
1970-05-16,9.277344
1970-05-17,2.5978088
1970-05-18,0.7863045
1970-05-19,0.0
1970-05-20,0.22149086
1970-05-21,0.092327595
1970-05-22,0.45919418
1970-05-23,0.00087404624
1970-05-24,0.0
1970-05-25,0.5726814
1970-05-26,0.00872463
1970-05-27,0.00085216016
1970-05-28,0.00085821375
1970-05-29,0.072062016
1970-05-30,0.002603978
1970-05-31,0.00043516047
1970-06-01,0.00042608008
1970-06-02,0.0
1970-06-03,0.0017173588
1970-06-04,7.789612
1970-06-05,1.452446
1970-06-06,9.162903
1970-06-07,7.8201294
1970-06-08,4.6043396
1970-06-09,6.6871643
1970-06-10,0.006534159
1970-06-11,0.008068979
1970-06-12,2.521515
1970-06-13,1.7566681
1970-06-14,5.98526
1970-06-15,11.360168
1970-06-16,2.1591187
1970-06-17,0.4284382
1970-06-18,2.9506683
1970-06-19,0.6532669
1970-06-20,0.24271011
1970-06-21,0.0017238781
1970-06-22,0.5393028
1970-06-23,1.4896393
1970-06-24,0.005263835
1970-06-25,0.0008614734
1970-06-26,0.017419457
1970-06-27,4.9972534
1970-06-28,1.1482239
1970-06-29,0.50115585
1970-06-30,0.22816658
1970-07-01,1.1882782
1970-07-02,0.2527237
1970-07-03,0.67806244
1970-07-04,0.00043516047
1970-07-05,0.00085216016
1970-07-06,0.0
1970-07-07,1.6651154
1970-07-08,0.6928444
1970-07-09,2.4604797
1970-07-10,0.0
1970-07-11,0.0
1970-07-12,0.00044307671
1970-07-13,0.0022649765
1970-07-14,0.051379204
1970-07-15,0.92077255
1970-07-16,0.0020917505
1970-07-17,0.0017164275
1970-07-18,0.0
1970-07-19,0.048935413
1970-07-20,0.87976456
1970-07-21,0.019550323
1970-07-22,0.24318695
1970-07-23,5.04303
1970-07-24,0.3695488
1970-07-25,1.0108948
1970-07-26,0.037252903
1970-07-27,0.00042608008
1970-07-28,12.969971
1970-07-29,1.1386871
1970-07-30,0.0017136335
1970-07-31,0.034987926
1970-08-01,0.14126301
1970-08-02,1.458168
1970-08-03,6.755829
1970-08-04,4.951477
1970-08-05,8.575439
1970-08-06,1.458168
1970-08-07,14.160156
1970-08-08,1.3055801
1970-08-09,1.7843246
1970-08-10,0.060111284
1970-08-11,0.047773123
1970-08-12,0.00086426735
1970-08-13,1.5850067
1970-08-14,6.477356
1970-08-15,0.0012880191
1970-08-16,1.5439987
1970-08-17,0.008136034
1970-08-18,2.0122528
1970-08-19,4.306793
1970-08-20,0.14173985
1970-08-21,0.8010864
1970-08-22,0.60606
1970-08-23,4.837036
1970-08-24,0.009723008
1970-08-25,0.00085216016
1970-08-26,0.003060326
1970-08-27,0.7824898
1970-08-28,29.663086
1970-08-29,5.935669
1970-08-30,1.1749268
1970-08-31,0.07212162
1970-09-01,0.5378723
1970-09-02,0.00040233135
1970-09-03,4.371643
1970-09-04,0.0012814999
1970-09-05,0.012651086
1970-09-06,0.008948147
1970-09-07,11.833191
1970-09-08,2.5787354
1970-09-09,0.24938583
1970-09-10,13.48877
1970-09-11,9.429932
1970-09-12,0.4749298
1970-09-13,0.23019314
1970-09-14,1.4476776
1970-09-15,3.3664703
1970-09-16,0.17166138
1970-09-17,0.0
1970-09-18,0.0008530915
1970-09-19,0.00085681677
1970-09-20,0.0021699816
1970-09-21,0.0012842938
1970-09-22,0.001299195
1970-09-23,0.0423491
1970-09-24,0.074625015
1970-09-25,0.19848347
1970-09-26,0.00043516047
1970-09-27,0.0
1970-09-28,0.0013140962
1970-09-29,0.00042608008
1970-09-30,0.76675415
1970-10-01,1.9407272
1970-10-02,1.0519028
1970-10-03,0.23984909
1970-10-04,0.0
1970-10-05,0.00042608008
1970-10-06,15.853882
1970-10-07,8.56781
1970-10-08,0.6337166
1970-10-09,1.9264221
1970-10-10,0.5221367
1970-10-11,3.9215088
1970-10-12,0.47159195
1970-10-13,0.001299195
1970-10-14,0.00085216016
1970-10-15,0.00086426735
1970-10-16,0.00085216016
1970-10-17,0.0016912818
1970-10-18,0.0
1970-10-19,0.21576881
1970-10-20,2.3498535
1970-10-21,0.17940998
1970-10-22,0.09083748
1970-10-23,0.024065375
1970-10-24,0.00044098124
1970-10-25,0.001293607
1970-10-26,0.0017238781
1970-10-27,0.0
1970-10-28,0.0039227307
1970-10-29,0.085532665
1970-10-30,0.0030137599
1970-10-31,0.0025741756
1970-11-01,0.00044098124
1970-11-02,0.00085216016
1970-11-03,0.0042803586
1970-11-04,0.45132637
1970-11-05,0.8506775
1970-11-06,0.08571148
1970-11-07,12.252808
1970-11-08,0.08952618
1970-11-09,0.45776367
1970-11-10,0.05120039
1970-11-11,0.0
1970-11-12,1.786232
1970-11-13,0.55265427
1970-11-14,8.850098
1970-11-15,1.4772415
1970-11-16,1.077652
1970-11-17,1.2168884
1970-11-18,13.908386
1970-11-19,9.963989
1970-11-20,8.293152
1970-11-21,4.4136047
1970-11-22,0.39172173
1970-11-23,0.0012610108
1970-11-24,0.0012908131
1970-11-25,0.00042608008
1970-11-26,0.0021494925
1970-11-27,0.0017229468
1970-11-28,0.18441677
1970-11-29,2.500534
1970-11-30,1.3084412
1970-12-01,2.5634766
1970-12-02,0.73337555
1970-12-03,0.40268898
1970-12-04,0.40245056
1970-12-05,0.030204654
1970-12-06,0.0021513551
1970-12-07,4.245758
1970-12-08,1.1253357
1970-12-09,0.00087032095
1970-12-10,0.0012842938
1970-12-11,0.00086892396
1970-12-12,0.018700957
1970-12-13,6.023407
1970-12-14,0.05045533
1970-12-15,0.017404556
1970-12-16,0.00020861626
1970-12-17,0.035464764
1970-12-18,0.0023487955
1970-12-19,0.004298985
1970-12-20,0.00087032095
1970-12-21,0.00987947
1970-12-22,0.00043516047
1970-12-23,0.0075288117
1970-12-24,1.0156631
1970-12-25,0.052154064
1970-12-26,0.08368492
1970-12-27,0.014334917
1970-12-28,0.006970018
1970-12-29,0.02963841
1970-12-30,5.657196
1970-12-31,0.4658699
1971-01-01,0.07921457
1971-01-02,0.048458576
1971-01-03,1.991272
1971-01-04,0.005889684
1971-01-05,3.3168793
1971-01-06,0.2734661
1971-01-07,0.03734231
1971-01-08,0.000863336
1971-01-09,0.0
1971-01-10,0.0
1971-01-11,0.00042608008
1971-01-12,0.65374374
1971-01-13,3.211975
1971-01-14,4.8599243
1971-01-15,4.40979
1971-01-16,0.036895275
1971-01-17,0.00086426735
1971-01-18,4.2304993
1971-01-19,12.992859
1971-01-20,8.06427
1971-01-21,12.420654
1971-01-22,3.501892
1971-01-23,11.665344
1971-01-24,0.23186207
1971-01-25,9.269714
1971-01-26,10.5896
1971-01-27,1.2636185
1971-01-28,0.623703
1971-01-29,0.07098913
1971-01-30,1.8005371
1971-01-31,0.015959144
1971-02-01,3.0345917
1971-02-02,0.0069737434
1971-02-03,0.00086193904
1971-02-04,0.0058971345
1971-02-05,0.0017145649
1971-02-06,0.0017015263
1971-02-07,0.004325062
1971-02-08,0.0027865171
1971-02-09,0.0021401793
1971-02-10,0.0012870878
1971-02-11,0.0
1971-02-12,0.0032261014
1971-02-13,1.2378693
1971-02-14,0.3774166
1971-02-15,24.07837
1971-02-16,2.0599365
1971-02-17,11.46698
1971-02-18,3.7879944
1971-02-19,12.283325
1971-02-20,1.2016296
1971-02-21,4.4441223
1971-02-22,0.00821054
1971-02-23,0.0017164275
1971-02-24,0.0012740493
1971-02-25,0.0017229468
1971-02-26,0.0050626695
1971-02-27,0.64611435
1971-02-28,1.6565323
1971-03-01,0.0012870878
1971-03-02,0.86450577
1971-03-03,2.620697
1971-03-04,0.0045485795
1971-03-05,0.00086054206
1971-03-06,1.0128021
1971-03-07,0.0008540228
1971-03-08,0.00043516047
1971-03-09,0.0012302771
1971-03-10,0.13625622
1971-03-11,0.0025741756
1971-03-12,0.0025685877
1971-03-13,0.01566112
1971-03-14,0.48971176
1971-03-15,3.0078888
1971-03-16,4.184723
1971-03-17,2.5119781
1971-03-18,7.2364807
1971-03-19,3.4656525
1971-03-20,2.0275116
1971-03-21,2.2392273
1971-03-22,9.841919
1971-03-23,0.025600195
1971-03-24,0.00085821375
1971-03-25,0.06943941
1971-03-26,2.6226044
1971-03-27,1.2388229
1971-03-28,0.00043516047
1971-03-29,0.0008554198
1971-03-30,0.0
1971-03-31,0.0034403056
1971-04-01,0.18692017
1971-04-02,2.943039
1971-04-03,4.5280457
1971-04-04,3.6697388
1971-04-05,5.6114197
1971-04-06,0.13101101
1971-04-07,1.4858246
1971-04-08,1.5077591
1971-04-09,1.042366
1971-04-10,3.3683777
1971-04-11,0.004284084
1971-04-12,0.028789043
1971-04-13,0.0014482066
1971-04-14,0.008516014
1971-04-15,0.103354454
1971-04-16,6.866455
1971-04-17,1.5678406
1971-04-18,0.0012814999
1971-04-19,0.18203259
1971-04-20,0.00044098124
1971-04-21,0.3402233
1971-04-22,8.041382
1971-04-23,17.944336
1971-04-24,2.8305054
1971-04-25,0.5354881
1971-04-26,1.414299
1971-04-27,2.0103455
1971-04-28,0.02746284
1971-04-29,4.7035217
1971-04-30,13.130188
1971-05-01,3.490448
1971-05-02,0.27227402
1971-05-03,0.14591217
1971-05-04,0.13816357
1971-05-05,1.3074875
1971-05-06,0.002996996
1971-05-07,6.0920715
1971-05-08,0.77199936
1971-05-09,0.010095537
1971-05-10,0.0016093254
1971-05-11,0.15580654
1971-05-12,5.783081
1971-05-13,12.054443
1971-05-14,2.462387
1971-05-15,7.949829
1971-05-16,14.503479
1971-05-17,14.892578
1971-05-18,12.001038
1971-05-19,0.35095215
1971-05-20,11.314392
1971-05-21,6.4315796
1971-05-22,9.57489
1971-05-23,5.1727295
1971-05-24,5.302429
1971-05-25,3.6411285
1971-05-26,0.67186356
1971-05-27,7.7705383
1971-05-28,2.817154
1971-05-29,1.5974045
1971-05-30,1.0271072
1971-05-31,0.85783005
1971-06-01,0.12993813
1971-06-02,2.4719238
1971-06-03,0.2272129
1971-06-04,0.01399219
1971-06-05,6.5460205
1971-06-06,8.575439
1971-06-07,1.625061
1971-06-08,1.1692047
1971-06-09,8.041382
1971-06-10,2.0256042
1971-06-11,6.793976
1971-06-12,1.9817352
1971-06-13,12.969971
1971-06-14,12.161255
1971-06-15,9.994507
1971-06-16,0.47302246
1971-06-17,1.0099411
1971-06-18,0.0936985
1971-06-19,0.017210841
1971-06-20,0.066936016
1971-06-21,0.1411438
1971-06-22,0.004027039
1971-06-23,10.307312
1971-06-24,0.07134676
1971-06-25,0.49495697
1971-06-26,1.1177063
1971-06-27,0.2515316
1971-06-28,0.8382797
1971-06-29,0.0017043203
1971-06-30,0.51259995
1971-07-01,0.0021811575
1971-07-02,0.00044098124
1971-07-03,0.60892105
1971-07-04,7.1144104
1971-07-05,2.4089813
1971-07-06,0.18191338
1971-07-07,0.03015995
1971-07-08,0.00044098124
1971-07-09,0.00044098124
1971-07-10,0.0017164275
1971-07-11,0.010341406
1971-07-12,0.00044098124
1971-07-13,1.5802383
1971-07-14,0.0012889504
1971-07-15,0.0008624047
1971-07-16,0.0045225024
1971-07-17,5.153656
1971-07-18,8.377075
1971-07-19,3.0918121
1971-07-20,0.001007691
1971-07-21,0.003008172
1971-07-22,2.4909973
1971-07-23,20.355225
1971-07-24,2.1648407
1971-07-25,11.657715
1971-07-26,54.748535
1971-07-27,45.043945
1971-07-28,0.001671724
1971-07-29,0.0013010576
1971-07-30,2.2888184
1971-07-31,0.2887249
1971-08-01,0.0023506582
1971-08-02,9.536743
1971-08-03,23.147583
1971-08-04,0.044941902
1971-08-05,1.0347366
1971-08-06,3.9215088
1971-08-07,0.13959408
1971-08-08,0.00821799
1971-08-09,0.00051548705
1971-08-10,0.67567825
1971-08-11,1.8873215
1971-08-12,0.00043516047
1971-08-13,0.10561943
1971-08-14,9.475708
1971-08-15,0.42963028
1971-08-16,0.0048726797
1971-08-17,2.4528503
1971-08-18,12.214661
1971-08-19,4.3029785
1971-08-20,5.2337646
1971-08-21,2.3422241
1971-08-22,0.51641464
1971-08-23,0.015854836
1971-08-24,0.0012814999
1971-08-25,7.7285767
1971-08-26,4.2495728
1971-08-27,1.5983582
1971-08-28,0.014387071
1971-08-29,0.12397766
1971-08-30,3.5266876
1971-08-31,0.35119057
1971-09-01,0.0
1971-09-02,0.00042910688
1971-09-03,0.0025797635
1971-09-04,0.0025797635
1971-09-05,0.00042608008
1971-09-06,0.0
1971-09-07,0.00085216016
1971-09-08,0.0104904175
1971-09-09,5.844116
1971-09-10,3.8871765
1971-09-11,0.869751
1971-09-12,7.347107
1971-09-13,0.0
1971-09-14,0.0021383166
1971-09-15,0.0021494925
1971-09-16,0.0012870878
1971-09-17,0.0008526258
1971-09-18,0.0131726265
1971-09-19,9.536743
1971-09-20,20.874023
1971-09-21,0.3633499
1971-09-22,14.892578
1971-09-23,3.9520264
1971-09-24,0.02732873
1971-09-25,0.014424324
1971-09-26,0.042825937
1971-09-27,0.8869171
1971-09-28,1.7366409
1971-09-29,1.077652
1971-09-30,0.0
1971-10-01,0.00043516047
1971-10-02,0.001293607
1971-10-03,0.10663271
1971-10-04,0.2053976
1971-10-05,0.0975132
1971-10-06,0.00043516047
1971-10-07,0.00087032095
1971-10-08,0.0017164275
1971-10-09,2.1743774
1971-10-10,0.34165382
1971-10-11,0.4544258
1971-10-12,1.5268326
1971-10-13,7.1907043
1971-10-14,2.4490356
1971-10-15,0.0
1971-10-16,0.00043516047
1971-10-17,0.6966591
1971-10-18,0.28276443
1971-10-19,0.0017099082
1971-10-20,0.004608184
1971-10-21,0.0008554198
1971-10-22,0.0017136335
1971-10-23,0.0017043203
1971-10-24,0.001299195
1971-10-25,0.0
1971-10-26,0.0013485551
1971-10-27,0.2515316
1971-10-28,0.024110079
1971-10-29,1.8320084
1971-10-30,1.1253357
1971-10-31,0.0052675605
1971-11-01,0.018015504
1971-11-02,0.0017192215
1971-11-03,0.012606382
1971-11-04,0.0
1971-11-05,0.34308434
1971-11-06,9.147644
1971-11-07,0.0017229468
1971-11-08,6.412506
1971-11-09,0.08094311
1971-11-10,3.627777
1971-11-11,2.609253
1971-11-12,1.5735626
1971-11-13,0.4131794
1971-11-14,4.5318604
1971-11-15,0.0034403056
1971-11-16,0.03167987
1971-11-17,0.44059753
1971-11-18,1.4257431
1971-11-19,4.032135
1971-11-20,0.0012833625
1971-11-21,7.0610046
1971-11-22,1.3799667
1971-11-23,6.290436
1971-11-24,0.47183037
1971-11-25,0.013530254
1971-11-26,2.6683807
1971-11-27,0.4708767
1971-11-28,4.055023
1971-11-29,4.2800903
1971-11-30,14.9002075
1971-12-01,1.5926361
1971-12-02,11.024475
1971-12-03,0.15735626
1971-12-04,0.001299195
1971-12-05,0.07849932
1971-12-06,3.879547
1971-12-07,0.41890144
1971-12-08,0.0051520765
1971-12-09,0.00085216016
1971-12-10,0.16391277
1971-12-11,0.079870224
1971-12-12,0.00044098124
1971-12-13,0.0068433583
1971-12-14,0.0016931444
1971-12-15,0.00519678
1971-12-16,0.014208257
1971-12-17,0.00086426735
1971-12-18,0.008195639
1971-12-19,0.7209778
1971-12-20,0.6580353
1971-12-21,0.11187792
1971-12-22,0.025585294
1971-12-23,0.5722046
1971-12-24,0.027358532
1971-12-25,1.080513
1971-12-26,0.00085216016
1971-12-27,1.1587143
1971-12-28,12.9852295
1971-12-29,0.8068085
1971-12-30,10.025024
1971-12-31,14.381409
1972-01-01,0.35429
1972-01-02,5.153656
1972-01-03,1.0576248
1972-01-04,0.039309263
1972-01-05,0.0008465722
1972-01-06,0.00086426735
1972-01-07,0.00086566433
1972-01-08,1.1835098
1972-01-09,4.0283203
1972-01-10,0.28419495
1972-01-11,7.37381
1972-01-12,1.8882751
1972-01-13,0.7510185
1972-01-14,0.011511147
1972-01-15,2.1648407
1972-01-16,1.1005402
1972-01-17,1.7232895
1972-01-18,0.07605553
1972-01-19,1.6021729
1972-01-20,4.7950745
1972-01-21,0.0017229468
1972-01-22,0.005174428
1972-01-23,0.0046007335
1972-01-24,2.325058
1972-01-25,3.8986206
1972-01-26,21.850586
1972-01-27,2.3822784
1972-01-28,1.824379
1972-01-29,0.029876828
1972-01-30,0.34046173
1972-01-31,0.0031255186
1972-02-01,10.543823
1972-02-02,0.7696152
1972-02-03,0.25606155
1972-02-04,1.0108948
1972-02-05,0.0
1972-02-06,2.6569366
1972-02-07,9.521484
1972-02-08,0.03182888
1972-02-09,1.5697479
1972-02-10,5.0964355
1972-02-11,12.22229
1972-02-12,5.3215027
1972-02-13,9.70459
1972-02-14,0.07736683
1972-02-15,0.0017127022
1972-02-16,0.93078613
1972-02-17,7.6065063
1972-02-18,3.2997131
1972-02-19,2.035141
1972-02-20,10.292053
1972-02-21,1.950264
1972-02-22,0.037670135
1972-02-23,0.2206564
1972-02-24,0.3941059
1972-02-25,0.9717941
1972-02-26,4.7073364
1972-02-27,2.5596619
1972-02-28,0.10192394
1972-02-29,0.13840199
1972-03-01,7.8201294
1972-03-02,1.8758774
1972-03-03,5.22995
1972-03-04,4.764557
1972-03-05,9.399414
1972-03-06,9.788513
1972-03-07,2.4280548
1972-03-08,4.9705505
1972-03-09,0.39482117
1972-03-10,0.07009506
1972-03-11,0.0
1972-03-12,0.00042608008
1972-03-13,0.16641617
1972-03-14,0.03287196
1972-03-15,2.046585
1972-03-16,0.2424717
1972-03-17,0.16367435
1972-03-18,0.0075921416
1972-03-19,0.13363361
1972-03-20,3.6334991
1972-03-21,0.4992485
1972-03-22,0.07033348
1972-03-23,0.0
1972-03-24,0.0004353933
1972-03-25,0.13625622
1972-03-26,5.2337646
1972-03-27,0.562191
1972-03-28,0.69618225
1972-03-29,0.6222725
1972-03-30,0.25558472
1972-03-31,1.0099411
1972-04-01,0.21326542
1972-04-02,0.4992485
1972-04-03,0.064730644
1972-04-04,4.135132
1972-04-05,1.5687943
1972-04-06,1.0623932
1972-04-07,5.519867
1972-04-08,0.58698654
1972-04-09,4.310608
1972-04-10,3.0288696
1972-04-11,11.001587
1972-04-12,2.1953583
1972-04-13,0.3619194
1972-04-14,4.7950745
1972-04-15,0.2143383
1972-04-16,0.74481964
1972-04-17,0.25177002
1972-04-18,0.0036749989
1972-04-19,3.118515
1972-04-20,1.8625259
1972-04-21,3.829956
1972-04-22,0.96178055
1972-04-23,0.033825636
1972-04-24,1.5468597
1972-04-25,0.051945448
1972-04-26,0.14352798
1972-04-27,0.11867285
1972-04-28,0.14090538
1972-04-29,0.026598573
1972-04-30,3.0288696
1972-05-01,17.89856
1972-05-02,7.987976
1972-05-03,1.5945435
1972-05-04,0.3437996
1972-05-05,1.7814636
1972-05-06,4.5661926
1972-05-07,0.0743866
1972-05-08,1.0347366
1972-05-09,0.120043755
1972-05-10,0.77581406
1972-05-11,1.2836456
1972-05-12,8.81958
1972-05-13,17.745972
1972-05-14,1.7194748
1972-05-15,2.008438
1972-05-16,1.7547607
1972-05-17,1.2483597
1972-05-18,1.0929108
1972-05-19,5.180359
1972-05-20,1.9330978
1972-05-21,0.00043516047
1972-05-22,12.496948
1972-05-23,4.524231
1972-05-24,0.43916702
1972-05-25,0.11044741
1972-05-26,0.025644898
1972-05-27,0.35476685
1972-05-28,0.002577901
1972-05-29,0.043839216
1972-05-30,0.14865398
1972-05-31,0.026240945
1972-06-01,0.0008698553
1972-06-02,0.42533875
1972-06-03,0.1308918
1972-06-04,31.61621
1972-06-05,11.268616
1972-06-06,0.03117323
1972-06-07,2.4147034
1972-06-08,0.32782555
1972-06-09,0.10424852
1972-06-10,1.2197495
1972-06-11,4.3640137
1972-06-12,0.60272217
1972-06-13,0.0046230853
1972-06-14,3.8528442
1972-06-15,4.6539307
1972-06-16,0.13792515
1972-06-17,0.0013113022
1972-06-18,0.0051632524
1972-06-19,0.5698204
1972-06-20,0.002566725
1972-06-21,0.0025741756
1972-06-22,0.003008172
1972-06-23,0.15425682
1972-06-24,0.040858984
1972-06-25,0.0017136335
1972-06-26,5.470276
1972-06-27,0.042051077
1972-06-28,0.026643276
1972-06-29,1.4839172
1972-06-30,0.13494492
1972-07-01,1.288414
1972-07-02,0.34308434
1972-07-03,0.0017192215
1972-07-04,0.83494186
1972-07-05,1.4505386
1972-07-06,0.0111833215
1972-07-07,0.0070519745
1972-07-08,0.00085821375
1972-07-09,0.8277893
1972-07-10,0.19443035
1972-07-11,0.086545944
1972-07-12,0.0
1972-07-13,0.0008610077
1972-07-14,0.00085216016
1972-07-15,0.0021513551
1972-07-16,0.08147955
1972-07-17,1.627922
1972-07-18,1.2569427
1972-07-19,6.4315796
1972-07-20,0.81920624
1972-07-21,0.040113926
1972-07-22,6.542206
1972-07-23,1.0976791
1972-07-24,1.3923645
1972-07-25,0.013649464
1972-07-26,0.0013532117
1972-07-27,0.00043516047
1972-07-28,0.0017108396
1972-07-29,0.00085216016
1972-07-30,0.00044191256
1972-07-31,0.61035156
1972-08-01,0.96416473
1972-08-02,0.5364418
1972-08-03,0.45657158
1972-08-04,0.00042608008
1972-08-05,0.0017071143
1972-08-06,0.021204352
1972-08-07,2.9773712
1972-08-08,14.49585
1972-08-09,14.984131
1972-08-10,40.83252
1972-08-11,8.110046
1972-08-12,3.8223267
1972-08-13,15.068054
1972-08-14,37.17041
1972-08-15,9.124756
1972-08-16,0.14042854
1972-08-17,0.19216537
1972-08-18,1.3055801
1972-08-19,0.0012852252
1972-08-20,0.00085216016
1972-08-21,0.22423267
1972-08-22,0.0012759119
1972-08-23,0.0
1972-08-24,0.0017164275
1972-08-25,3.0059814
1972-08-26,1.3065338
1972-08-27,3.660202
1972-08-28,4.7302246
1972-08-29,1.8119812
1972-08-30,6.919861
1972-08-31,2.746582
1972-09-01,0.51021576
1972-09-02,0.19943714
1972-09-03,0.0034756958
1972-09-04,18.325806
1972-09-05,0.4169941
1972-09-06,0.2977848
1972-09-07,6.92749
1972-09-08,0.5631447
1972-09-09,1.7347336
1972-09-10,1.4648438
1972-09-11,0.0012973323
1972-09-12,0.0021494925
1972-09-13,0.0016568229
1972-09-14,6.3323975
1972-09-15,0.20372868
1972-09-16,0.11217594
1972-09-17,0.2143383
1972-09-18,3.9901733
1972-09-19,2.1591187
1972-09-20,0.39601326
1972-09-21,4.1618347
1972-09-22,0.20229816
1972-09-23,0.08249283
1972-09-24,0.022619963
1972-09-25,0.0012759119
1972-09-26,0.0017164275
1972-09-27,0.00044098124
1972-09-28,0.00085355714
1972-09-29,0.0012926757
1972-09-30,0.007711351
1972-10-01,2.74086
1972-10-02,2.1839142
1972-10-03,0.00085216016
1972-10-04,0.0
1972-10-05,0.0038668513
1972-10-06,5.367279
1972-10-07,0.026494265
1972-10-08,0.07599592
1972-10-09,0.19347668
1972-10-10,13.839722
1972-10-11,0.579834
1972-10-12,0.0012814999
1972-10-13,0.223279
1972-10-14,0.05298853
1972-10-15,0.0910759
1972-10-16,0.22542477
1972-10-17,0.00042608008
1972-10-18,0.00086426735
1972-10-19,0.00085216016
1972-10-20,0.30970573
1972-10-21,0.0017089769
1972-10-22,0.0372231
1972-10-23,0.014312565
1972-10-24,0.054121017
1972-10-25,0.083744526
1972-10-26,1.8281937
1972-10-27,11.054993
1972-10-28,4.0512085
1972-10-29,0.14066696
1972-10-30,0.00085216016
1972-10-31,1.1434555
1972-11-01,8.041382
1972-11-02,0.86927414
1972-11-03,0.40340424
1972-11-04,0.2799034
1972-11-05,0.08529425
1972-11-06,0.06914139
1972-11-07,0.74243546
1972-11-08,0.4298687
1972-11-09,0.06377697
1972-11-10,1.124382
1972-11-11,6.0195923
1972-11-12,0.029414892
1972-11-13,0.21362305
1972-11-14,3.7593842
1972-11-15,0.0028647482
1972-11-16,5.8631897
1972-11-17,6.6833496
1972-11-18,0.48398972
1972-11-19,13.069153
1972-11-20,9.437561
1972-11-21,2.7694702
1972-11-22,1.5621185
1972-11-23,4.9591064
1972-11-24,0.008270144
1972-11-25,0.0012759119
1972-11-26,1.0547638
1972-11-27,0.001293607
1972-11-28,0.04759431
1972-11-29,0.40221214
1972-11-30,3.501892
1972-12-01,0.10317564
1972-12-02,3.2138824
1972-12-03,9.69696
1972-12-04,0.58555603
1972-12-05,0.12850761
1972-12-06,0.06484985
1972-12-07,12.512207
1972-12-08,5.592346
1972-12-09,0.13959408
1972-12-10,0.0029802322
1972-12-11,0.014379621
1972-12-12,0.0017136335
1972-12-13,0.0
1972-12-14,0.00085216016
1972-12-15,0.0013038516
1972-12-16,0.0017080456
1972-12-17,0.0
1972-12-18,0.00085216016
1972-12-19,0.0012908131
1972-12-20,0.00043516047
1972-12-21,0.00044098124
1972-12-22,0.0
1972-12-23,0.0012814999
1972-12-24,0.0073462725
1972-12-25,0.0030305237
1972-12-26,2.691269
1972-12-27,3.047943
1972-12-28,7.5035095
1972-12-29,0.116825104
1972-12-30,1.8024445
1972-12-31,0.07659197
1973-01-01,0.0017201528
1973-01-02,0.003432855
1973-01-03,0.0017276034
1973-01-04,0.0042952597
1973-01-05,0.007621944
1973-01-06,0.0012759119
1973-01-07,0.00040535815
1973-01-08,0.07301569
1973-01-09,0.4916191
1973-01-10,0.027820468
1973-01-11,0.0013066456
1973-01-12,0.0
1973-01-13,1.2168884
1973-01-14,2.216339
1973-01-15,8.590698
1973-01-16,1.4619827
1973-01-17,3.9215088
1973-01-18,0.6904602
1973-01-19,0.003799796
1973-01-20,1.0814667
1973-01-21,7.587433
1973-01-22,0.1629591
1973-01-23,0.050783157
1973-01-24,1.0557175
1973-01-25,0.04595518
1973-01-26,0.0047273934
1973-01-27,3.0155182
1973-01-28,4.562378
1973-01-29,0.12266636
1973-01-30,1.6832352
1973-01-31,2.948761
1973-02-01,0.65755844
1973-02-02,0.0030007213
1973-02-03,0.0025816262
1973-02-04,0.0
1973-02-05,0.00085821375
1973-02-06,0.0154823065
1973-02-07,0.016227365
1973-02-08,0.004287809
1973-02-09,3.0517578
1973-02-10,0.61273575
1973-02-11,0.06082654
1973-02-12,7.217407
1973-02-13,7.9574585
1973-02-14,2.7389526
1973-02-15,0.647068
1973-02-16,0.09548664
1973-02-17,0.0076293945
1973-02-18,0.08165836
1973-02-19,0.7123947
1973-02-20,0.04014373
1973-02-21,0.49877167
1973-02-22,1.3570786
1973-02-23,6.17218
1973-02-24,17.227173
1973-02-25,8.125305
1973-02-26,2.155304
1973-02-27,1.2264252
1973-02-28,0.0008563511
1973-03-01,0.00044284388
1973-03-02,0.47397614
1973-03-03,0.0021513551
1973-03-04,0.00043516047
1973-03-05,0.00085216016
1973-03-06,0.2529621
1973-03-07,0.0012814999
1973-03-08,0.00087032095
1973-03-09,0.0025741756
1973-03-10,0.003008172
1973-03-11,0.0012814999
1973-03-12,0.0021513551
1973-03-13,0.13387203
1973-03-14,0.18465519
1973-03-15,0.0077709556
1973-03-16,0.0013206154
1973-03-17,0.002136454
1973-03-18,0.0021494925
1973-03-19,0.24461746
1973-03-20,0.0012908131
1973-03-21,0.00043516047
1973-03-22,0.0
1973-03-23,0.0
1973-03-24,2.325058
1973-03-25,5.420685
1973-03-26,0.5893707
1973-03-27,0.3118515
1973-03-28,7.0495605
1973-03-29,0.009343028
1973-03-30,0.030487776
1973-03-31,0.015616417
1973-04-01,0.0039823353
1973-04-02,1.616478
1973-04-03,0.061035156
1973-04-04,0.0012870878
1973-04-05,0.0
1973-04-06,0.0038519502
1973-04-07,0.18537045
1973-04-08,0.45108795
1973-04-09,1.074791
1973-04-10,0.5068779
1973-04-11,0.15473366
1973-04-12,1.8692017
1973-04-13,0.228405
1973-04-14,0.00086426735
1973-04-15,0.0012982637
1973-04-16,0.1462698
1973-04-17,0.0017089769
1973-04-18,0.0021494925
1973-04-19,1.1339188
1973-04-20,0.41913986
1973-04-21,4.180908
1973-04-22,2.822876
1973-04-23,0.34093857
1973-04-24,8.476257
1973-04-25,0.03749132
1973-04-26,0.00044098124
1973-04-27,5.1460266
1973-04-28,10.795593
1973-04-29,1.5611649
1973-04-30,1.7728806
1973-05-01,9.658813
1973-05-02,8.31604
1973-05-03,1.7881393
1973-05-04,1.3637543
1973-05-05,0.02014637
1973-05-06,0.22411346
1973-05-07,7.789612
1973-05-08,1.9378662
1973-05-09,0.03218651
1973-05-10,1.4724731
1973-05-11,0.25343895
1973-05-12,0.00042608008
1973-05-13,0.0
1973-05-14,0.0
1973-05-15,0.04041195
1973-05-16,0.043272972
1973-05-17,13.313293
1973-05-18,1.707077
1973-05-19,22.903442
1973-05-20,4.837036
1973-05-21,1.3799667
1973-05-22,3.1147003
1973-05-23,1.3809204
1973-05-24,0.0
1973-05-25,0.0021513551
1973-05-26,0.016495585
1973-05-27,3.6582947
1973-05-28,7.2517395
1973-05-29,0.3399849
1973-05-30,0.10484457
1973-05-31,17.37976
1973-06-01,37.628174
1973-06-02,0.4916191
1973-06-03,0.0012870878
1973-06-04,10.177612
1973-06-05,21.240234
1973-06-06,6.664276
1973-06-07,5.2871704
1973-06-08,0.00042608008
1973-06-09,0.00085821375
1973-06-10,0.5993843
1973-06-11,0.07069111
1973-06-12,7.5683594
1973-06-13,13.046265
1973-06-14,0.50258636
1973-06-15,0.0008614734
1973-06-16,0.0
1973-06-17,0.048816204
1973-06-18,0.0012870878
1973-06-19,0.06812811
1973-06-20,2.5749207
1973-06-21,1.5230179
1973-06-22,1.8339157
1973-06-23,0.09685755
1973-06-24,0.099003315
1973-06-25,0.001299195
1973-06-26,0.1320839
1973-06-27,12.939453
1973-06-28,0.31280518
1973-06-29,0.060766935
1973-06-30,0.0012908131
1973-07-01,0.022634864
1973-07-02,1.7566681
1973-07-03,0.0017108396
1973-07-04,3.9215088
1973-07-05,28.869629
1973-07-06,1.950264
1973-07-07,0.8149147
1973-07-08,0.91838837
1973-07-09,0.042915344
1973-07-10,0.046283007
1973-07-11,0.00911206
1973-07-12,0.00043516047
1973-07-13,4.5051575
1973-07-14,6.729126
1973-07-15,10.025024
1973-07-16,8.18634
1973-07-17,0.65517426
1973-07-18,0.4608631
1973-07-19,0.39196014
1973-07-20,4.4822693
1973-07-21,12.077332
1973-07-22,1.3332367
1973-07-23,10.932922
1973-07-24,14.724731
1973-07-25,1.4944077
1973-07-26,0.33307076
1973-07-27,0.00043516047
1973-07-28,0.006940216
1973-07-29,0.85020065
1973-07-30,0.47969818
1973-07-31,0.09840727
1973-08-01,13.48877
1973-08-02,0.7867813
1973-08-03,0.9188652
1973-08-04,1.5001297
1973-08-05,0.11444092
1973-08-06,2.58255
1973-08-07,0.49304962
1973-08-08,0.0012824312
1973-08-09,0.00085821375
1973-08-10,0.0017192215
1973-08-11,0.00085216016
1973-08-12,0.76293945
1973-08-13,0.73480606
1973-08-14,2.8820038
1973-08-15,4.310608
1973-08-16,19.882202
1973-08-17,0.58317184
1973-08-18,0.17595291
1973-08-19,0.009641051
1973-08-20,1.1034012
1973-08-21,0.32544136
1973-08-22,0.24282932
1973-08-23,42.816162
1973-08-24,15.037537
1973-08-25,1.156807
1973-08-26,3.320694
1973-08-27,0.29850006
1973-08-28,0.4081726
1973-08-29,0.039964914
1973-08-30,3.1795502
1973-08-31,0.0037495047
1973-09-01,0.00043516047
1973-09-02,0.0
1973-09-03,0.0008554198
1973-09-04,0.0008614734
1973-09-05,0.08970499
1973-09-06,0.23138523
1973-09-07,9.063721
1973-09-08,9.315491
1973-09-09,2.2735596
1973-09-10,0.055491924
1973-09-11,0.0
1973-09-12,7.217407
1973-09-13,0.4336834
1973-09-14,0.0009657815
1973-09-15,6.5574646
1973-09-16,0.15902519
1973-09-17,14.282227
1973-09-18,0.8120537
1973-09-19,1.7719269
1973-09-20,5.947113
1973-09-21,3.414154
1973-09-22,1.3656616
1973-09-23,3.5762787
1973-09-24,0.055521727
1973-09-25,1.0881424
1973-09-26,0.18060207
1973-09-27,2.1686554
1973-09-28,0.0046379864
1973-09-29,1.5459061
1973-09-30,1.4982224
1973-10-01,0.22304058
1973-10-02,3.8375854
1973-10-03,0.61941147
1973-10-04,0.007390976
1973-10-05,0.052779913
1973-10-06,2.105713
1973-10-07,0.21362305
1973-10-08,0.19788742
1973-10-09,0.00085216016
1973-10-10,0.0042952597
1973-10-11,0.02489984
1973-10-12,0.0
1973-10-13,20.309448
1973-10-14,12.557983
1973-10-15,7.0991516
1973-10-16,3.4294128
1973-10-17,7.774353
1973-10-18,0.0012842938
1973-10-19,0.00043516047
1973-10-20,0.046640635
1973-10-21,1.0318756
1973-10-22,0.00044261105
1973-10-23,0.0008554198
1973-10-24,0.0693202
1973-10-25,0.0017257407
1973-10-26,0.00086613
1973-10-27,0.0012982637
1973-10-28,0.0019259751
1973-10-29,0.007815659
1973-10-30,0.00044098124
1973-10-31,0.008657575
1973-11-01,0.0017127022
1973-11-02,0.0025760382
1973-11-03,0.2092123
1973-11-04,2.1476746
1973-11-05,14.129639
1973-11-06,0.0243932
1973-11-07,0.0012880191
1973-11-08,0.0013010576
1973-11-09,0.00085821375
1973-11-10,0.026077032
1973-11-11,4.9057007
1973-11-12,0.00086426735
1973-11-13,0.18548965
1973-11-14,0.17178059
1973-11-15,0.46944618
1973-11-16,0.16057491
1973-11-17,0.09828806
1973-11-18,0.00043516047
1973-11-19,0.0029690564
1973-11-20,0.02796948
1973-11-21,0.03221631
1973-11-22,0.0
1973-11-23,0.0017229468
1973-11-24,0.19681454
1973-11-25,0.35357475
1973-11-26,0.9841919
1973-11-27,0.0019278377
1973-11-28,0.31852722
1973-11-29,11.474609
1973-11-30,4.1389465
1973-12-01,26.748657
1973-12-02,0.0019781291
1973-12-03,0.35238266
1973-12-04,0.93221664
1973-12-05,0.6814003
1973-12-06,0.23365021
1973-12-07,0.66518784
1973-12-08,6.576538
1973-12-09,0.0012908131
1973-12-10,0.0012908131
1973-12-11,0.119924545
1973-12-12,1.2798309
1973-12-13,0.8087158
1973-12-14,0.5726814
1973-12-15,0.12528896
1973-12-16,0.3991127
1973-12-17,2.0122528
1973-12-18,0.13136864
1973-12-19,0.4684925
1973-12-20,3.3016205
1973-12-21,4.1160583
1973-12-22,6.1454773
1973-12-23,7.019043
1973-12-24,8.644104
1973-12-25,4.535675
1973-12-26,0.005517155
1973-12-27,0.0
1973-12-28,0.0073947012
1973-12-29,0.0025816262
1973-12-30,0.7362366
1973-12-31,0.0041276217
1974-01-01,0.018402934
1974-01-02,0.087440014
1974-01-03,1.5354156
1974-01-04,0.004693866
1974-01-05,4.3640137
1974-01-06,0.7815361
1974-01-07,5.6114197
1974-01-08,6.427765
1974-01-09,15.525818
1974-01-10,0.09930134
1974-01-11,0.42796135
1974-01-12,0.0
1974-01-13,0.02373755
1974-01-14,3.74794
1974-01-15,0.9589195
1974-01-16,0.042557716
1974-01-17,0.03054738
1974-01-18,0.21207333
1974-01-19,0.012651086
1974-01-20,0.00085216016
1974-01-21,0.4169941
1974-01-22,0.0030044466
1974-01-23,0.006776303
1974-01-24,0.043988228
1974-01-25,2.4604797
1974-01-26,7.24411
1974-01-27,0.7376671
1974-01-28,2.6302338
1974-01-29,4.2037964
1974-01-30,0.8916855
1974-01-31,1.6937256
1974-02-01,1.9035339
1974-02-02,4.2533875
1974-02-03,0.12898445
1974-02-04,8.430481
1974-02-05,23.773193
1974-02-06,19.866943
1974-02-07,0.79345703
1974-02-08,2.07901
1974-02-09,0.0025220215
1974-02-10,0.0017117709
1974-02-11,3.955841
1974-02-12,4.219055
1974-02-13,5.378723
1974-02-14,0.07492304
1974-02-15,4.2152405
1974-02-16,0.7624626
1974-02-17,1.1262894
1974-02-18,0.05376339
1974-02-19,0.14162064
1974-02-20,0.22554398
1974-02-21,0.011242926
1974-02-22,0.5335808
1974-02-23,0.688076
1974-02-24,0.041514635
1974-02-25,0.00043516047
1974-02-26,0.0017136335
1974-02-27,0.0012824312
1974-02-28,0.07855892
1974-03-01,7.9421997
1974-03-02,4.119873
1974-03-03,3.4866333
1974-03-04,0.0
1974-03-05,2.855301
1974-03-06,0.0036507845
1974-03-07,0.0
1974-03-08,0.00086566433
1974-03-09,2.7675629
1974-03-10,7.2631836
1974-03-11,1.0948181
1974-03-12,0.4284382
1974-03-13,4.966736
1974-03-14,0.103354454
1974-03-15,14.419556
1974-03-16,5.1879883
1974-03-17,0.15246868
1974-03-18,0.37288666
1974-03-19,6.4849854
1974-03-20,7.774353
1974-03-21,2.0160675
1974-03-22,2.4757385
1974-03-23,0.09196997
1974-03-24,0.026240945
1974-03-25,0.099003315
1974-03-26,0.90408325
1974-03-27,0.27561188
1974-03-28,1.5001297
1974-03-29,2.7179718
1974-03-30,0.5121231
1974-03-31,0.098109245
1974-04-01,0.006981194
1974-04-02,23.880005
1974-04-03,2.7503967
1974-04-04,9.101868
1974-04-05,1.8138885
1974-04-06,6.0043335
1974-04-07,1.2321472
1974-04-08,0.00087032095
1974-04-09,0.001296401
1974-04-10,0.27012825
1974-04-11,4.3411255
1974-04-12,10.574341
1974-04-13,4.7187805
1974-04-14,1.8854141
1974-04-15,0.0
1974-04-16,0.00085216016
1974-04-17,0.0
1974-04-18,0.000863336
1974-04-19,0.00085216016
1974-04-20,0.0
1974-04-21,0.0028908253
1974-04-22,0.0021457672
1974-04-23,0.6427765
1974-04-24,1.4734268
1974-04-25,0.64086914
1974-04-26,6.416321
1974-04-27,1.5964508
1974-04-28,0.00085216016
1974-04-29,0.0058710575
1974-04-30,1.21212
1974-05-01,0.849247
1974-05-02,4.009247
1974-05-03,12.298584
1974-05-04,10.238647
1974-05-05,9.307861
1974-05-06,3.2806396
1974-05-07,0.15830994
1974-05-08,0.0
1974-05-09,0.00042608008
1974-05-10,1.0347366
1974-05-11,2.0484924
1974-05-12,5.5274963
1974-05-13,0.21326542
1974-05-14,0.00085216016
1974-05-15,0.37908554
1974-05-16,12.664795
1974-05-17,0.0021494925
1974-05-18,0.0008554198
1974-05-19,0.05081296
1974-05-20,0.42891502
1974-05-21,0.0070109963
1974-05-22,0.11318922
1974-05-23,0.8430481
1974-05-24,9.635925
1974-05-25,1.3608932
1974-05-26,4.0626526
1974-05-27,3.08609
1974-05-28,0.72288513
1974-05-29,2.5577545
1974-05-30,5.2375793
1974-05-31,0.5707741
1974-06-01,0.032395124
1974-06-02,0.00044284388
1974-06-03,0.002587214
1974-06-04,0.17893314
1974-06-05,4.8179626
1974-06-06,0.010125339
1974-06-07,0.001726672
1974-06-08,0.0
1974-06-09,3.435135
1974-06-10,0.76913834
1974-06-11,0.00044284388
1974-06-12,0.0
1974-06-13,0.00042608008
1974-06-14,0.19454956
1974-06-15,0.00043516047
1974-06-16,3.0059814
1974-06-17,0.7710457
1974-06-18,0.43535233
1974-06-19,0.0021215528
1974-06-20,0.00044098124
1974-06-21,0.0
1974-06-22,4.180908
1974-06-23,0.98609924
1974-06-24,0.10204315
1974-06-25,3.3855438
1974-06-26,4.722595
1974-06-27,5.264282
1974-06-28,4.8599243
1974-06-29,4.4136047
1974-06-30,0.52309036
1974-07-01,0.33259392
1974-07-02,0.014275312
1974-07-03,1.0948181
1974-07-04,0.0
1974-07-05,1.7633438
1974-07-06,0.22244453
1974-07-07,0.00085821375
1974-07-08,0.0
1974-07-09,0.0
1974-07-10,0.0
1974-07-11,0.0021476299
1974-07-12,0.00044098124
1974-07-13,6.454468
1974-07-14,0.068724155
1974-07-15,0.00085216016
1974-07-16,0.647068
1974-07-17,0.9775162
1974-07-18,0.42796135
1974-07-19,0.15318394
1974-07-20,0.057399273
1974-07-21,0.1347065
1974-07-22,0.1205802
1974-07-23,0.00044098124
1974-07-24,0.9179115
1974-07-25,0.52690506
1974-07-26,0.00043516047
1974-07-27,0.0008586794
1974-07-28,0.0034496188
1974-07-29,0.0026468188
1974-07-30,3.2253265
1974-07-31,1.6908646
1974-08-01,0.005643815
1974-08-02,0.0012945384
1974-08-03,22.109985
1974-08-04,11.749268
1974-08-05,0.003863126
1974-08-06,0.0
1974-08-07,0.99372864
1974-08-08,2.2640228
1974-08-09,0.29039383
1974-08-10,2.4909973
1974-08-11,0.37050247
1974-08-12,0.0
1974-08-13,2.9125214
1974-08-14,0.1335144
1974-08-15,0.00085216016
1974-08-16,0.00086426735
1974-08-17,1.2645721
1974-08-18,0.22315979
1974-08-19,2.199173
1974-08-20,0.43535233
1974-08-21,10.169983
1974-08-22,0.41890144
1974-08-23,0.00043516047
1974-08-24,0.0012945384
1974-08-25,0.00086426735
1974-08-26,0.60892105
1974-08-27,0.03041327
1974-08-28,0.00044098124
1974-08-29,21.469116
1974-08-30,6.3209534
1974-08-31,0.15676022
1974-09-01,0.29277802
1974-09-02,10.543823
1974-09-03,0.25987625
1974-09-04,0.4119873
1974-09-05,0.032365322
1974-09-06,5.7525635
1974-09-07,0.0030044466
1974-09-08,0.019297004
1974-09-09,0.14448166
1974-09-10,0.0012870878
1974-09-11,0.00087032095
1974-09-12,0.121593475
1974-09-13,1.5487671
1974-09-14,1.7194748
1974-09-15,3.5648346
1974-09-16,4.1999817
1974-09-17,5.2223206
1974-09-18,19.683838
1974-09-19,0.664711
1974-09-20,0.21779537
1974-09-21,0.017374754
1974-09-22,0.4594326
1974-09-23,3.6029816
1974-09-24,3.862381
1974-09-25,5.1498413
1974-09-26,0.21135807
1974-09-27,0.77438354
1974-09-28,11.611938
1974-09-29,5.9547424
1974-09-30,1.9645691
1974-10-01,9.513855
1974-10-02,0.27942657
1974-10-03,1.0538101
1974-10-04,0.033468008
1974-10-05,0.37026405
1974-10-06,0.49495697
1974-10-07,9.338379
1974-10-08,2.8686523
1974-10-09,0.9870529
1974-10-10,2.0809174
1974-10-11,1.0051727
1974-10-12,0.0016512349
1974-10-13,0.022783875
1974-10-14,0.005155802
1974-10-15,0.037401915
1974-10-16,3.4332275
1974-10-17,7.221222
1974-10-18,2.6931763
1974-10-19,16.952515
1974-10-20,6.9351196
1974-10-21,2.166748
1974-10-22,0.51641464
1974-10-23,1.1405945
1974-10-24,0.5350113
1974-10-25,0.13124943
1974-10-26,0.24867058
1974-10-27,0.96178055
1974-10-28,2.7542114
1974-10-29,2.1076202
1974-10-30,0.6117821
1974-10-31,2.9315948
1974-11-01,0.0008554198
1974-11-02,0.0012814999
1974-11-03,0.74386597
1974-11-04,3.671646
1974-11-05,0.1950264
1974-11-06,0.0017285347
1974-11-07,0.023007393
1974-11-08,0.5283356
1974-11-09,0.04464388
1974-11-10,0.76150894
1974-11-11,0.003380701
1974-11-12,1.0938644
1974-11-13,0.0012842938
1974-11-14,0.28014183
1974-11-15,13.053894
1974-11-16,0.36478043
1974-11-17,0.82683563
1974-11-18,6.6375732
1974-11-19,0.046551228
1974-11-20,6.1187744
1974-11-21,1.0309219
1974-11-22,1.4705658
1974-11-23,3.8471222
1974-11-24,0.2810955
1974-11-25,2.4967194
1974-11-26,6.7977905
1974-11-27,8.735657
1974-11-28,2.746582
1974-11-29,0.9431839
1974-11-30,0.41556358
1974-12-01,1.1253357
1974-12-02,0.021412969
1974-12-03,0.04312396
1974-12-04,0.8955002
1974-12-05,0.059872866
1974-12-06,0.012844801
1974-12-07,0.13566017
1974-12-08,0.095009804
1974-12-09,0.6432533
1974-12-10,0.23341179
1974-12-11,1.8129349
1974-12-12,4.375458
1974-12-13,1.2331009
1974-12-14,0.038921833
1974-12-15,0.15091896
1974-12-16,1.0890961
1974-12-17,1.2578964
1974-12-18,0.26392937
1974-12-19,0.016093254
1974-12-20,0.0012908131
1974-12-21,0.00086193904
1974-12-22,0.0038966537
1974-12-23,2.779007
1974-12-24,1.21212
1974-12-25,0.003438443
1974-12-26,0.11497736
1974-12-27,2.7103424
1974-12-28,2.33078
1974-12-29,1.074791
1974-12-30,0.73957443
1974-12-31,0.0017238781
1975-01-01,0.00043516047
1975-01-02,0.0017136335
1975-01-03,0.0025220215
1975-01-04,0.27418137
1975-01-05,0.010877848
1975-01-06,0.18143654
1975-01-07,0.3669262
1975-01-08,0.42366982
1975-01-09,0.055015087
1975-01-10,0.00086426735
1975-01-11,0.0016968697
1975-01-12,0.00043516047
1975-01-13,0.0
1975-01-14,0.44298172
1975-01-15,0.109016895
1975-01-16,4.562378
1975-01-17,9.933472
1975-01-18,10.147095
1975-01-19,0.0013466924
1975-01-20,1.8978119
1975-01-21,0.22649765
1975-01-22,3.0517578
1975-01-23,5.718231
1975-01-24,1.748085
1975-01-25,1.2073517
1975-01-26,0.58698654
1975-01-27,6.0195923
1975-01-28,10.4522705
1975-01-29,3.194809
1975-01-30,0.012539327
1975-01-31,0.1335144
1975-02-01,0.0021550804
1975-02-02,0.0017192215
1975-02-03,0.0
1975-02-04,1.3332367
1975-02-05,2.565384
1975-02-06,2.1839142
1975-02-07,2.6283264
1975-02-08,0.0017108396
1975-02-09,0.0056810677
1975-02-10,0.76818466
1975-02-11,3.6563873
1975-02-12,2.122879
1975-02-13,15.602112
1975-02-14,4.5394897
1975-02-15,0.050246716
1975-02-16,0.009685755
1975-02-17,0.0008554198
1975-02-18,0.0
1975-02-19,0.0020861626
1975-02-20,0.00043516047
1975-02-21,0.0
1975-02-22,0.0012954697
1975-02-23,0.015899539
1975-02-24,0.72050095
1975-02-25,0.00043516047
1975-02-26,0.0
1975-02-27,0.00043516047
1975-02-28,0.0
1975-03-01,0.093102455
1975-03-02,4.8942566
1975-03-03,5.6915283
1975-03-04,3.118515
1975-03-05,4.180908
1975-03-06,0.8997917
1975-03-07,5.7678223
1975-03-08,11.71875
1975-03-09,3.7155151
1975-03-10,1.1892319
1975-03-11,0.00173226
1975-03-12,0.91028214
1975-03-13,2.506256
1975-03-14,0.63085556
1975-03-15,2.571106
1975-03-16,0.20182133
1975-03-17,0.00086659566
1975-03-18,0.0022631139
1975-03-19,0.4415512
1975-03-20,10.406494
1975-03-21,0.0034216791
1975-03-22,3.7899017
1975-03-23,0.73099136
1975-03-24,0.9150505
1975-03-25,0.0025387853
1975-03-26,0.0012796372
1975-03-27,7.7438354
1975-03-28,0.7824898
1975-03-29,0.4556179
1975-03-30,1.5439987
1975-03-31,5.050659
1975-04-01,0.8211136
1975-04-02,2.790451
1975-04-03,5.126953
1975-04-04,2.588272
1975-04-05,2.1038055
1975-04-06,4.3296814
1975-04-07,1.8177032
1975-04-08,4.2800903
1975-04-09,3.6945343
1975-04-10,0.07110834
1975-04-11,10.597229
1975-04-12,0.063061714
1975-04-13,0.00085216016
1975-04-14,2.319336
1975-04-15,2.8495789
1975-04-16,1.2559891
1975-04-17,0.31208992
1975-04-18,17.242432
1975-04-19,16.479492
1975-04-20,0.16617775
1975-04-21,0.00526011
1975-04-22,0.80633163
1975-04-23,0.031858683
1975-04-24,0.0008614734
1975-04-25,0.001293607
1975-04-26,0.00042608008
1975-04-27,0.00043516047
1975-04-28,2.9802322e-05
1975-04-29,0.18179417
1975-04-30,0.7638931
1975-05-01,0.00043516047
1975-05-02,0.001293607
1975-05-03,0.06651878
1975-05-04,0.001293607
1975-05-05,1.3666153
1975-05-06,0.023305416
1975-05-07,3.7174225
1975-05-08,12.611389
1975-05-09,0.4043579
1975-05-10,2.5405884
1975-05-11,2.374649
1975-05-12,0.050395727
1975-05-13,1.0824203
1975-05-14,0.4901886
1975-05-15,1.3113022
1975-05-16,3.8146973
1975-05-17,1.1701584
1975-05-18,0.34308434
1975-05-19,0.20849705
1975-05-20,0.0012665987
1975-05-21,2.1820068
1975-05-22,3.56102
1975-05-23,0.0021196902
1975-05-24,0.025421381
1975-05-25,0.59604645
1975-05-26,0.43535233
1975-05-27,0.078856945
1975-05-28,3.6964417
1975-05-29,6.3667297
1975-05-30,0.14984608
1975-05-31,16.036987
1975-06-01,0.13661385
1975-06-02,0.017255545
1975-06-03,1.045227
1975-06-04,0.016495585
1975-06-05,0.0012954697
1975-06-06,0.0008638017
1975-06-07,0.16927719
1975-06-08,0.031083822
1975-06-09,0.045746565
1975-06-10,0.011265278
1975-06-11,10.848999
1975-06-12,1.0557175
1975-06-13,3.1318665
1975-06-14,0.2758503
1975-06-15,1.0700226
1975-06-16,0.55503845
1975-06-17,2.2125244
1975-06-18,0.3285408
1975-06-19,0.0
1975-06-20,0.00085216016
1975-06-21,0.0
1975-06-22,0.19526482
1975-06-23,0.6957054
1975-06-24,1.616478
1975-06-25,0.08529425
1975-06-26,3.047943
1975-06-27,3.0536652
1975-06-28,0.54454803
1975-06-29,4.1275024
1975-06-30,0.0012824312
1975-07-01,0.00086426735
1975-07-02,0.0
1975-07-03,6.9885254
1975-07-04,7.713318
1975-07-05,0.04297495
1975-07-06,0.00043516047
1975-07-07,0.050991774
1975-07-08,2.7599335
1975-07-09,0.00010430813
1975-07-10,2.8953552
1975-07-11,0.3607273
1975-07-12,0.00873208
1975-07-13,0.0025853515
1975-07-14,0.003438443
1975-07-15,0.003432855
1975-07-16,0.00043516047
1975-07-17,0.15890598
1975-07-18,0.47159195
1975-07-19,0.03170967
1975-07-20,0.0017285347
1975-07-21,0.0013001263
1975-07-22,0.0008465722
1975-07-23,0.0025704503
1975-07-24,0.12117624
1975-07-25,0.0
1975-07-26,0.0
1975-07-27,0.0015161932
1975-07-28,0.13780594
1975-07-29,0.2567768
1975-07-30,0.0037290156
1975-07-31,1.0814667
1975-08-01,0.0029932708
1975-08-02,1.5087128
1975-08-03,0.20182133
1975-08-04,3.458023
1975-08-05,3.686905
1975-08-06,0.0012842938
1975-08-07,3.5591125
1975-08-08,13.038635
1975-08-09,13.893127
1975-08-10,0.2220869
1975-08-11,0.0099390745
1975-08-12,0.00043516047
1975-08-13,0.0008554198
1975-08-14,5.859375
1975-08-15,2.3784637
1975-08-16,0.11241436
1975-08-17,4.3640137
1975-08-18,0.58317184
1975-08-19,0.036150217
1975-08-20,0.0
1975-08-21,11.138916
1975-08-22,0.6365776
1975-08-23,0.033557415
1975-08-24,0.4608631
1975-08-25,1.5249252
1975-08-26,0.0
1975-08-27,0.0017285347
1975-08-28,0.0017145649
1975-08-29,0.0020861626
1975-08-30,0.2810955
1975-08-31,0.04953146
1975-09-01,3.4732819
1975-09-02,0.055909157
1975-09-03,0.36883354
1975-09-04,0.27036667
1975-09-05,0.00043516047
1975-09-06,6.7367554
1975-09-07,0.6766319
1975-09-08,8.940697e-05
1975-09-09,0.25486946
1975-09-10,0.0036805868
1975-09-11,6.4468384
1975-09-12,8.895874
1975-09-13,2.084732
1975-09-14,25.848389
1975-09-15,0.7843971
1975-09-16,3.446579
1975-09-17,2.620697
1975-09-18,0.008076429
1975-09-19,0.0038854778
1975-09-20,0.0017089769
1975-09-21,0.07134676
1975-09-22,0.002156943
1975-09-23,0.04708767
1975-09-24,0.24867058
1975-09-25,0.00042608008
1975-09-26,5.138397
1975-09-27,0.0017108396
1975-09-28,0.5631447
1975-09-29,16.76941
1975-09-30,8.857727
1975-10-01,0.0034254044
1975-10-02,0.0095665455
1975-10-03,0.045776367
1975-10-04,0.0017201528
1975-10-05,0.0021494925
1975-10-06,0.00042608008
1975-10-07,0.0
1975-10-08,0.1513958
1975-10-09,0.50258636
1975-10-10,0.045508146
1975-10-11,0.2849102
1975-10-12,0.9288788
1975-10-13,0.026836991
1975-10-14,2.5901794
1975-10-15,7.434845
1975-10-16,5.2871704
1975-10-17,0.08112192
1975-10-18,0.114917755
1975-10-19,0.0016270205
1975-10-20,0.0051259995
1975-10-21,0.00044098124
1975-10-22,0.0017108396
1975-10-23,0.0
1975-10-24,0.07003546
1975-10-25,0.005580485
1975-10-26,0.001299195
1975-10-27,0.00042608008
1975-10-28,0.0008586794
1975-10-29,0.0
1975-10-30,0.0021457672
1975-10-31,1.4514923
1975-11-01,2.8743744
1975-11-02,0.34236908
1975-11-03,0.14603138
1975-11-04,0.0012842938
1975-11-05,0.0017238781
1975-11-06,1.830101
1975-11-07,0.364542
1975-11-08,2.450943
1975-11-09,1.2874603
1975-11-10,0.0021494925
1975-11-11,0.0021401793
1975-11-12,0.18918514
1975-11-13,8.300781
1975-11-14,0.013530254
1975-11-15,2.3384094
1975-11-16,12.85553
1975-11-17,3.4980774
1975-11-18,4.1542053
1975-11-19,0.7801056
1975-11-20,3.2100677
1975-11-21,1.4476776
1975-11-22,0.0017052516
1975-11-23,0.0025853515
1975-11-24,0.00043516047
1975-11-25,0.06347895
1975-11-26,8.842468
1975-11-27,4.6653748
1975-11-28,7.5035095
1975-11-29,10.4599
1975-11-30,1.3532639
1975-12-01,0.2834797
1975-12-02,2.986908
1975-12-03,1.7442703
1975-12-04,0.001726672
1975-12-05,0.0017182902
1975-12-06,0.0030770898
1975-12-07,0.01052022
1975-12-08,0.0116452575
1975-12-09,0.029087067
1975-12-10,0.0025425106
1975-12-11,0.22029877
1975-12-12,0.8864403
1975-12-13,0.070273876
1975-12-14,0.3979206
1975-12-15,0.74625015
1975-12-16,7.4272156
1975-12-17,0.2670288
1975-12-18,0.008717179
1975-12-19,0.0012870878
1975-12-20,0.00042608008
1975-12-21,0.0008614734
1975-12-22,0.0008554198
1975-12-23,0.15711784
1975-12-24,0.4003048
1975-12-25,2.538681
1975-12-26,0.039458275
1975-12-27,0.008583069
1975-12-28,0.0057965517
1975-12-29,0.09059906
1975-12-30,0.310421
1975-12-31,0.017732382
1976-01-01,0.0012870878
1976-01-02,0.16534328
1976-01-03,2.3918152
1976-01-04,0.018328428
1976-01-05,0.0017164275
1976-01-06,0.07855892
1976-01-07,0.0026077032
1976-01-08,0.0
1976-01-09,0.15366077
1976-01-10,0.7677078
1976-01-11,0.623703
1976-01-12,0.341177
1976-01-13,0.01898408
1976-01-14,0.019520521
1976-01-15,0.008262694
1976-01-16,0.0008465722
1976-01-17,0.0025760382
1976-01-18,0.031083822
1976-01-19,0.11539459
1976-01-20,0.22685528
1976-01-21,1.2350082
1976-01-22,0.07593632
1976-01-23,1.1577606
1976-01-24,2.1381378
1976-01-25,0.07081032
1976-01-26,0.6227493
1976-01-27,4.8179626
1976-01-28,0.089645386
1976-01-29,0.0680089
1976-01-30,2.9411316
1976-01-31,0.14483929
1976-02-01,0.12022257
1976-02-02,0.021740794
1976-02-03,0.9226799
1976-02-04,1.3084412
1976-02-05,13.633728
1976-02-06,0.14030933
1976-02-07,0.0060126185
1976-02-08,0.18513203
1976-02-09,0.30326843
1976-02-10,4.5394897
1976-02-11,3.118515
1976-02-12,4.081726
1976-02-13,7.369995
1976-02-14,1.0156631
1976-02-15,0.052064657
1976-02-16,0.0012870878
1976-02-17,0.0017043203
1976-02-18,0.38814545
1976-02-19,1.698494
1976-02-20,1.9607544
1976-02-21,0.0021401793
1976-02-22,3.7384033
1976-02-23,0.012494624
1976-02-24,0.0049844384
1976-02-25,0.0016931444
1976-02-26,0.002142042
1976-02-27,0.0008507632
1976-02-28,0.0013001263
1976-02-29,0.0017154962
1976-03-01,0.0017173588
1976-03-02,0.0008591451
1976-03-03,0.00043516047
1976-03-04,0.0
1976-03-05,0.00043516047
1976-03-06,0.0025741756
1976-03-07,0.31638145
1976-03-08,3.730774
1976-03-09,0.0017108396
1976-03-10,0.0012945384
1976-03-11,1.3246536
1976-03-12,8.041382
1976-03-13,8.590698
1976-03-14,0.3106594
1976-03-15,4.486084
1976-03-16,2.0599365
1976-03-17,1.7528534
1976-03-18,0.053226948
1976-03-19,0.45204163
1976-03-20,0.3297329
1976-03-21,0.07843971
1976-03-22,7.7438354
1976-03-23,3.7288666
1976-03-24,0.12254715
1976-03-25,0.0010672957
1976-03-26,0.0017229468
1976-03-27,0.002991408
1976-03-28,0.0013029203
1976-03-29,0.0017024577
1976-03-30,0.0021755695
1976-03-31,0.0052042305
1976-04-01,0.001706183
1976-04-02,6.3819885
1976-04-03,0.98991394
1976-04-04,5.4359436
1976-04-05,4.6653748
1976-04-06,3.7441254
1976-04-07,1.2731552
1976-04-08,0.6561279
1976-04-09,0.00043516047
1976-04-10,0.0012870878
1976-04-11,0.0
1976-04-12,0.0
1976-04-13,0.050663948
1976-04-14,1.8949509
1976-04-15,4.524231
1976-04-16,3.6640167
1976-04-17,0.21004677
1976-04-18,2.4909973
1976-04-19,0.3042221
1976-04-20,2.7256012
1976-04-21,0.7739067
1976-04-22,4.508972
1976-04-23,0.29277802
1976-04-24,0.68330765
1976-04-25,2.0256042
1976-04-26,0.056535006
1976-04-27,0.07814169
1976-04-28,1.4944077
1976-04-29,0.00043516047
1976-04-30,0.00085216016
1976-05-01,0.0017182902
1976-05-02,0.0012693927
1976-05-03,0.05275011
1976-05-04,0.0551939
1976-05-05,0.8430481
1976-05-06,0.0
1976-05-07,0.0017136335
1976-05-08,4.306793
1976-05-09,4.432678
1976-05-10,28.259277
1976-05-11,1.8606186
1976-05-12,0.010356307
1976-05-13,0.48828125
1976-05-14,0.00086613
1976-05-15,0.00042608008
1976-05-16,0.4272461
1976-05-17,2.128601
1976-05-18,10.734558
1976-05-19,3.7250519
1976-05-20,0.6365776
1976-05-21,0.23806095
1976-05-22,0.0
1976-05-23,0.0
1976-05-24,0.93078613
1976-05-25,0.5617142
1976-05-26,0.00044470653
1976-05-27,0.0012814999
1976-05-28,0.0004649628
1976-05-29,0.3941059
1976-05-30,0.3373623
1976-05-31,0.0013140962
1976-06-01,0.0015422702
1976-06-02,0.018268824
1976-06-03,0.021532178
1976-06-04,0.0012693927
1976-06-05,0.0008465722
1976-06-06,0.0
1976-06-07,0.00044098124
1976-06-08,0.001299195
1976-06-09,4.425049
1976-06-10,0.01257658
1976-06-11,0.00042608008
1976-06-12,0.0021457672
1976-06-13,0.0021401793
1976-06-14,0.55646896
1976-06-15,0.057965517
1976-06-16,0.0
1976-06-17,0.0046007335
1976-06-18,0.00086659566
1976-06-19,0.10973215
1976-06-20,0.00044563785
1976-06-21,1.5821457
1976-06-22,0.07379055
1976-06-23,0.0053942204
1976-06-24,0.002257526
1976-06-25,0.1629591
1976-06-26,1.2283325
1976-06-27,0.4708767
1976-06-28,0.0017164275
1976-06-29,0.0020861626
1976-06-30,0.00043213367
1976-07-01,2.7618408
1976-07-02,0.0012777746
1976-07-03,0.0008046627
1976-07-04,2.0599365
1976-07-05,9.719849
1976-07-06,10.139465
1976-07-07,0.5135536
1976-07-08,1.0128021
1976-07-09,2.1133423
1976-07-10,0.0
1976-07-11,8.369446
1976-07-12,0.1912117
1976-07-13,0.34713745
1976-07-14,0.0065118074
1976-07-15,0.00086287037
1976-07-16,11.680603
1976-07-17,15.975952
1976-07-18,0.5221367
1976-07-19,0.0021345913
1976-07-20,0.19860268
1976-07-21,0.04053116
1976-07-22,0.00043516047
1976-07-23,0.0017173588
1976-07-24,0.0
1976-07-25,0.001299195
1976-07-26,0.0
1976-07-27,0.00042608008
1976-07-28,0.0021476299
1976-07-29,0.0012889504
1976-07-30,0.0
1976-07-31,0.96702576
1976-08-01,0.10418892
1976-08-02,0.001735054
1976-08-03,0.0
1976-08-04,0.00085216016
1976-08-05,0.0
1976-08-06,0.00043516047
1976-08-07,0.018581748
1976-08-08,1.7490387
1976-08-09,5.470276
1976-08-10,0.90789795
1976-08-11,0.020891428
1976-08-12,0.8597374
1976-08-13,3.2520294
1976-08-14,6.328583
1976-08-15,10.124207
1976-08-16,0.13399124
1976-08-17,0.006530434
1976-08-18,0.0035054982
1976-08-19,0.0012870878
1976-08-20,0.0030063093
1976-08-21,0.0012908131
1976-08-22,8.369446
1976-08-23,19.378662
1976-08-24,5.191803
1976-08-25,6.6986084
1976-08-26,0.11408329
1976-08-27,0.002587214
1976-08-28,2.8591156
1976-08-29,5.088806
1976-08-30,2.0923615
1976-08-31,13.221741
1976-09-01,0.7739067
1976-09-02,3.660202
1976-09-03,0.09047985
1976-09-04,0.0
1976-09-05,0.005867332
1976-09-06,0.00085821375
1976-09-07,0.0018170103
1976-09-08,2.0942688
1976-09-09,6.5994263
1976-09-10,0.09804964
1976-09-11,2.1915436
1976-09-12,10.650635
1976-09-13,1.5106201
1976-09-14,8.926392
1976-09-15,5.168915
1976-09-16,1.2407303
1976-09-17,0.22315979
1976-09-18,0.00043516047
1976-09-19,0.0008577481
1976-09-20,0.00086426735
1976-09-21,0.00085681677
1976-09-22,0.58221817
1976-09-23,1.4638901
1976-09-24,0.5059242
1976-09-25,22.827148
1976-09-26,6.752014
1976-09-27,8.377075
1976-09-28,2.3498535
1976-09-29,0.79393387
1976-09-30,5.367279
1976-10-01,2.1343231
1976-10-02,0.23174286
1976-10-03,0.0085532665
1976-10-04,14.556885
1976-10-05,0.0033415854
1976-10-06,0.0012842938
1976-10-07,0.0004475005
1976-10-08,0.0025816262
1976-10-09,0.00043516047
1976-10-10,0.030398369
1976-10-11,14.9002075
1976-10-12,6.439209
1976-10-13,2.7236938
1976-10-14,5.4740906
1976-10-15,3.1433105
1976-10-16,1.4858246
1976-10-17,10.604858
1976-10-18,12.199402
1976-10-19,6.576538
1976-10-20,3.3740997
1976-10-21,0.026136637
1976-10-22,0.00085216016
1976-10-23,4.5547485
1976-10-24,1.4696121
1976-10-25,6.3819885
1976-10-26,0.76150894
1976-10-27,3.463745
1976-10-28,0.005610287
1976-10-29,0.091552734
1976-10-30,3.019333
1976-10-31,2.6512146
1976-11-01,1.0595322
1976-11-02,8.163452
1976-11-03,29.98352
1976-11-04,0.0
1976-11-05,3.4980774
1976-11-06,5.5885315
1976-11-07,0.6875992
1976-11-08,4.4136047
1976-11-09,5.0735474
1976-11-10,3.3016205
1976-11-11,0.6866455
1976-11-12,12.519836
1976-11-13,0.019073486
1976-11-14,0.00043516047
1976-11-15,0.009983778
1976-11-16,0.031143427
1976-11-17,2.6054382
1976-11-18,1.7299652
1976-11-19,0.00043516047
1976-11-20,0.00085821375
1976-11-21,0.0017127022
1976-11-22,0.06532669
1976-11-23,0.15544891
1976-11-24,0.002572313
1976-11-25,0.0025816262
1976-11-26,0.00859797
1976-11-27,6.450653
1976-11-28,0.021994114
1976-11-29,0.40268898
1976-11-30,24.18518
1976-12-01,31.25
1976-12-02,9.651184
1976-12-03,8.621216
1976-12-04,3.49617
1976-12-05,3.7117004
1976-12-06,4.8446655
1976-12-07,8.132935
1976-12-08,2.0503998
1976-12-09,8.491516
1976-12-10,3.4618378
1976-12-11,0.038415194
1976-12-12,0.0056400895
1976-12-13,0.00043516047
1976-12-14,0.0060014427
1976-12-15,0.0021401793
1976-12-16,0.009022653
1976-12-17,0.0
1976-12-18,7.0495605
1976-12-19,0.7414818
1976-12-20,1.4028549
1976-12-21,0.13446808
1976-12-22,0.009521842
1976-12-23,0.026404858
1976-12-24,0.009760261
1976-12-25,1.3427734
1976-12-26,0.0028647482
1976-12-27,0.014379621
1976-12-28,1.0681152
1976-12-29,0.6041527
1976-12-30,0.0008563511
1976-12-31,4.055023
1977-01-01,5.5618286
1977-01-02,0.67043304
1977-01-03,0.019803643
1977-01-04,0.00086426735
1977-01-05,0.0010849908
1977-01-06,0.013940036
1977-01-07,0.042259693
1977-01-08,0.0
1977-01-09,0.04044175
1977-01-10,2.2888184
1977-01-11,1.3132095
1977-01-12,1.8491745
1977-01-13,2.746582
1977-01-14,4.917145
1977-01-15,2.3975372
1977-01-16,0.6303787
1977-01-17,0.0021457672
1977-01-18,4.512787
1977-01-19,3.4694672
1977-01-20,3.0574799
1977-01-21,8.43811
1977-01-22,0.5569458
1977-01-23,0.0012824312
1977-01-24,1.4791489
1977-01-25,12.306213
1977-01-26,10.429382
1977-01-27,0.124931335
1977-01-28,2.9029846
1977-01-29,3.2291412
1977-01-30,3.320694
1977-01-31,0.0052675605
1977-02-01,0.0014184043
1977-02-02,0.7324219
1977-02-03,7.129669
1977-02-04,7.358551
1977-02-05,3.3416748
1977-02-06,0.18131733
1977-02-07,0.00043516047
1977-02-08,7.537842
1977-02-09,5.7296753
1977-02-10,4.6310425
1977-02-11,4.650116
1977-02-12,1.4133453
1977-02-13,3.6964417
1977-02-14,8.613586
1977-02-15,4.1542053
1977-02-16,5.706787
1977-02-17,1.537323
1977-02-18,0.4081726
1977-02-19,0.21898746
1977-02-20,20.324707
1977-02-21,1.3875961
1977-02-22,0.12612343
1977-02-23,0.22923946
1977-02-24,2.735138
1977-02-25,0.59461594
1977-02-26,0.0009117648
1977-02-27,3.6125183
1977-02-28,0.8125305
1977-03-01,0.00043516047
1977-03-02,0.00085821375
1977-03-03,0.0017220154
1977-03-04,0.1270771
1977-03-05,0.02220273
1977-03-06,0.0017192215
1977-03-07,0.040113926
1977-03-08,0.0017229468
1977-03-09,2.439499
1977-03-10,1.452446
1977-03-11,8.346558
1977-03-12,5.783081
1977-03-13,10.551453
1977-03-14,1.6298294
1977-03-15,0.0030063093
1977-03-16,0.0102594495
1977-03-17,0.0036247075
1977-03-18,2.0160675
1977-03-19,9.269714
1977-03-20,2.161026
1977-03-21,4.207611
1977-03-22,0.38576126
1977-03-23,5.0697327
1977-03-24,0.62417984
1977-03-25,0.0012787059
1977-03-26,2.0313263
1977-03-27,1.996994
1977-03-28,2.7484894
1977-03-29,0.007897615
1977-03-30,0.00085681677
1977-03-31,0.00043516047
1977-04-01,2.9773712
1977-04-02,5.2604675
1977-04-03,0.49877167
1977-04-04,3.0822754
1977-04-05,2.5978088
1977-04-06,0.010870397
1977-04-07,2.8839111
1977-04-08,0.9946823
1977-04-09,12.535095
1977-04-10,1.206398
1977-04-11,2.39563
1977-04-12,1.7824173
1977-04-13,1.2168884
1977-04-14,0.29969215
1977-04-15,0.003432855
1977-04-16,0.00085821375
1977-04-17,9.506226
1977-04-18,0.62417984
1977-04-19,0.6928444
1977-04-20,0.00043516047
1977-04-21,0.00042910688
1977-04-22,0.0
1977-04-23,0.0988245
1977-04-24,0.08529425
1977-04-25,0.017374754
1977-04-26,0.003008172
1977-04-27,0.93221664
1977-04-28,0.99277496
1977-04-29,0.0012814999
1977-04-30,0.5660057
1977-05-01,5.5274963
1977-05-02,18.356323
1977-05-03,1.4810562
1977-05-04,6.767273
1977-05-05,0.0023078173
1977-05-06,0.6599426
1977-05-07,0.09894371
1977-05-08,0.35524368
1977-05-09,0.036746264
1977-05-10,0.00085961074
1977-05-11,0.16534328
1977-05-12,7.297516
1977-05-13,0.53071976
1977-05-14,9.048462
1977-05-15,3.5324097
1977-05-16,5.9432983
1977-05-17,4.0130615
1977-05-18,2.811432
1977-05-19,5.264282
1977-05-20,6.5727234
1977-05-21,8.728027
1977-05-22,0.46873093
1977-05-23,0.10347366
1977-05-24,11.657715
1977-05-25,13.923645
1977-05-26,1.004219
1977-05-27,4.886627
1977-05-28,5.0468445
1977-05-29,0.3068447
1977-05-30,2.5234222
1977-05-31,11.665344
1977-06-01,1.3437271
1977-06-02,0.95415115
1977-06-03,0.012688339
1977-06-04,0.00085728243
1977-06-05,0.19133091
1977-06-06,0.39052963
1977-06-07,4.8179626
1977-06-08,14.24408
1977-06-09,2.5920868
1977-06-10,6.5994263
1977-06-11,1.1987686
1977-06-12,2.5596619
1977-06-13,9.536743
1977-06-14,7.2746277
1977-06-15,0.15544891
1977-06-16,0.003600493
1977-06-17,7.987976
1977-06-18,9.178162
1977-06-19,0.47421455
1977-06-20,9.094238
1977-06-21,1.6260147
1977-06-22,5.2375793
1977-06-23,1.6956329
1977-06-24,0.2052784
1977-06-25,0.00043516047
1977-06-26,0.060021877
1977-06-27,0.00043516047
1977-06-28,0.8831024
1977-06-29,2.8419495
1977-06-30,0.50878525
1977-07-01,0.0021588057
1977-07-02,0.00042608008
1977-07-03,0.48923492
1977-07-04,5.176544
1977-07-05,0.09524822
1977-07-06,1.2464523
1977-07-07,8.811951
1977-07-08,17.318726
1977-07-09,11.505127
1977-07-10,0.025168061
1977-07-11,4.508972
1977-07-12,6.5727234
1977-07-13,5.115509
1977-07-14,0.056803226
1977-07-15,0.4222393
1977-07-16,0.0017164275
1977-07-17,0.0012842938
1977-07-18,0.002142042
1977-07-19,0.78105927
1977-07-20,0.26488304
1977-07-21,0.23889542
1977-07-22,0.0025853515
1977-07-23,0.00044098124
1977-07-24,0.003799796
1977-07-25,1.2102127
1977-07-26,0.8511543
1977-07-27,7.297516
1977-07-28,4.009247
1977-07-29,2.696991
1977-07-30,6.9503784
1977-07-31,2.0828247
1977-08-01,8.940697e-05
1977-08-02,0.00085821375
1977-08-03,0.0015199184
1977-08-04,0.37693977
1977-08-05,0.031888485
1977-08-06,0.029847026
1977-08-07,1.6145706
1977-08-08,0.0021662563
1977-08-09,0.07349253
1977-08-10,0.00086426735
1977-08-11,0.0012870878
1977-08-12,0.0030100346
1977-08-13,0.0017341226
1977-08-14,0.0017136335
1977-08-15,0.22089481
1977-08-16,18.081665
1977-08-17,8.880615
1977-08-18,4.7950745
1977-08-19,11.932373
1977-08-20,1.8281937
1977-08-21,4.043579
1977-08-22,2.7179718
1977-08-23,1.1911392
1977-08-24,0.037699938
1977-08-25,1.6412735
1977-08-26,0.3221035
1977-08-27,0.47302246
1977-08-28,0.43916702
1977-08-29,0.1847744
1977-08-30,0.011391938
1977-08-31,0.0038556755
1977-09-01,0.35905838
1977-09-02,0.0
1977-09-03,0.007897615
1977-09-04,0.00086426735
1977-09-05,0.00043516047
1977-09-06,0.0
1977-09-07,0.00086193904
1977-09-08,0.0017164275
1977-09-09,1.5573502
1977-09-10,0.0
1977-09-11,0.0
1977-09-12,0.0
1977-09-13,0.07033348
1977-09-14,0.005669892
1977-09-15,0.0008651987
1977-09-16,0.00087032095
1977-09-17,0.0012814999
1977-09-18,0.00043516047
1977-09-19,0.0
1977-09-20,0.0071823597
1977-09-21,0.00085216016
1977-09-22,0.0017164275
1977-09-23,0.0
1977-09-24,3.0441284
1977-09-25,0.19335747
1977-09-26,0.0060647726
1977-09-27,0.0025518239
1977-09-28,0.025510788
1977-09-29,0.17821789
1977-09-30,0.29301643
1977-10-01,0.47278404
1977-10-02,2.4108887
1977-10-03,0.2760887
1977-10-04,0.0048726797
1977-10-05,9.933472
1977-10-06,13.061523
1977-10-07,0.19693375
1977-10-08,7.8048706
1977-10-09,6.1569214
1977-10-10,0.562191
1977-10-11,0.0013103709
1977-10-12,0.002142042
1977-10-13,0.0012814999
1977-10-14,0.0021643937
1977-10-15,0.002142042
1977-10-16,0.0
1977-10-17,0.0012908131
1977-10-18,0.0017192215
1977-10-19,3.1642914
1977-10-20,3.4732819
1977-10-21,0.87070465
1977-10-22,9.887695
1977-10-23,3.9863586
1977-10-24,2.6226044
1977-10-25,1.2254715
1977-10-26,0.0042915344
1977-10-27,0.00042608008
1977-10-28,0.08404255
1977-10-29,0.04607439
1977-10-30,0.001013279
1977-10-31,1.1863708
1977-11-01,0.20587444
1977-11-02,0.0008046627
1977-11-03,0.0
1977-11-04,2.2964478
1977-11-05,0.0012814999
1977-11-06,0.048071146
1977-11-07,0.16820431
1977-11-08,0.0
1977-11-09,0.00085821375
1977-11-10,0.0021494925
1977-11-11,0.0
1977-11-12,0.54979324
1977-11-13,3.780365
1977-11-14,1.7957687
1977-11-15,3.3931732
1977-11-16,3.9291382
1977-11-17,1.5897751
1977-11-18,0.1488924
1977-11-19,0.00085821375
1977-11-20,0.06902218
1977-11-21,5.619049
1977-11-22,1.3055801
1977-11-23,0.08666515
1977-11-24,5.1460266
1977-11-25,0.49448013
1977-11-26,0.001299195
1977-11-27,0.0021383166
1977-11-28,0.00043516047
1977-11-29,0.003926456
1977-11-30,0.0192374
1977-12-01,0.11700392
1977-12-02,0.0012814999
1977-12-03,0.0025816262
1977-12-04,2.0198822
1977-12-05,5.3520203
1977-12-06,3.3073425
1977-12-07,1.6851425
1977-12-08,0.5545616
1977-12-09,0.0030100346
1977-12-10,3.4599304
1977-12-11,11.169434
1977-12-12,13.381958
1977-12-13,0.045120716
1977-12-14,0.00085216016
1977-12-15,0.0012824312
1977-12-16,0.0017145649
1977-12-17,0.0012898818
1977-12-18,0.0
1977-12-19,0.00042608008
1977-12-20,0.685215
1977-12-21,7.133484
1977-12-22,0.9021759
1977-12-23,2.8820038
1977-12-24,0.049114227
1977-12-25,0.14257431
1977-12-26,0.00085216016
1977-12-27,4.611969
1977-12-28,5.3367615
1977-12-29,0.0017164275
1977-12-30,0.7519722
1977-12-31,0.0048466027
1978-01-01,0.01129508
1978-01-02,0.8301735
1978-01-03,0.08058548
1978-01-04,1.8110275
1978-01-05,0.008612871
1978-01-06,0.0012870878
1978-01-07,0.0021513551
1978-01-08,0.012502074
1978-01-09,0.050783157
1978-01-10,0.4529953
1978-01-11,15.991211
1978-01-12,2.3231506
1978-01-13,3.2634735
1978-01-14,0.4003048
1978-01-15,1.9330978
1978-01-16,0.57554245
1978-01-17,0.047147274
1978-01-18,2.7313232
1978-01-19,10.292053
1978-01-20,0.66947937
1978-01-21,0.0030100346
1978-01-22,5.0697327
1978-01-23,4.585266
1978-01-24,8.758545
1978-01-25,4.9858093
1978-01-26,2.3880005
1978-01-27,0.28395653
1978-01-28,8.422852
1978-01-29,3.932953
1978-01-30,1.2598038
1978-01-31,5.4626465
1978-02-01,7.4043274
1978-02-02,0.426054
1978-02-03,0.29873848
1978-02-04,7.7705383
1978-02-05,3.2444
1978-02-06,1.0023117
1978-02-07,7.209778
1978-02-08,0.036925077
1978-02-09,1.4753342
1978-02-10,2.8305054
1978-02-11,0.5302429
1978-02-12,3.0517578
1978-02-13,3.484726
1978-02-14,2.6798248
1978-02-15,16.708374
1978-02-16,9.94873
1978-02-17,5.252838
1978-02-18,1.7347336
1978-02-19,11.245728
1978-02-20,5.065918
1978-02-21,2.7999878
1978-02-22,0.0017154962
1978-02-23,0.8239746
1978-02-24,2.5501251
1978-02-25,10.932922
1978-02-26,0.11879206
1978-02-27,2.401352
1978-02-28,2.8152466
1978-03-01,2.0542145
1978-03-02,1.0538101
1978-03-03,7.774353
1978-03-04,3.9749146
1978-03-05,0.0018011779
1978-03-06,0.0017182902
1978-03-07,0.0017229468
1978-03-08,0.00043516047
1978-03-09,0.014863908
1978-03-10,0.0017108396
1978-03-11,0.0013085082
1978-03-12,5.016327
1978-03-13,0.0012898818
1978-03-14,2.6397705
1978-03-15,4.0779114
1978-03-16,6.5574646
1978-03-17,4.1503906
1978-03-18,0.37503242
1978-03-19,0.078737736
1978-03-20,1.6336441
1978-03-21,3.1585693
1978-03-22,1.2264252
1978-03-23,14.976501
1978-03-24,10.307312
1978-03-25,3.0727386
1978-03-26,3.353119
1978-03-27,0.3142357
1978-03-28,0.047057867
1978-03-29,12.252808
1978-03-30,8.453369
1978-03-31,2.1648407
1978-04-01,4.5204163
1978-04-02,6.4048767
1978-04-03,1.1091232
1978-04-04,0.06651878
1978-04-05,2.5310516
1978-04-06,2.3479462
1978-04-07,0.018700957
1978-04-08,0.00044098124
1978-04-09,0.04553795
1978-04-10,1.0375977
1978-04-11,0.7762909
1978-04-12,1.3551712
1978-04-13,4.1503906
1978-04-14,4.005432
1978-04-15,0.9007454
1978-04-16,0.001293607
1978-04-17,0.0
1978-04-18,9.9105835
1978-04-19,7.446289
1978-04-20,3.2901764
1978-04-21,0.8983612
1978-04-22,0.0012973323
1978-04-23,0.15246868
1978-04-24,10.643005
1978-04-25,0.9522438
1978-04-26,9.117126
1978-04-27,0.22876263
1978-04-28,1.6021729
1978-04-29,6.134033
1978-04-30,16.37268
1978-05-01,0.9217262
1978-05-02,0.012204051
1978-05-03,1.3799667
1978-05-04,0.9741783
1978-05-05,9.094238
1978-05-06,5.882263
1978-05-07,1.3074875
1978-05-08,1.7309189
1978-05-09,0.8535385
1978-05-10,0.00042608008
1978-05-11,0.0
1978-05-12,0.5970001
1978-05-13,0.8068085
1978-05-14,0.4105568
1978-05-15,0.50354004
1978-05-16,6.088257
1978-05-17,3.6182404
1978-05-18,13.916016
1978-05-19,0.55742264
1978-05-20,5.5732727
1978-05-21,6.5231323
1978-05-22,0.39577484
1978-05-23,2.2678375
1978-05-24,0.518322
1978-05-25,0.2977848
1978-05-26,0.4684925
1978-05-27,0.33688545
1978-05-28,1.8606186
1978-05-29,0.13875961
1978-05-30,0.7610321
1978-05-31,3.030777
1978-06-01,0.07635355
1978-06-02,0.00086892396
1978-06-03,0.59747696
1978-06-04,0.13828278
1978-06-05,0.053614378
1978-06-06,22.30835
1978-06-07,7.724762
1978-06-08,0.18084049
1978-06-09,0.17750263
1978-06-10,2.1629333
1978-06-11,0.0012814999
1978-06-12,0.003874302
1978-06-13,0.037014484
1978-06-14,0.019028783
1978-06-15,0.77295303
1978-06-16,11.71875
1978-06-17,1.1177063
1978-06-18,2.2068024
1978-06-19,0.08380413
1978-06-20,0.06645918
1978-06-21,0.07849932
1978-06-22,0.24580956
1978-06-23,1.8930435
1978-06-24,7.8201294
1978-06-25,3.2997131
1978-06-26,3.835678
1978-06-27,0.2810955
1978-06-28,0.19347668
1978-06-29,0.03248453
1978-06-30,0.05480647
1978-07-01,0.0461936
1978-07-02,0.0012889504
1978-07-03,0.048428774
1978-07-04,2.9659271
1978-07-05,6.828308
1978-07-06,2.9144287
1978-07-07,0.41222572
1978-07-08,0.011757016
1978-07-09,0.0017257407
1978-07-10,0.050365925
1978-07-11,0.0008526258
1978-07-12,0.0
1978-07-13,0.001299195
1978-07-14,0.0006197952
1978-07-15,0.0017099082
1978-07-16,0.0008819625
1978-07-17,0.013872981
1978-07-18,6.1073303
1978-07-19,0.6289482
1978-07-20,0.910759
1978-07-21,0.60367584
1978-07-22,0.0017192215
1978-07-23,0.0017052516
1978-07-24,0.00043516047
1978-07-25,0.0012861565
1978-07-26,2.658844
1978-07-27,0.08940697
1978-07-28,0.007212162
1978-07-29,0.053733587
1978-07-30,25.756836
1978-07-31,6.275177
1978-08-01,0.51546097
1978-08-02,0.10973215
1978-08-03,0.2925396
1978-08-04,0.001299195
1978-08-05,0.0
1978-08-06,0.37312508
1978-08-07,17.01355
1978-08-08,1.3780594
1978-08-09,0.19574165
1978-08-10,0.8225441
1978-08-11,0.00085216016
1978-08-12,0.0012796372
1978-08-13,0.001293607
1978-08-14,0.7534027
1978-08-15,10.726929
1978-08-16,0.05581975
1978-08-17,0.0076964498
1978-08-18,0.0
1978-08-19,0.0008554198
1978-08-20,0.00044098124
1978-08-21,0.00087032095
1978-08-22,0.0008819625
1978-08-23,0.0
1978-08-24,0.00044098124
1978-08-25,0.0
1978-08-26,0.00044098124
1978-08-27,0.0021532178
1978-08-28,0.0008614734
1978-08-29,0.0012898818
1978-08-30,0.0
1978-08-31,0.00085216016
1978-09-01,0.0025741756
1978-09-02,0.0021550804
1978-09-03,0.0
1978-09-04,5.2833557
1978-09-05,6.263733
1978-09-06,6.778717
1978-09-07,4.8675537
1978-09-08,1.159668
1978-09-09,0.6804466
1978-09-10,0.009141862
1978-09-11,0.37884712
1978-09-12,0.19657612
1978-09-13,0.0
1978-09-14,0.0021494925
1978-09-15,0.00044098124
1978-09-16,0.00043516047
1978-09-17,0.002156943
1978-09-18,0.00085216016
1978-09-19,0.0008614734
1978-09-20,0.0
1978-09-21,0.0
1978-09-22,0.0
1978-09-23,0.0
1978-09-24,0.0
1978-09-25,0.00042608008
1978-09-26,0.0
1978-09-27,0.106692314
1978-09-28,0.0030063093
1978-09-29,1.2674332
1978-09-30,4.196167
1978-10-01,1.5859604
1978-10-02,0.5683899
1978-10-03,0.0012246892
1978-10-04,0.47636032
1978-10-05,0.0008707866
1978-10-06,0.00042608008
1978-10-07,0.0
1978-10-08,0.0025741756
1978-10-09,0.0
1978-10-10,0.0008554198
1978-10-11,0.00043516047
1978-10-12,0.00044098124
1978-10-13,0.0022500753
1978-10-14,0.17118454
1978-10-15,0.08618832
1978-10-16,0.39482117
1978-10-17,3.9367676
1978-10-18,0.44941902
1978-10-19,0.0025797635
1978-10-20,0.0030007213
1978-10-21,0.3643036
1978-10-22,0.019446015
1978-10-23,0.030353665
1978-10-24,0.0012880191
1978-10-25,0.0021401793
1978-10-26,0.09930134
1978-10-27,0.013783574
1978-10-28,0.001293607
1978-10-29,0.0
1978-10-30,0.0012842938
1978-10-31,0.037908554
1978-11-01,0.14674664
1978-11-02,0.041007996
1978-11-03,0.033199787
1978-11-04,0.019997358
1978-11-05,0.00085216016
1978-11-06,0.00085216016
1978-11-07,0.0012908131
1978-11-08,0.3244877
1978-11-09,0.0
1978-11-10,0.00042608008
1978-11-11,0.0026468188
1978-11-12,0.00043516047
1978-11-13,1.0309219
1978-11-14,0.037014484
1978-11-15,0.0017127022
1978-11-16,0.07790327
1978-11-17,0.0017192215
1978-11-18,0.0021532178
1978-11-19,0.0012852252
1978-11-20,0.45204163
1978-11-21,0.019147992
1978-11-22,0.0042691827
1978-11-23,0.0
1978-11-24,0.06252527
1978-11-25,3.271103
1978-11-26,0.79631805
1978-11-27,0.00011920929
1978-11-28,0.03954768
1978-11-29,0.009208918
1978-11-30,0.00085216016
1978-12-01,0.00085216016
1978-12-02,1.9817352
1978-12-03,2.9792786
1978-12-04,8.926392
1978-12-05,0.005159527
1978-12-06,0.0
1978-12-07,5.252838
1978-12-08,2.4204254
1978-12-09,0.46658516
1978-12-10,0.0
1978-12-11,0.9045601
1978-12-12,6.603241
1978-12-13,6.2675476
1978-12-14,9.353638
1978-12-15,9.544373
1978-12-16,5.7907104
1978-12-17,2.9296875
1978-12-18,0.09816885
1978-12-19,0.011920929
1978-12-20,1.9989014
1978-12-21,0.18620491
1978-12-22,0.001120381
1978-12-23,6.0195923
1978-12-24,4.4403076
1978-12-25,1.8081665
1978-12-26,0.0030063093
1978-12-27,1.958847
1978-12-28,7.74765
1978-12-29,15.701294
1978-12-30,9.635925
1978-12-31,6.8588257
1979-01-01,1.8606186
1979-01-02,0.0012870878
1979-01-03,12.420654
1979-01-04,6.5231323
1979-01-05,0.7286072
1979-01-06,0.0012852252
1979-01-07,0.033676624
1979-01-08,0.94127655
1979-01-09,2.0332336
1979-01-10,14.122009
1979-01-11,6.4201355
1979-01-12,2.0809174
1979-01-13,2.4738312
1979-01-14,0.0017238781
1979-01-15,0.00043516047
1979-01-16,0.0012870878
1979-01-17,0.00043516047
1979-01-18,1.3790131
1979-01-19,5.3749084
1979-01-20,2.614975
1979-01-21,0.0004649628
1979-01-22,6.7710876
1979-01-23,0.27751923
1979-01-24,0.14209747
1979-01-25,0.0008614734
1979-01-26,7.385254
1979-01-27,21.697998
1979-01-28,0.56505203
1979-01-29,3.791809
1979-01-30,4.020691
1979-01-31,0.007726252
1979-02-01,0.849247
1979-02-02,4.1542053
1979-02-03,4.8217773
1979-02-04,10.826111
1979-02-05,5.001068
1979-02-06,11.375427
1979-02-07,5.4855347
1979-02-08,13.153076
1979-02-09,2.483368
1979-02-10,3.414154
1979-02-11,0.61941147
1979-02-12,3.824234
1979-02-13,7.5645447
1979-02-14,2.8419495
1979-02-15,0.37813187
1979-02-16,0.15223026
1979-02-17,0.16725063
1979-02-18,0.031739473
1979-02-19,0.015132129
1979-02-20,0.0359118
1979-02-21,0.0025574118
1979-02-22,0.057190657
1979-02-23,0.21028519
1979-02-24,0.19586086
1979-02-25,0.001299195
1979-02-26,0.00043516047
1979-02-27,0.0017136335
1979-02-28,5.5732727
1979-03-01,1.5630722
1979-03-02,0.08517504
1979-03-03,0.3068447
1979-03-04,0.17786026
1979-03-05,1.6956329
1979-03-06,4.650116
1979-03-07,0.705719
1979-03-08,0.12588501
1979-03-09,2.5367737
1979-03-10,3.2539368
1979-03-11,0.6227493
1979-03-12,0.2245903
1979-03-13,0.56648254
1979-03-14,20.584106
1979-03-15,2.3422241
1979-03-16,6.362915
1979-03-17,7.850647
1979-03-18,2.9239655
1979-03-19,3.8223267
1979-03-20,0.80013275
1979-03-21,2.7809143
1979-03-22,0.8416176
1979-03-23,2.1629333
1979-03-24,0.51641464
1979-03-25,5.554199
1979-03-26,8.865356
1979-03-27,9.819031
1979-03-28,11.482239
1979-03-29,4.333496
1979-03-30,1.159668
1979-03-31,0.5135536
1979-04-01,1.2159348
1979-04-02,4.4822693
1979-04-03,7.873535
1979-04-04,4.0779114
1979-04-05,6.1836243
1979-04-06,5.168915
1979-04-07,0.44465065
1979-04-08,0.020742416
1979-04-09,0.7200241
1979-04-10,10.025024
1979-04-11,1.156807
1979-04-12,0.006839633
1979-04-13,0.0
1979-04-14,7.335663
1979-04-15,0.33807755
1979-04-16,0.33068657
1979-04-17,0.00571087
1979-04-18,0.00016391277
1979-04-19,0.026673079
1979-04-20,0.65755844
1979-04-21,8.407593
1979-04-22,2.412796
1979-04-23,9.017944
1979-04-24,4.9476624
1979-04-25,3.6582947
1979-04-26,3.879547
1979-04-27,2.954483
1979-04-28,4.890442
1979-04-29,1.8596649
1979-04-30,1.2550354
1979-05-01,1.0919571
1979-05-02,3.8146973
1979-05-03,2.0694733
1979-05-04,0.81300735
1979-05-05,0.2746582
1979-05-06,0.0
1979-05-07,0.00085216016
1979-05-08,1.8854141
1979-05-09,0.07522106
1979-05-10,0.018373132
1979-05-11,0.0
1979-05-12,0.00085821375
1979-05-13,0.00044098124
1979-05-14,0.0
1979-05-15,0.0008447096
1979-05-16,0.24580956
1979-05-17,16.342163
1979-05-18,10.032654
1979-05-19,11.947632
1979-05-20,27.450562
1979-05-21,5.760193
1979-05-22,2.6874542
1979-05-23,1.7023087
1979-05-24,1.2636185
1979-05-25,0.21576881
1979-05-26,8.392334
1979-05-27,0.7147789
1979-05-28,0.020861626
1979-05-29,0.4901886
1979-05-30,11.360168
1979-05-31,14.503479
1979-06-01,11.642456
1979-06-02,0.323534
1979-06-03,0.0012814999
1979-06-04,0.4453659
1979-06-05,0.4992485
1979-06-06,0.06276369
1979-06-07,0.00043516047
1979-06-08,0.0021401793
1979-06-09,7.701874
1979-06-10,9.117126
1979-06-11,1.0242462
1979-06-12,16.952515
1979-06-13,2.1800995
1979-06-14,1.8424988
1979-06-15,3.7384033
1979-06-16,0.15962124
1979-06-17,0.00087032095
1979-06-18,0.0
1979-06-19,0.0
1979-06-20,0.0017154962
1979-06-21,0.11885166
1979-06-22,0.097215176
1979-06-23,0.3426075
1979-06-24,0.06389618
1979-06-25,0.04658103
1979-06-26,0.77199936
1979-06-27,5.622864
1979-06-28,0.30636787
1979-06-29,0.040471554
1979-06-30,0.6079674
1979-07-01,0.011429191
1979-07-02,0.0
1979-07-03,0.0
1979-07-04,0.0
1979-07-05,0.00085821375
1979-07-06,0.0
1979-07-07,0.0
1979-07-08,0.0008721836
1979-07-09,0.0
1979-07-10,0.096321106
1979-07-11,18.1427
1979-07-12,11.528015
1979-07-13,1.2140274
1979-07-14,0.018969178
1979-07-15,0.22816658
1979-07-16,0.0012917444
1979-07-17,0.00085216016
1979-07-18,0.0008591451
1979-07-19,2.3841858
1979-07-20,0.2194643
1979-07-21,0.011213124
1979-07-22,0.00042608008
1979-07-23,0.0025629997
1979-07-24,0.0012852252
1979-07-25,4.962921
1979-07-26,1.7156601
1979-07-27,0.009991229
1979-07-28,0.0008614734
1979-07-29,0.00085821375
1979-07-30,2.6302338
1979-07-31,2.3651123
1979-08-01,0.2760887
1979-08-02,1.3074875
1979-08-03,4.7798157
1979-08-04,0.0004384201
1979-08-05,0.8621216
1979-08-06,0.00042608008
1979-08-07,0.00086426735
1979-08-08,0.4556179
1979-08-09,0.8907318
1979-08-10,1.033783
1979-08-11,0.60272217
1979-08-12,0.6084442
1979-08-13,0.0
1979-08-14,5.5503845
1979-08-15,13.679504
1979-08-16,0.77724457
1979-08-17,1.3360977
1979-08-18,0.7457733
1979-08-19,1.2273788
1979-08-20,0.021621585
1979-08-21,0.059753656
1979-08-22,0.0017099082
1979-08-23,6.55365
1979-08-24,0.7786751
1979-08-25,2.0999908
1979-08-26,0.56648254
1979-08-27,0.30589104
1979-08-28,0.0
1979-08-29,1.3513565
1979-08-30,4.9858093
1979-08-31,0.00043516047
1979-09-01,0.0014454126
1979-09-02,1.4781952
1979-09-03,0.0
1979-09-04,0.00086426735
1979-09-05,0.00086426735
1979-09-06,7.3509216
1979-09-07,6.038666
1979-09-08,0.09441376
1979-09-09,3.364563
1979-09-10,0.045001507
1979-09-11,0.0025648624
1979-09-12,0.0021401793
1979-09-13,0.06735325
1979-09-14,0.600338
1979-09-15,0.004488975
1979-09-16,0.0012870878
1979-09-17,0.00043516047
1979-09-18,0.002566725
1979-09-19,4.6081543
1979-09-20,3.6334991
1979-09-21,0.83732605
1979-09-22,14.442444
1979-09-23,0.00086426735
1979-09-24,1.9464493
1979-09-25,0.9036064
1979-09-26,0.0017201528
1979-09-27,0.0008624047
1979-09-28,0.00044493936
1979-09-29,0.00044121407
1979-09-30,0.03784895
1979-10-01,0.003322959
1979-10-02,8.940697e-05
1979-10-03,0.042289495
1979-10-04,2.3002625
1979-10-05,0.008292496
1979-10-06,5.9394836
1979-10-07,0.24580956
1979-10-08,0.0
1979-10-09,0.38051605
1979-10-10,15.762329
1979-10-11,1.824379
1979-10-12,1.0700226
1979-10-13,3.1394958
1979-10-14,3.8661957
1979-10-15,1.0118484
1979-10-16,0.9880066
1979-10-17,0.064730644
1979-10-18,0.00042910688
1979-10-19,0.0008554198
1979-10-20,0.83971024
1979-10-21,0.105679035
1979-10-22,0.41031837
1979-10-23,7.6675415
1979-10-24,3.835678
1979-10-25,5.958557
1979-10-26,6.1950684
1979-10-27,3.9596558
1979-10-28,0.031799078
1979-10-29,0.90646744
1979-10-30,0.02719462
1979-10-31,0.21624565
1979-11-01,12.34436
1979-11-02,6.427765
1979-11-03,0.0021271408
1979-11-04,0.0012908131
1979-11-05,1.6956329
1979-11-06,0.46801567
1979-11-07,1.5907288
1979-11-08,0.11473894
1979-11-09,2.6893616
1979-11-10,0.04938245
1979-11-11,0.2629757
1979-11-12,6.099701
1979-11-13,7.1754456
1979-11-14,12.1536255
1979-11-15,0.97846985
1979-11-16,0.9050369
1979-11-17,0.08291006
1979-11-18,1.5258789
1979-11-19,0.6084442
1979-11-20,0.14352798
1979-11-21,0.0055767596
1979-11-22,0.005207956
1979-11-23,0.031232834
1979-11-24,0.012069941
1979-11-25,0.00043516047
1979-11-26,0.0012870878
1979-11-27,0.0017136335
1979-11-28,0.021770597
1979-11-29,0.00086426735
1979-11-30,0.00087032095
1979-12-01,0.2770424
1979-12-02,0.0436306
1979-12-03,0.0017154962
1979-12-04,0.0012870878
1979-12-05,0.00043516047
1979-12-06,0.00043516047
1979-12-07,0.0008554198
1979-12-08,2.8514862
1979-12-09,0.55885315
1979-12-10,3.5419464
1979-12-11,5.630493
1979-12-12,2.8266907
1979-12-13,3.835678
1979-12-14,4.4021606
1979-12-15,5.1727295
1979-12-16,7.671356
1979-12-17,1.3847351
1979-12-18,9.284973
1979-12-19,0.89883804
1979-12-20,0.08505583
1979-12-21,0.02041459
1979-12-22,0.0018235296
1979-12-23,4.375458
1979-12-24,0.22768974
1979-12-25,0.0038333237
1979-12-26,0.00096298754
1979-12-27,0.0012954697
1979-12-28,1.493454
1979-12-29,9.994507
1979-12-30,17.028809
1979-12-31,0.32377243
1980-01-01,6.0043335
1980-01-02,1.6098022
1980-01-03,0.004336238
1980-01-04,2.6874542
1980-01-05,1.8281937
1980-01-06,1.1339188
1980-01-07,0.13947487
1980-01-08,0.16665459
1980-01-09,2.620697
1980-01-10,1.2397766
1980-01-11,0.0081807375
1980-01-12,0.09173155
1980-01-13,0.0032782555
1980-01-14,0.003427267
1980-01-15,0.00043516047
1980-01-16,0.27179718
1980-01-17,0.0010589138
1980-01-18,0.3476143
1980-01-19,0.14543533
1980-01-20,4.3678284
1980-01-21,13.282776
1980-01-22,16.204834
1980-01-23,5.7296753
1980-01-24,1.3093948
1980-01-25,0.23627281
1980-01-26,1.7375946
1980-01-27,0.00086426735
1980-01-28,0.0
1980-01-29,0.0037699938
1980-01-30,0.27179718
1980-01-31,13.961792
1980-02-01,3.9863586
1980-02-02,0.9551048
1980-02-03,1.1577606
1980-02-04,2.6721954
1980-02-05,0.22149086
1980-02-06,0.09727478
1980-02-07,0.14340878
1980-02-08,0.00044098124
1980-02-09,5.584717
1980-02-10,3.2405853
1980-02-11,0.002572313
1980-02-12,0.0008554198
1980-02-13,0.13411045
1980-02-14,0.14400482
1980-02-15,0.00090012327
1980-02-16,3.1032562
1980-02-17,0.0065788627
1980-02-18,0.00043516047
1980-02-19,0.0021513551
1980-02-20,0.0032670796
1980-02-21,0.028267503
1980-02-22,0.40364265
1980-02-23,9.315491
1980-02-24,7.865906
1980-02-25,1.2760162
1980-02-26,3.7155151
1980-02-27,0.09661913
1980-02-28,0.14865398
1980-02-29,0.0012842938
1980-03-01,0.0012814999
1980-03-02,0.007137656
1980-03-03,0.14865398
1980-03-04,0.0025741756
1980-03-05,0.64754486
1980-03-06,6.8969727
1980-03-07,8.19397
1980-03-08,5.9776306
1980-03-09,3.1280518
1980-03-10,1.3723373
1980-03-11,0.9417534
1980-03-12,2.840042
1980-03-13,7.9345703
1980-03-14,1.2845993
1980-03-15,0.5106926
1980-03-16,0.08291006
1980-03-17,0.00085216016
1980-03-18,0.08803606
1980-03-19,8.255005
1980-03-20,4.3144226
1980-03-21,1.2998581
1980-03-22,0.14400482
1980-03-23,0.00042608008
1980-03-24,2.0275116
1980-03-25,3.1738281
1980-03-26,6.3705444
1980-03-27,1.5335083
1980-03-28,1.4209747
1980-03-29,4.59671
1980-03-30,0.18668175
1980-03-31,0.015571713
1980-04-01,1.411438
1980-04-02,0.30732155
1980-04-03,0.1654625
1980-04-04,0.0
1980-04-05,0.0017099082
1980-04-06,0.0004945323
1980-04-07,0.016719103
1980-04-08,1.7127991
1980-04-09,0.0034216791
1980-04-10,0.0017285347
1980-04-11,0.0038444996
1980-04-12,0.0008419156
1980-04-13,0.062823296
1980-04-14,3.7441254
1980-04-15,8.69751
1980-04-16,0.3399849
1980-04-17,3.4294128
1980-04-18,0.9841919
1980-04-19,0.09983778
1980-04-20,0.7162094
1980-04-21,0.18501282
1980-04-22,0.0029802322
1980-04-23,4.7035217
1980-04-24,0.024810433
1980-04-25,0.07748604
1980-04-26,0.108122826
1980-04-27,0.61035156
1980-04-28,0.6084442
1980-04-29,0.39434433
1980-04-30,0.5159378
1980-05-01,5.4855347
1980-05-02,0.058591366
1980-05-03,3.0975342
1980-05-04,2.1400452
1980-05-05,0.18203259
1980-05-06,3.9901733
1980-05-07,11.054993
1980-05-08,4.4174194
1980-05-09,0.6723404
1980-05-10,0.0025816262
1980-05-11,0.39982796
1980-05-12,17.77649
1980-05-13,18.157959
1980-05-14,0.5426407
1980-05-15,1.4457703
1980-05-16,0.0030044466
1980-05-17,0.76818466
1980-05-18,0.044852495
1980-05-19,1.0137558
1980-05-20,2.6454926
1980-05-21,10.726929
1980-05-22,2.9315948
1980-05-23,0.56266785
1980-05-24,0.10424852
1980-05-25,0.17929077
1980-05-26,18.066406
1980-05-27,10.391235
1980-05-28,9.9105835
1980-05-29,5.458832
1980-05-30,0.27441978
1980-05-31,2.943039
1980-06-01,1.0089874
1980-06-02,0.0025816262
1980-06-03,0.00085216016
1980-06-04,0.0
1980-06-05,0.032275915
1980-06-06,1.619339
1980-06-07,2.1591187
1980-06-08,0.021338463
1980-06-09,4.0626526
1980-06-10,2.1743774
1980-06-11,7.205963
1980-06-12,4.9362183
1980-06-13,16.082764
1980-06-14,4.863739
1980-06-15,0.2655983
1980-06-16,2.8915405
1980-06-17,2.7103424
1980-06-18,3.1471252
1980-06-19,0.8544922
1980-06-20,0.4172325
1980-06-21,1.1014938
1980-06-22,0.68855286
1980-06-23,2.9964447
1980-06-24,3.944397
1980-06-25,3.206253
1980-06-26,7.583618
1980-06-27,2.943039
1980-06-28,0.08058548
1980-06-29,1.0976791
1980-06-30,0.2975464
1980-07-01,0.96178055
1980-07-02,0.30064583
1980-07-03,0.14615059
1980-07-04,0.057846308
1980-07-05,0.0012917444
1980-07-06,0.17225742
1980-07-07,7.598877
1980-07-08,4.055023
1980-07-09,4.1923523
1980-07-10,2.9087067
1980-07-11,0.7224083
1980-07-12,0.685215
1980-07-13,0.041276217
1980-07-14,0.61655045
1980-07-15,5.1612854
1980-07-16,0.23460388
1980-07-17,0.08291006
1980-07-18,0.0004232861
1980-07-19,0.00085216016
1980-07-20,2.8572083
1980-07-21,0.031888485
1980-07-22,0.0025760382
1980-07-23,0.30112267
1980-07-24,0.0012889504
1980-07-25,4.558563
1980-07-26,15.068054
1980-07-27,0.094115734
1980-07-28,0.22792816
1980-07-29,1.9245148
1980-07-30,0.0034924597
1980-07-31,1.6832352
1980-08-01,5.542755
1980-08-02,1.2788773
1980-08-03,0.029370189
1980-08-04,0.002587214
1980-08-05,0.014364719
1980-08-06,0.022649765
1980-08-07,0.58841705
1980-08-08,0.7929802
1980-08-09,0.32496452
1980-08-10,0.047832727
1980-08-11,0.029236078
1980-08-12,0.7176399
1980-08-13,0.0069625676
1980-08-14,16.616821
1980-08-15,4.371643
1980-08-16,0.33903122
1980-08-17,0.0012870878
1980-08-18,5.722046
1980-08-19,0.22685528
1980-08-20,0.038534403
1980-08-21,0.0012908131
1980-08-22,0.0021401793
1980-08-23,0.0017192215
1980-08-24,0.00044098124
1980-08-25,2.8362274
1980-08-26,6.980896
1980-08-27,1.1882782
1980-08-28,0.5812645
1980-08-29,0.04082918
1980-08-30,1.3685226
1980-08-31,0.040590763
1980-09-01,0.0
1980-09-02,0.0017229468
1980-09-03,0.014357269
1980-09-04,0.019297004
1980-09-05,20.980835
1980-09-06,0.00044098124
1980-09-07,0.00043516047
1980-09-08,12.580872
1980-09-09,0.35071373
1980-09-10,0.005636364
1980-09-11,0.17678738
1980-09-12,0.06258488
1980-09-13,2.2392273
1980-09-14,0.0
1980-09-15,0.0012814999
1980-09-16,0.00085216016
1980-09-17,0.046372414
1980-09-18,0.00085821375
1980-09-19,9.788513
1980-09-20,6.801605
1980-09-21,0.6017685
1980-09-22,0.09030104
1980-09-23,0.0012861565
1980-09-24,0.0017043203
1980-09-25,0.00043516047
1980-09-26,0.0010672957
1980-09-27,0.03400445
1980-09-28,0.002745539
1980-09-29,0.020638108
1980-09-30,0.37765503
1980-10-01,0.16653538
1980-10-02,0.13196468
1980-10-03,0.00086426735
1980-10-04,0.0
1980-10-05,0.00010430813
1980-10-06,0.0038295984
1980-10-07,3.5095215
1980-10-08,15.045166
1980-10-09,2.0694733
1980-10-10,27.46582
1980-10-11,8.079529
1980-10-12,0.31900406
1980-10-13,0.042438507
1980-10-14,2.614975
1980-10-15,0.6303787
1980-10-16,16.601562
1980-10-17,5.1841736
1980-10-18,3.3054352
1980-10-19,0.00085216016
1980-10-20,0.0
1980-10-21,0.0008614734
1980-10-22,0.5726814
1980-10-23,2.42424
1980-10-24,12.702942
1980-10-25,0.43082237
1980-10-26,0.00043516047
1980-10-27,0.0
1980-10-28,0.00085961074
1980-10-29,0.32567978
1980-10-30,0.23639202
1980-10-31,0.00043516047
1980-11-01,0.0025648624
1980-11-02,0.0012898818
1980-11-03,0.00085355714
1980-11-04,0.00043516047
1980-11-05,0.015676022
1980-11-06,0.0054724514
1980-11-07,1.1425018
1980-11-08,2.3841858
1980-11-09,1.6469955
1980-11-10,0.088214874
1980-11-11,2.8514862
1980-11-12,4.886627
1980-11-13,0.0025741756
1980-11-14,0.0017164275
1980-11-15,0.0008796342
1980-11-16,0.00085122883
1980-11-17,1.6441345
1980-11-18,2.7561188
1980-11-19,0.07402897
1980-11-20,0.0
1980-11-21,0.0017108396
1980-11-22,0.00085821375
1980-11-23,0.0017192215
1980-11-24,0.024065375
1980-11-25,1.115799
1980-11-26,3.9520264
1980-11-27,3.004074
1980-11-28,2.4471283
1980-11-29,0.2963543
1980-11-30,0.016644597
1980-12-01,0.003296882
1980-12-02,1.7738342
1980-12-03,2.5978088
1980-12-04,0.11187792
1980-12-05,0.43201447
1980-12-06,1.9836426
1980-12-07,0.03901124
1980-12-08,0.0021401793
1980-12-09,0.001293607
1980-12-10,0.0017229468
1980-12-11,0.0008465722
1980-12-12,0.00086426735
1980-12-13,0.0017136335
1980-12-14,0.002026558
1980-12-15,5.2223206
1980-12-16,1.7719269
1980-12-17,1.8968582
1980-12-18,4.0779114
1980-12-19,10.261536
1980-12-20,3.0441284
1980-12-21,1.5115738
1980-12-22,0.0045597553
1980-12-23,0.5054474
1980-12-24,0.53977966
1980-12-25,0.4041195
1980-12-26,1.6613007
1980-12-27,14.11438
1980-12-28,0.00042608008
1980-12-29,0.0008549541
1980-12-30,0.0008107163
1980-12-31,0.10949373
1981-01-01,1.2989044
1981-01-02,0.197649
1981-01-03,1.376152
1981-01-04,3.5820007
1981-01-05,0.012502074
1981-01-06,0.49638748
1981-01-07,0.7300377
1981-01-08,0.0012814999
1981-01-09,0.017181039
1981-01-10,4.7454834
1981-01-11,1.8377304
1981-01-12,4.3907166
1981-01-13,1.2178421
1981-01-14,1.5573502
1981-01-15,11.550903
1981-01-16,2.4280548
1981-01-17,6.4430237
1981-01-18,1.3494492
1981-01-19,3.1528473
1981-01-20,5.836487
1981-01-21,1.3151169
1981-01-22,0.34832954
1981-01-23,0.0022090971
1981-01-24,0.0012814999
1981-01-25,0.0043064356
1981-01-26,0.0047273934
1981-01-27,0.0
1981-01-28,0.0012908131
1981-01-29,0.0017164275
1981-01-30,0.0030007213
1981-01-31,0.0012870878
1981-02-01,0.0021439046
1981-02-02,0.14722347
1981-02-03,3.0384064
1981-02-04,11.024475
1981-02-05,1.0242462
1981-02-06,0.13446808
1981-02-07,0.3528595
1981-02-08,0.014692545
1981-02-09,0.603199
1981-02-10,0.058203936
1981-02-11,0.08636713
1981-02-12,0.0012759119
1981-02-13,0.00085821375
1981-02-14,0.0021439046
1981-02-15,0.002361834
1981-02-16,0.002996996
1981-02-17,0.051498413
1981-02-18,0.0030063093
1981-02-19,0.4043579
1981-02-20,0.026151538
1981-02-21,0.029489398
1981-02-22,6.336212
1981-02-23,5.1574707
1981-02-24,4.776001
1981-02-25,0.0004172325
1981-02-26,0.0030007213
1981-02-27,11.238098
1981-02-28,8.338928
1981-03-01,0.2760887
1981-03-02,5.050659
1981-03-03,19.927979
1981-03-04,0.14638901
1981-03-05,0.41127205
1981-03-06,2.9392242
1981-03-07,0.00085216016
1981-03-08,1.1110306
1981-03-09,0.0
1981-03-10,0.00044098124
1981-03-11,1.9626617
1981-03-12,7.0533752
1981-03-13,5.458832
1981-03-14,3.4275055
1981-03-15,1.619339
1981-03-16,1.1777878
1981-03-17,2.3269653
1981-03-18,0.00834465
1981-03-19,0.0008465722
1981-03-20,0.002587214
1981-03-21,0.0012870878
1981-03-22,3.0155182
1981-03-23,6.298065
1981-03-24,0.04824996
1981-03-25,8.285522
1981-03-26,0.63610077
1981-03-27,0.073194504
1981-03-28,18.157959
1981-03-29,8.583069
1981-03-30,2.1762848
1981-03-31,0.32782555
1981-04-01,0.46777725
1981-04-02,1.4257431
1981-04-03,0.16188622
1981-04-04,0.13589859
1981-04-05,0.10615587
1981-04-06,4.508972
1981-04-07,8.377075
1981-04-08,0.021368265
1981-04-09,0.15807152
1981-04-10,2.0942688
1981-04-11,2.714157
1981-04-12,0.6637573
1981-04-13,0.032782555
1981-04-14,11.878967
1981-04-15,0.056296587
1981-04-16,1.9741058
1981-04-17,0.003458932
1981-04-18,0.0
1981-04-19,0.0025629997
1981-04-20,2.3593903
1981-04-21,0.1693964
1981-04-22,5.9604645e-05
1981-04-23,0.6952286
1981-04-24,0.0012870878
1981-04-25,4.722595
1981-04-26,3.5533905
1981-04-27,1.1119843
1981-04-28,0.0012870878
1981-04-29,0.00086426735
1981-04-30,0.4787445
1981-05-01,1.1262894
1981-05-02,10.848999
1981-05-03,4.322052
1981-05-04,6.252289
1981-05-05,0.5068779
1981-05-06,0.016465783
1981-05-07,8.026123
1981-05-08,1.9311905
1981-05-09,31.89087
1981-05-10,1.2159348
1981-05-11,9.483337
1981-05-12,11.09314
1981-05-13,2.298355
1981-05-14,0.8482933
1981-05-15,2.3555756
1981-05-16,2.046585
1981-05-17,0.003349036
1981-05-18,0.04592538
1981-05-19,0.00044098124
1981-05-20,3.982544
1981-05-21,2.210617
1981-05-22,0.16319752
1981-05-23,7.221222
1981-05-24,2.1686554
1981-05-25,6.0768127
1981-05-26,4.886627
1981-05-27,1.6021729
1981-05-28,0.42581558
1981-05-29,0.5245209
1981-05-30,0.14710426
1981-05-31,3.9253235
1981-06-01,0.098228455
1981-06-02,0.49495697
1981-06-03,6.164551
1981-06-04,0.4043579
1981-06-05,0.0
1981-06-06,0.5235672
1981-06-07,0.26154518
1981-06-08,1.0557175
1981-06-09,13.2369995
1981-06-10,0.00086426735
1981-06-11,0.0008554198
1981-06-12,0.00043516047
1981-06-13,0.001703389
1981-06-14,0.0012870878
1981-06-15,0.0
1981-06-16,0.0
1981-06-17,0.00085216016
1981-06-18,0.0
1981-06-19,0.0017397106
1981-06-20,0.04643202
1981-06-21,0.1591444
1981-06-22,0.0
1981-06-23,0.01604855
1981-06-24,2.6988983
1981-06-25,3.326416
1981-06-26,4.3525696
1981-06-27,10.4904175
1981-06-28,2.6226044
1981-06-29,0.6227493
1981-06-30,0.00043516047
1981-07-01,0.0030174851
1981-07-02,5.554199
1981-07-03,1.5211105
1981-07-04,0.323534
1981-07-05,1.1768341
1981-07-06,0.016450882
1981-07-07,0.0988245
1981-07-08,8.522034
1981-07-09,25.115967
1981-07-10,0.5078316
1981-07-11,0.13673306
1981-07-12,0.77295303
1981-07-13,0.7581711
1981-07-14,0.5187988
1981-07-15,0.0101700425
1981-07-16,0.6327629
1981-07-17,0.80394745
1981-07-18,1.2550354
1981-07-19,0.0025480986
1981-07-20,0.7033348
1981-07-21,0.0030566007
1981-07-22,0.20182133
1981-07-23,2.943039
1981-07-24,5.630493
1981-07-25,0.22542477
1981-07-26,0.023320317
1981-07-27,0.016465783
1981-07-28,0.00043516047
1981-07-29,0.0008684583
1981-07-30,0.010795891
1981-07-31,17.623901
1981-08-01,18.753052
1981-08-02,12.512207
1981-08-03,0.042259693
1981-08-04,0.00085821375
1981-08-05,3.3130646
1981-08-06,7.5645447
1981-08-07,2.8572083
1981-08-08,5.428314
1981-08-09,0.29492378
1981-08-10,0.10097027
1981-08-11,0.071406364
1981-08-12,0.0012814999
1981-08-13,0.0
1981-08-14,0.0008470379
1981-08-15,0.0
1981-08-16,2.3727417
1981-08-17,1.0604858
1981-08-18,0.00043516047
1981-08-19,0.0022351742
1981-08-20,1.3990402
1981-08-21,2.5749207
1981-08-22,0.0012870878
1981-08-23,0.026866794
1981-08-24,0.00042608008
1981-08-25,0.00042608008
1981-08-26,0.00085821375
1981-08-27,0.0012908131
1981-08-28,0.0
1981-08-29,0.0
1981-08-30,0.72956085
1981-08-31,6.6947937
1981-09-01,0.13756752
1981-09-02,0.0013057142
1981-09-03,0.29873848
1981-09-04,0.002991408
1981-09-05,0.00086287037
1981-09-06,0.0030212104
1981-09-07,0.62561035
1981-09-08,2.0751953
1981-09-09,6.1149597
1981-09-10,0.044822693
1981-09-11,1.8100739
1981-09-12,4.1503906
1981-09-13,0.11152029
1981-09-14,0.0017108396
1981-09-15,0.0037066638
1981-09-16,0.6465912
1981-09-17,0.018715858
1981-09-18,17.364502
1981-09-19,0.192523
1981-09-20,0.22888184
1981-09-21,12.008667
1981-09-22,13.130188
1981-09-23,0.3015995
1981-09-24,0.0372231
1981-09-25,2.8018951
1981-09-26,4.173279
1981-09-27,2.3269653
1981-09-28,2.6474
1981-09-29,0.0016987324
1981-09-30,0.002577901
1981-10-01,7.659912
1981-10-02,2.960205
1981-10-03,12.794495
1981-10-04,5.0468445
1981-10-05,0.67567825
1981-10-06,0.002115965
1981-10-07,0.3964901
1981-10-08,0.0057294965
1981-10-09,0.71811676
1981-10-10,0.76150894
1981-10-11,7.0343018
1981-10-12,7.156372
1981-10-13,1.7929077
1981-10-14,2.286911
1981-10-15,0.31232834
1981-10-16,0.0064969063
1981-10-17,0.019550323
1981-10-18,0.060409307
1981-10-19,0.32281876
1981-10-20,5.4397583
1981-10-21,1.5697479
1981-10-22,2.8476715
1981-10-23,0.0030770898
1981-10-24,0.19848347
1981-10-25,20.858765
1981-10-26,0.16522408
1981-10-27,3.9749146
1981-10-28,0.34856796
1981-10-29,0.35333633
1981-10-30,5.607605
1981-10-31,0.6785393
1981-11-01,0.08177757
1981-11-02,0.00043516047
1981-11-03,0.21505356
1981-11-04,0.27918816
1981-11-05,0.26488304
1981-11-06,0.005174428
1981-11-07,0.0012908131
1981-11-08,0.0017145649
1981-11-09,0.00085821375
1981-11-10,0.00087032095
1981-11-11,0.00043516047
1981-11-12,0.15163422
1981-11-13,0.8044243
1981-11-14,0.0029150397
1981-11-15,0.00085216016
1981-11-16,0.0012870878
1981-11-17,2.3078918
1981-11-18,0.0012833625
1981-11-19,0.021725893
1981-11-20,0.0012814999
1981-11-21,0.00043516047
1981-11-22,0.12105703
1981-11-23,0.8172989
1981-11-24,1.2464523
1981-11-25,0.0
1981-11-26,0.00042608008
1981-11-27,1.1777878
1981-11-28,1.074791
1981-11-29,0.06997585
1981-11-30,1.1672974
1981-12-01,5.2223206
1981-12-02,0.030785799
1981-12-03,0.026285648
1981-12-04,0.813961
1981-12-05,0.06878376
1981-12-06,4.1542053
1981-12-07,2.7160645
1981-12-08,5.1841736
1981-12-09,2.9067993
1981-12-10,7.9421997
1981-12-11,22.18628
1981-12-12,22.003174
1981-12-13,18.341064
1981-12-14,7.7552795
1981-12-15,10.665894
1981-12-16,2.2468567
1981-12-17,5.6037903
1981-12-18,3.1147003
1981-12-19,0.00230968
1981-12-20,0.8339882
1981-12-21,8.31604
1981-12-22,15.4800415
1981-12-23,11.764526
1981-12-24,2.521515
1981-12-25,0.00086566433
1981-12-26,0.054627657
1981-12-27,8.148193
1981-12-28,12.60376
1981-12-29,0.688076
1981-12-30,6.996155
1981-12-31,0.5350113
1982-01-01,3.5076141
1982-01-02,0.006020069
1982-01-03,0.4310608
1982-01-04,1.0681152
1982-01-05,0.0025220215
1982-01-06,7.499695
1982-01-07,6.7596436
1982-01-08,0.0025741756
1982-01-09,0.100016594
1982-01-10,0.66137314
1982-01-11,1.502037
1982-01-12,0.22876263
1982-01-13,0.00085821375
1982-01-14,0.041931868
1982-01-15,0.0012814999
1982-01-16,0.00085216016
1982-01-17,0.016793609
1982-01-18,0.0016633421
1982-01-19,0.75769424
1982-01-20,2.588272
1982-01-21,2.128601
1982-01-22,4.4403076
1982-01-23,0.19848347
1982-01-24,8.987427
1982-01-25,0.019699335
1982-01-26,3.1261444
1982-01-27,1.4858246
1982-01-28,0.011838973
1982-01-29,0.0962615
1982-01-30,0.09018183
1982-01-31,0.20098686
1982-02-01,0.013060868
1982-02-02,0.00043516047
1982-02-03,0.0034309924
1982-02-04,0.0008563511
1982-02-05,0.0017229468
1982-02-06,0.001299195
1982-02-07,0.0034440309
1982-02-08,0.052064657
1982-02-09,0.00085588545
1982-02-10,0.00086426735
1982-02-11,0.0008465722
1982-02-12,0.0
1982-02-13,8.071899
1982-02-14,1.5907288
1982-02-15,0.03477931
1982-02-16,6.351471
1982-02-17,0.03325939
1982-02-18,3.3397675
1982-02-19,1.4190674
1982-02-20,0.00043516047
1982-02-21,0.5764961
1982-02-22,19.058228
1982-02-23,1.0261536
1982-02-24,0.3759861
1982-02-25,2.822876
1982-02-26,2.796173
1982-02-27,5.9928894
1982-02-28,0.23043156
1982-03-01,2.3002625
1982-03-02,4.375458
1982-03-03,0.0016856939
1982-03-04,6.401062
1982-03-05,0.0021401793
1982-03-06,0.0
1982-03-07,5.3482056
1982-03-08,0.015676022
1982-03-09,1.9207001
1982-03-10,4.070282
1982-03-11,0.33712387
1982-03-12,1.3866425
1982-03-13,0.24557114
1982-03-14,0.00043818727
1982-03-15,0.043034554
1982-03-16,4.6920776
1982-03-17,8.468628
1982-03-18,1.9874573
1982-03-19,5.9509277
1982-03-20,2.0618439
1982-03-21,4.348755
1982-03-22,0.81539154
1982-03-23,0.00043516047
1982-03-24,0.34475327
1982-03-25,0.0
1982-03-26,0.004712492
1982-03-27,2.7866364
1982-03-28,0.051170588
1982-03-29,0.19490719
1982-03-30,0.33903122
1982-03-31,0.48065186
1982-04-01,5.126953
1982-04-02,0.15807152
1982-04-03,0.00085216016
1982-04-04,0.0008554198
1982-04-05,0.67329407
1982-04-06,0.05337596
1982-04-07,0.00085216016
1982-04-08,0.014230609
1982-04-09,0.23722649
1982-04-10,0.0008465722
1982-04-11,0.0
1982-04-12,0.00042608008
1982-04-13,0.0025909394
1982-04-14,0.0012814999
1982-04-15,0.00042608008
1982-04-16,0.14424324
1982-04-17,0.0010160729
1982-04-18,0.0022370368
1982-04-19,0.08440018
1982-04-20,0.001299195
1982-04-21,0.0
1982-04-22,0.0012880191
1982-04-23,0.0
1982-04-24,0.001299195
1982-04-25,0.031799078
1982-04-26,0.0012842938
1982-04-27,0.0008651987
1982-04-28,0.0012870878
1982-04-29,0.00049639493
1982-04-30,0.15723705
1982-05-01,0.6914139
1982-05-02,0.08863211
1982-05-03,3.829956
1982-05-04,3.0841827
1982-05-05,1.5325546
1982-05-06,2.0275116
1982-05-07,0.19788742
1982-05-08,5.268097
1982-05-09,5.912781
1982-05-10,0.0
1982-05-11,0.46133995
1982-05-12,0.002142042
1982-05-13,0.0021513551
1982-05-14,0.0008819625
1982-05-15,6.046295
1982-05-16,7.3623657
1982-05-17,12.756348
1982-05-18,8.682251
1982-05-19,0.001325272
1982-05-20,0.76007843
1982-05-21,0.36215782
1982-05-22,0.07891655
1982-05-23,0.68473816
1982-05-24,0.069499016
1982-05-25,0.00042608008
1982-05-26,8.453369
1982-05-27,1.2569427
1982-05-28,2.7332306
1982-05-29,0.8735657
1982-05-30,1.5573502
1982-05-31,5.8250427
1982-06-01,3.665924
1982-06-02,2.6493073
1982-06-03,4.4670105
1982-06-04,5.7640076
1982-06-05,0.07420778
1982-06-06,3.4751892
1982-06-07,0.036925077
1982-06-08,0.24330616
1982-06-09,1.4686584
1982-06-10,4.459381
1982-06-11,4.5204163
1982-06-12,7.8201294
1982-06-13,6.095886
1982-06-14,2.6721954
1982-06-15,2.6474
1982-06-16,0.061750412
1982-06-17,11.642456
1982-06-18,0.00085216016
1982-06-19,0.026673079
1982-06-20,0.6337166
1982-06-21,0.3247261
1982-06-22,1.6460419
1982-06-23,0.38909912
1982-06-24,1.5859604
1982-06-25,1.8320084
1982-06-26,6.450653
1982-06-27,1.3561249
1982-06-28,0.36382675
1982-06-29,0.39243698
1982-06-30,0.00042608008
1982-07-01,0.00043516047
1982-07-02,0.101566315
1982-07-03,7.9421997
1982-07-04,0.007838011
1982-07-05,0.0004391186
1982-07-06,0.000834465
1982-07-07,0.0
1982-07-08,0.0012796372
1982-07-09,0.034421682
1982-07-10,0.0017192215
1982-07-11,0.012554228
1982-07-12,2.9239655
1982-07-13,7.37381
1982-07-14,0.13232231
1982-07-15,0.47898293
1982-07-16,0.6737709
1982-07-17,2.0217896
1982-07-18,0.002136454
1982-07-19,0.00048289075
1982-07-20,16.204834
1982-07-21,2.4929047
1982-07-22,0.39839745
1982-07-23,6.9465637
1982-07-24,1.0948181
1982-07-25,0.27298927
1982-07-26,0.0
1982-07-27,0.020548701
1982-07-28,0.00086426735
1982-07-29,2.7542114
1982-07-30,2.7008057
1982-07-31,0.34856796
1982-08-01,0.00423193
1982-08-02,12.6953125
1982-08-03,3.1261444
1982-08-04,1.2197495
1982-08-05,0.38433075
1982-08-06,1.3856888
1982-08-07,2.752304
1982-08-08,1.115799
1982-08-09,0.53071976
1982-08-10,0.25105476
1982-08-11,0.0008791685
1982-08-12,4.3411255
1982-08-13,2.4738312
1982-08-14,0.00085216016
1982-08-15,15.014648
1982-08-16,0.2477169
1982-08-17,0.7429123
1982-08-18,0.2527237
1982-08-19,0.7414818
1982-08-20,3.780365
1982-08-21,0.018522143
1982-08-22,0.0
1982-08-23,0.13494492
1982-08-24,0.0095665455
1982-08-25,0.0012870878
1982-08-26,5.340576
1982-08-27,0.5993843
1982-08-28,0.087320805
1982-08-29,0.00086426735
1982-08-30,0.08696318
1982-08-31,0.3247261
1982-09-01,0.0
1982-09-02,0.82206726
1982-09-03,0.00042608008
1982-09-04,0.0
1982-09-05,0.7209778
1982-09-06,7.484436
1982-09-07,0.6713867
1982-09-08,0.00295043
1982-09-09,0.00044098124
1982-09-10,0.0036917627
1982-09-11,0.0056661665
1982-09-12,0.0021811575
1982-09-13,0.0021457672
1982-09-14,0.00043516047
1982-09-15,0.00043516047
1982-09-16,0.0020954758
1982-09-17,0.33044815
1982-09-18,0.0023134053
1982-09-19,3.0612946
1982-09-20,0.5145073
1982-09-21,4.375458
1982-09-22,2.4147034
1982-09-23,0.3476143
1982-09-24,0.5197525
1982-09-25,17.120361
1982-09-26,7.1754456
1982-09-27,0.002136454
1982-09-28,0.00086426735
1982-09-29,10.116577
1982-09-30,0.44870377
1982-10-01,0.0
1982-10-02,0.029146671
1982-10-03,0.057846308
1982-10-04,5.0811768
1982-10-05,11.581421
1982-10-06,11.3220215
1982-10-07,1.7213821
1982-10-08,6.210327
1982-10-09,0.27918816
1982-10-10,0.3888607
1982-10-11,10.299683
1982-10-12,13.99231
1982-10-13,18.692017
1982-10-14,8.071899
1982-10-15,2.374649
1982-10-16,0.75626373
1982-10-17,1.0480881
1982-10-18,2.658844
1982-10-19,0.00086426735
1982-10-20,0.0026114285
1982-10-21,0.0012814999
1982-10-22,28.869629
1982-10-23,3.9520264
1982-10-24,0.005263835
1982-10-25,4.589081
1982-10-26,2.6187897
1982-10-27,0.024199486
1982-10-28,0.00043516047
1982-10-29,0.0012870878
1982-10-30,0.001293607
1982-10-31,0.00043516047
1982-11-01,0.00086892396
1982-11-02,0.0010784715
1982-11-03,0.01628697
1982-11-04,0.00044098124
1982-11-05,0.010818243
1982-11-06,0.08028746
1982-11-07,8.796692
1982-11-08,0.53596497
1982-11-09,0.364542
1982-11-10,0.44178963
1982-11-11,0.019729137
1982-11-12,8.911133
1982-11-13,16.189575
1982-11-14,8.750916
1982-11-15,0.95558167
1982-11-16,3.2482147
1982-11-17,0.17166138
1982-11-18,1.5735626
1982-11-19,1.5420914
1982-11-20,0.0033862889
1982-11-21,0.0
1982-11-22,0.0
1982-11-23,0.29802322
1982-11-24,3.3473969
1982-11-25,7.37381
1982-11-26,0.48828125
1982-11-27,0.03540516
1982-11-28,0.03144145
1982-11-29,0.00859797
1982-11-30,0.28562546
1982-12-01,0.0055916607
1982-12-02,0.017642975
1982-12-03,0.13577938
1982-12-04,0.027537346
1982-12-05,0.0012870878
1982-12-06,13.450623
1982-12-07,6.55365
1982-12-08,6.80542
1982-12-09,4.611969
1982-12-10,5.5351257
1982-12-11,12.893677
1982-12-12,14.129639
1982-12-13,3.6506653
1982-12-14,0.43439865
1982-12-15,9.780884
1982-12-16,1.0385513
1982-12-17,4.7683716
1982-12-18,1.0080338
1982-12-19,0.7586479
1982-12-20,7.8964233
1982-12-21,1.8978119
1982-12-22,2.2697449
1982-12-23,0.35500526
1982-12-24,0.86688995
1982-12-25,0.11694431
1982-12-26,0.62561035
1982-12-27,0.4632473
1982-12-28,0.4515648
1982-12-29,0.00087032095
1982-12-30,0.00085216016
1982-12-31,0.027239323
1983-01-01,0.49209595
1983-01-02,0.18715858
1983-01-03,0.0012833625
1983-01-04,0.00043516047
1983-01-05,0.0017182902
1983-01-06,0.0
1983-01-07,0.45633316
1983-01-08,1.0633469
1983-01-09,0.028654933
1983-01-10,0.004246831
1983-01-11,0.0
1983-01-12,0.0017285347
1983-01-13,1.912117
1983-01-14,1.8463135
1983-01-15,0.5841255
1983-01-16,0.29039383
1983-01-17,0.093877316
1983-01-18,0.2168417
1983-01-19,0.82206726
1983-01-20,0.0
1983-01-21,0.00043516047
1983-01-22,0.0021494925
1983-01-23,0.0017108396
1983-01-24,0.0017043203
1983-01-25,0.0017303973
1983-01-26,0.001273118
1983-01-27,0.075519085
1983-01-28,0.8749962
1983-01-29,1.7766953
1983-01-30,2.658844
1983-01-31,1.6956329
1983-02-01,1.7690659
1983-02-02,0.39243698
1983-02-03,0.58698654
1983-02-04,0.7505417
1983-02-05,4.878998
1983-02-06,3.2138824
1983-02-07,1.5573502
1983-02-08,0.5054474
1983-02-09,0.45728683
1983-02-10,0.72193146
1983-02-11,0.6489754
1983-02-12,0.112593174
1983-02-13,1.1053085
1983-02-14,0.005874783
1983-02-15,0.2194643
1983-02-16,0.28777122
1983-02-17,0.003438443
1983-02-18,0.0012814999
1983-02-19,0.00043516047
1983-02-20,0.002142042
1983-02-21,0.0012917444
1983-02-22,2.2258759
1983-02-23,10.948181
1983-02-24,6.881714
1983-02-25,6.8626404
1983-02-26,14.457703
1983-02-27,0.9636879
1983-02-28,2.6721954
1983-03-01,0.6351471
1983-03-02,0.0012880191
1983-03-03,0.00085216016
1983-03-04,0.0
1983-03-05,0.0021457672
1983-03-06,0.0021494925
1983-03-07,0.0012973323
1983-03-08,0.00086426735
1983-03-09,0.00423193
1983-03-10,0.28681755
1983-03-11,0.14674664
1983-03-12,0.00044098124
1983-03-13,3.829956
1983-03-14,5.580902
1983-03-15,8.651733
1983-03-16,0.0025816262
1983-03-17,0.45347214
1983-03-18,0.08773804
1983-03-19,0.08326769
1983-03-20,0.0017117709
1983-03-21,0.025585294
1983-03-22,1.1091232
1983-03-23,0.29873848
1983-03-24,5.41687
1983-03-25,1.666069
1983-03-26,1.8091202
1983-03-27,11.230469
1983-03-28,2.23732
1983-03-29,0.010900199
1983-03-30,0.75006485
1983-03-31,4.333496
1983-04-01,6.011963
1983-04-02,2.483368
1983-04-03,3.080368
1983-04-04,7.1487427
1983-04-05,1.6479492
1983-04-06,9.094238
1983-04-07,2.1095276
1983-04-08,1.2407303
1983-04-09,0.00085216016
1983-04-10,0.038653612
1983-04-11,11.695862
1983-04-12,0.47922134
1983-04-13,0.0012768432
1983-04-14,0.00042608008
1983-04-15,0.001729466
1983-04-16,0.0010309741
1983-04-17,2.073288
1983-04-18,7.6560974
1983-04-19,1.3914108
1983-04-20,8.69751
1983-04-21,5.4016113
1983-04-22,5.9394836
1983-04-23,2.1381378
1983-04-24,6.0653687
1983-04-25,1.2512207
1983-04-26,1.1339188
1983-04-27,2.3918152
1983-04-28,2.3670197
1983-04-29,4.1770935
1983-04-30,3.288269
1983-05-01,5.7029724
1983-05-02,0.78201294
1983-05-03,0.40221214
1983-05-04,0.13065338
1983-05-05,0.004019588
1983-05-06,2.8648376
1983-05-07,3.4446716
1983-05-08,0.38933754
1983-05-09,1.1606216
1983-05-10,5.8555603
1983-05-11,8.026123
1983-05-12,4.5776367
1983-05-13,3.0326843
1983-05-14,4.7416687
1983-05-15,3.156662
1983-05-16,1.1739731
1983-05-17,3.3626556
1983-05-18,1.4324188
1983-05-19,2.204895
1983-05-20,6.603241
1983-05-21,1.6613007
1983-05-22,1.8596649
1983-05-23,5.2337646
1983-05-24,3.643036
1983-05-25,0.9264946
1983-05-26,0.034987926
1983-05-27,0.29563904
1983-05-28,0.00085216016
1983-05-29,0.30064583
1983-05-30,4.09317
1983-05-31,11.123657
1983-06-01,10.467529
1983-06-02,0.055223703
1983-06-03,0.0068619847
1983-06-04,0.00085821375
1983-06-05,0.00085216016
1983-06-06,0.0008540228
1983-06-07,0.040262938
1983-06-08,7.9574585
1983-06-09,0.36239624
1983-06-10,1.6422272
1983-06-11,0.0021476299
1983-06-12,0.0018589199
1983-06-13,0.12421608
1983-06-14,0.025719404
1983-06-15,0.00085821375
1983-06-16,0.06830692
1983-06-17,0.16748905
1983-06-18,0.0012842938
1983-06-19,0.02092123
1983-06-20,1.9044876
1983-06-21,0.13577938
1983-06-22,7.8582764
1983-06-23,0.17988682
1983-06-24,10.177612
1983-06-25,13.069153
1983-06-26,0.39076805
1983-06-27,5.844116
1983-06-28,0.7658005
1983-06-29,0.35476685
1983-06-30,0.015676022
1983-07-01,0.8263588
1983-07-02,0.0
1983-07-03,3.2310486
1983-07-04,8.102417
1983-07-05,4.283905
1983-07-06,16.555786
1983-07-07,0.0705719
1983-07-08,0.012874603
1983-07-09,0.00043516047
1983-07-10,0.002099201
1983-07-11,0.000864733
1983-07-12,0.0012880191
1983-07-13,0.012516975
1983-07-14,0.0012880191
1983-07-15,0.00085216016
1983-07-16,0.83589554
1983-07-17,7.587433
1983-07-18,4.8980713
1983-07-19,22.79663
1983-07-20,7.865906
1983-07-21,0.24986267
1983-07-22,9.979248
1983-07-23,0.36406517
1983-07-24,0.017672777
1983-07-25,7.6789856
1983-07-26,35.15625
1983-07-27,14.274597
1983-07-28,0.3979206
1983-07-29,0.001296401
1983-07-30,0.0017043203
1983-07-31,12.626648
1983-08-01,1.3360977
1983-08-02,0.5350113
1983-08-03,0.001293607
1983-08-04,0.0008554198
1983-08-05,0.0012814999
1983-08-06,0.00087032095
1983-08-07,0.0017136335
1983-08-08,11.116028
1983-08-09,13.450623
1983-08-10,0.15723705
1983-08-11,0.5412102
1983-08-12,0.17130375
1983-08-13,0.5197525
1983-08-14,0.20492077
1983-08-15,1.077652
1983-08-16,20.385742
1983-08-17,0.09191036
1983-08-18,0.010617077
1983-08-19,14.572144
1983-08-20,4.211426
1983-08-21,2.483368
1983-08-22,5.596161
1983-08-23,2.210617
1983-08-24,3.0651093
1983-08-25,5.8174133
1983-08-26,10.566711
1983-08-27,1.9416809
1983-08-28,4.2762756
1983-08-29,1.1520386
1983-08-30,0.2706051
1983-08-31,8.216858
1983-09-01,13.267517
1983-09-02,0.053167343
1983-09-03,0.3733635
1983-09-04,0.042647123
1983-09-05,0.0017108396
1983-09-06,0.40125847
1983-09-07,0.005852431
1983-09-08,19.39392
1983-09-09,34.576416
1983-09-10,5.340576
1983-09-11,4.6195984
1983-09-12,0.3581047
1983-09-13,0.00043516047
1983-09-14,0.00259839
1983-09-15,3.5629272
1983-09-16,11.146545
1983-09-17,0.1757145
1983-09-18,0.0
1983-09-19,0.05558133
1983-09-20,0.0012926757
1983-09-21,0.0013094395
1983-09-22,0.0017136335
1983-09-23,0.0025816262
1983-09-24,0.001299195
1983-09-25,0.00043516047
1983-09-26,0.0
1983-09-27,0.018566847
1983-09-28,0.00044098124
1983-09-29,0.00044098124
1983-09-30,0.11128187
1983-10-01,0.08952618
1983-10-02,0.0038854778
1983-10-03,0.00085216016
1983-10-04,0.0012787059
1983-10-05,0.0
1983-10-06,0.8883476
1983-10-07,0.2989769
1983-10-08,0.045716763
1983-10-09,0.29969215
1983-10-10,0.037819147
1983-10-11,0.44894218
1983-10-12,0.0
1983-10-13,4.91333
1983-10-14,4.753113
1983-10-15,0.0003874302
1983-10-16,13.22937
1983-10-17,0.40197372
1983-10-18,0.014267862
1983-10-19,0.009812415
1983-10-20,0.0104010105
1983-10-21,0.03772974
1983-10-22,0.0
1983-10-23,0.00044098124
1983-10-24,0.00085216016
1983-10-25,0.0012842938
1983-10-26,0.00085821375
1983-10-27,0.0008554198
1983-10-28,0.29683113
1983-10-29,12.741089
1983-10-30,6.641388
1983-10-31,0.11432171
1983-11-01,0.16355515
1983-11-02,0.0017229468
1983-11-03,0.0025685877
1983-11-04,0.0012880191
1983-11-05,0.0025816262
1983-11-06,0.0017080456
1983-11-07,1.0099411
1983-11-08,0.0008577481
1983-11-09,0.00042608008
1983-11-10,6.5307617
1983-11-11,0.3168583
1983-11-12,0.010833144
1983-11-13,0.0004232861
1983-11-14,2.0599365
1983-11-15,1.364708
1983-11-16,0.00088941306
1983-11-17,0.0004377216
1983-11-18,0.0025816262
1983-11-19,0.001293607
1983-11-20,0.60367584
1983-11-21,1.8253326
1983-11-22,0.0012870878
1983-11-23,0.33259392
1983-11-24,2.046585
1983-11-25,0.0017080456
1983-11-26,1.7976761
1983-11-27,9.735107
1983-11-28,1.3580322
1983-11-29,0.7362366
1983-11-30,0.35977364
1983-12-01,0.0051520765
1983-12-02,0.0012898818
1983-12-03,0.0008554198
1983-12-04,0.00087032095
1983-12-05,0.0
1983-12-06,0.0008614734
1983-12-07,0.016540289
1983-12-08,0.00173226
1983-12-09,3.5972595
1983-12-10,1.1548996
1983-12-11,0.016272068
1983-12-12,6.942749
1983-12-13,0.011458993
1983-12-14,0.00042608008
1983-12-15,1.1959076
1983-12-16,6.6452026
1983-12-17,0.73957443
1983-12-18,5.130768
1983-12-19,8.140564
1983-12-20,7.6904297
1983-12-21,7.381439
1983-12-22,16.540527
1983-12-23,1.0509491
1983-12-24,0.00042608008
1983-12-25,0.0008554198
1983-12-26,0.0885725
1983-12-27,0.0017164275
1983-12-28,0.0012870878
1983-12-29,0.002142042
1983-12-30,0.52022934
1983-12-31,0.46133995
1984-01-01,0.07134676
1984-01-02,0.0975132
1984-01-03,5.218506
1984-01-04,0.2655983
1984-01-05,0.5159378
1984-01-06,1.7328262
1984-01-07,5.001068
1984-01-08,0.02360344
1984-01-09,0.022098422
1984-01-10,0.0025685877
1984-01-11,0.061392784
1984-01-12,5.6648254
1984-01-13,2.1343231
1984-01-14,2.9659271
1984-01-15,2.696991
1984-01-16,0.025123358
1984-01-17,3.5381317
1984-01-18,3.9978027
1984-01-19,12.413025
1984-01-20,6.0920715
1984-01-21,2.9582977
1984-01-22,8.544922
1984-01-23,28.59497
1984-01-24,3.255844
1984-01-25,0.7209778
1984-01-26,4.5547485
1984-01-27,1.0547638
1984-01-28,0.34046173
1984-01-29,6.5994263
1984-01-30,8.224487
1984-01-31,6.2713623
1984-02-01,8.094788
1984-02-02,1.3818741
1984-02-03,4.436493
1984-02-04,0.8215904
1984-02-05,1.2235641
1984-02-06,0.20289421
1984-02-07,10.139465
1984-02-08,1.1310577
1984-02-09,0.00086426735
1984-02-10,0.00086426735
1984-02-11,0.0
1984-02-12,0.0021513551
1984-02-13,0.00085728243
1984-02-14,0.0
1984-02-15,0.0008577481
1984-02-16,0.0012898818
1984-02-17,0.0021457672
1984-02-18,0.0008614734
1984-02-19,2.3078918
1984-02-20,0.20468235
1984-02-21,4.951477
1984-02-22,4.5280457
1984-02-23,1.2311935
1984-02-24,0.06443262
1984-02-25,0.52785873
1984-02-26,0.24008751
1984-02-27,0.20337105
1984-02-28,0.00043516047
1984-02-29,0.24235249
1984-03-01,1.0509491
1984-03-02,1.5945435
1984-03-03,0.17094612
1984-03-04,0.006534159
1984-03-05,0.0
1984-03-06,0.0012908131
1984-03-07,0.0012814999
1984-03-08,0.00044098124
1984-03-09,0.00086426735
1984-03-10,0.0030044466
1984-03-11,0.2565384
1984-03-12,0.37503242
1984-03-13,0.082075596
1984-03-14,2.1476746
1984-03-15,5.5389404
1984-03-16,2.1533966
1984-03-17,1.3313293
1984-03-18,1.0414124
1984-03-19,1.9330978
1984-03-20,1.9836426
1984-03-21,5.9318542
1984-03-22,0.09268522
1984-03-23,0.0743866
1984-03-24,5.367279
1984-03-25,1.4829636
1984-03-26,7.949829
1984-03-27,6.084442
1984-03-28,10.07843
1984-03-29,2.1629333
1984-03-30,0.46396255
1984-03-31,9.963989
1984-04-01,1.5668869
1984-04-02,0.018909574
1984-04-03,0.0017182902
1984-04-04,6.011963
1984-04-05,1.7776489
1984-04-06,0.44560432
1984-04-07,0.0047832727
1984-04-08,0.00042608008
1984-04-09,0.0
1984-04-10,0.00043516047
1984-04-11,0.00085821375
1984-04-12,0.00085216016
1984-04-13,0.00087032095
1984-04-14,0.017046928
1984-04-15,0.0077858567
1984-04-16,0.02963841
1984-04-17,0.0017182902
1984-04-18,0.0025704503
1984-04-19,0.0017108396
1984-04-20,0.0012870878
1984-04-21,0.00042608008
1984-04-22,0.0008507632
1984-04-23,0.0012814999
1984-04-24,0.00043516047
1984-04-25,0.001299195
1984-04-26,0.00043516047
1984-04-27,0.001293607
1984-04-28,0.043541193
1984-04-29,0.011794269
1984-04-30,0.0012842938
1984-05-01,16.616821
1984-05-02,1.5106201
1984-05-03,2.39563
1984-05-04,0.9803772
1984-05-05,3.5572052
1984-05-06,6.248474
1984-05-07,1.2226105
1984-05-08,0.0008610077
1984-05-09,0.0
1984-05-10,0.0012908131
1984-05-11,1.6489029
1984-05-12,3.6697388
1984-05-13,1.1339188
1984-05-14,0.110030174
1984-05-15,1.2903214
1984-05-16,7.633209
1984-05-17,0.54597855
1984-05-18,12.069702
1984-05-19,4.3296814
1984-05-20,2.7542114
1984-05-21,5.996704
1984-05-22,2.8324127
1984-05-23,11.642456
1984-05-24,2.538681
1984-05-25,2.2182465
1984-05-26,10.58197
1984-05-27,7.041931
1984-05-28,3.4008026
1984-05-29,0.93221664
1984-05-30,0.5002022
1984-05-31,0.16725063
1984-06-01,6.275177
1984-06-02,7.6141357
1984-06-03,2.861023
1984-06-04,9.109497
1984-06-05,3.107071
1984-06-06,2.954483
1984-06-07,0.23984909
1984-06-08,0.12034178
1984-06-09,0.23543835
1984-06-10,0.8215904
1984-06-11,3.004074
1984-06-12,0.00043516047
1984-06-13,0.00043516047
1984-06-14,0.0023078173
1984-06-15,0.0012824312
1984-06-16,0.0008419156
1984-06-17,0.00085216016
1984-06-18,0.26130676
1984-06-19,0.2501011
1984-06-20,0.13494492
1984-06-21,7.2784424
1984-06-22,0.8420944
1984-06-23,0.43916702
1984-06-24,0.93078613
1984-06-25,0.0
1984-06-26,0.0
1984-06-27,2.5844574
1984-06-28,8.544922
1984-06-29,0.00085216016
1984-06-30,0.0004346948
1984-07-01,0.8006096
1984-07-02,0.4003048
1984-07-03,0.004336238
1984-07-04,0.004284084
1984-07-05,0.00044098124
1984-07-06,0.00043516047
1984-07-07,0.0017359853
1984-07-08,0.0025797635
1984-07-09,0.0
1984-07-10,0.0030007213
1984-07-11,2.7370453
1984-07-12,0.0039339066
1984-07-13,0.014781952
1984-07-14,0.007688999
1984-07-15,1.6174316
1984-07-16,0.008806586
1984-07-17,0.0
1984-07-18,0.00044098124
1984-07-19,0.0017043203
1984-07-20,0.002514571
1984-07-21,0.026986003
1984-07-22,0.0017192215
1984-07-23,1.5773773
1984-07-24,0.020757318
1984-07-25,0.182271
1984-07-26,0.25105476
1984-07-27,0.00086054206
1984-07-28,0.00044098124
1984-07-29,0.0017341226
1984-07-30,1.4152527
1984-07-31,18.539429
1984-08-01,0.008605421
1984-08-02,0.0017164275
1984-08-03,11.047363
1984-08-04,5.218506
1984-08-05,0.7081032
1984-08-06,0.15187263
1984-08-07,0.020086765
1984-08-08,2.5634766
1984-08-09,3.1776428
1984-08-10,0.41651726
1984-08-11,0.1154542
1984-08-12,0.0
1984-08-13,0.0
1984-08-14,0.0038929284
1984-08-15,0.0056885183
1984-08-16,0.0015441328
1984-08-17,0.035881996
1984-08-18,0.00086426735
1984-08-19,0.00044098124
1984-08-20,0.0
1984-08-21,18.64624
1984-08-22,15.098572
1984-08-23,3.917694
1984-08-24,5.657196
1984-08-25,1.9140244
1984-08-26,0.77819824
1984-08-27,2.5901794
1984-08-28,0.056177378
1984-08-29,0.0
1984-08-30,0.00042608008
1984-08-31,0.00085216016
1984-09-01,0.00044098124
1984-09-02,3.320694
1984-09-03,8.895874
1984-09-04,3.0651093
1984-09-05,3.3416748
1984-09-06,0.025451183
1984-09-07,0.006545335
1984-09-08,0.0008516945
1984-09-09,1.7166138
1984-09-10,0.85926056
1984-09-11,0.00044098124
1984-09-12,0.0017145649
1984-09-13,0.001299195
1984-09-14,1.0910034
1984-09-15,0.48923492
1984-09-16,0.26869774
1984-09-17,1.0614395
1984-09-18,9.757996
1984-09-19,0.0026170164
1984-09-20,0.025391579
1984-09-21,4.863739
1984-09-22,11.566162
1984-09-23,19.348145
1984-09-24,4.0016174
1984-09-25,0.27108192
1984-09-26,1.748085
1984-09-27,0.030338764
1984-09-28,10.406494
1984-09-29,12.47406
1984-09-30,0.025346875
1984-10-01,19.256592
1984-10-02,11.940002
1984-10-03,1.3885498
1984-10-04,15.655518
1984-10-05,5.9928894
1984-10-06,0.3118515
1984-10-07,0.0012805685
1984-10-08,0.13232231
1984-10-09,0.0021401793
1984-10-10,0.0017285347
1984-10-11,0.0063478947
1984-10-12,0.012926757
1984-10-13,0.0025741756
1984-10-14,0.0012973323
1984-10-15,0.0012945384
1984-10-16,0.17416477
1984-10-17,0.24461746
1984-10-18,0.0026337802
1984-10-19,5.6610107
1984-10-20,0.23496151
1984-10-21,0.24211407
1984-10-22,0.0013206154
1984-10-23,1.1587143
1984-10-24,1.2340546
1984-10-25,8.522034
1984-10-26,0.7133484
1984-10-27,0.0
1984-10-28,0.0017108396
1984-10-29,0.0
1984-10-30,0.00044098124
1984-10-31,0.0017238781
1984-11-01,0.00043516047
1984-11-02,5.519867
1984-11-03,0.23412704
1984-11-04,0.11694431
1984-11-05,5.7792664
1984-11-06,1.8510818
1984-11-07,4.234314
1984-11-08,23.498535
1984-11-09,30.639648
1984-11-10,2.0618439
1984-11-11,0.04339218
1984-11-12,7.3280334
1984-11-13,7.8582764
1984-11-14,9.918213
1984-11-15,5.8784485
1984-11-16,12.634277
1984-11-17,3.2215118
1984-11-18,3.8089752
1984-11-19,2.6931763
1984-11-20,0.76532364
1984-11-21,2.0618439
1984-11-22,0.41675568
1984-11-23,0.16343594
1984-11-24,0.69618225
1984-11-25,4.962921
1984-11-26,10.276794
1984-11-27,0.007778406
1984-11-28,0.0017201528
1984-11-29,0.0008526258
1984-11-30,1.0128021
1984-12-01,10.734558
1984-12-02,0.17166138
1984-12-03,3.5114288
1984-12-04,0.33783913
1984-12-05,0.004284084
1984-12-06,0.07492304
1984-12-07,0.007390976
1984-12-08,0.00085216016
1984-12-09,0.010408461
1984-12-10,0.0030044466
1984-12-11,0.0025182962
1984-12-12,0.0008614734
1984-12-13,2.1266937
1984-12-14,0.30493736
1984-12-15,0.0
1984-12-16,0.015467405
1984-12-17,0.040203333
1984-12-18,5.3482056
1984-12-19,0.00043516047
1984-12-20,11.352539
1984-12-21,1.7347336
1984-12-22,0.022649765
1984-12-23,0.0017229468
1984-12-24,1.1491776
1984-12-25,3.1089783
1984-12-26,3.9596558
1984-12-27,1.5172958
1984-12-28,0.0038594007
1984-12-29,0.0028200448
1984-12-30,0.00086426735
1984-12-31,0.15091896
1985-01-01,0.7715225
1985-01-02,0.10240078
1985-01-03,0.0054500997
1985-01-04,0.0037606806
1985-01-05,0.001299195
1985-01-06,0.37431717
1985-01-07,2.3937225
1985-01-08,0.022307038
1985-01-09,1.4486313
1985-01-10,0.008434057
1985-01-11,0.006020069
1985-01-12,0.0021606684
1985-01-13,0.39434433
1985-01-14,0.4284382
1985-01-15,0.018551946
1985-01-16,0.00085216016
1985-01-17,1.5296936
1985-01-18,6.7100525
1985-01-19,1.6937256
1985-01-20,5.1193237
1985-01-21,2.073288
1985-01-22,6.549835
1985-01-23,1.9016266
1985-01-24,0.2810955
1985-01-25,5.908966
1985-01-26,6.843567
1985-01-27,0.014968216
1985-01-28,5.2108765
1985-01-29,1.250267
1985-01-30,0.23066998
1985-01-31,0.09453297
1985-02-01,0.19538403
1985-02-02,0.0975132
1985-02-03,0.010356307
1985-02-04,0.0017182902
1985-02-05,0.002546236
1985-02-06,0.0008614734
1985-02-07,0.13446808
1985-02-08,0.9675026
1985-02-09,4.3296814
1985-02-10,15.686035
1985-02-11,8.796692
1985-02-12,7.5302124
1985-02-13,7.003784
1985-02-14,7.648468
1985-02-15,3.9596558
1985-02-16,6.000519
1985-02-17,1.3179779
1985-02-18,0.22649765
1985-02-19,0.00085216016
1985-02-20,0.0
1985-02-21,0.0008465722
1985-02-22,0.0
1985-02-23,0.0012870878
1985-02-24,0.001293607
1985-02-25,0.0017229468
1985-02-26,0.3733635
1985-02-27,0.00043516047
1985-02-28,0.22125244
1985-03-01,5.695343
1985-03-02,10.665894
1985-03-03,5.153656
1985-03-04,4.173279
1985-03-05,0.6804466
1985-03-06,0.19860268
1985-03-07,0.00085588545
1985-03-08,0.48351288
1985-03-09,0.0025741756
1985-03-10,0.0008465722
1985-03-11,0.054836273
1985-03-12,0.5784035
1985-03-13,0.05733967
1985-03-14,0.72813034
1985-03-15,0.0044740736
1985-03-16,4.3258667
1985-03-17,6.866455
1985-03-18,0.002257526
1985-03-19,0.029817224
1985-03-20,0.16438961
1985-03-21,13.641357
1985-03-22,16.174316
1985-03-23,6.2332153
1985-03-24,1.3284683
1985-03-25,1.0900497
1985-03-26,2.2716522
1985-03-27,4.043579
1985-03-28,0.11640787
1985-03-29,0.00085821375
1985-03-30,0.07593632
1985-03-31,0.05760789
1985-04-01,0.28562546
1985-04-02,0.019490719
1985-04-03,0.0
1985-04-04,8.422852
1985-04-05,18.76831
1985-04-06,4.9095154
1985-04-07,5.821228
1985-04-08,14.175415
1985-04-09,8.842468
1985-04-10,4.688263
1985-04-11,7.8811646
1985-04-12,0.5531311
1985-04-13,2.2964478
1985-04-14,1.9989014
1985-04-15,0.5135536
1985-04-16,0.30064583
1985-04-17,0.0017210841
1985-04-18,0.0017089769
1985-04-19,0.001293607
1985-04-20,0.0012805685
1985-04-21,12.832642
1985-04-22,1.8405914
1985-04-23,6.9465637
1985-04-24,0.54073334
1985-04-25,0.0016922131
1985-04-26,0.0042915344
1985-04-27,0.00042608008
1985-04-28,0.04708767
1985-04-29,0.005990267
1985-04-30,0.029206276
1985-05-01,0.0004232861
1985-05-02,0.022798777
1985-05-03,14.36615
1985-05-04,0.18429756
1985-05-05,6.084442
1985-05-06,5.7792664
1985-05-07,18.218994
1985-05-08,0.056266785
1985-05-09,1.9741058
1985-05-10,3.8490295
1985-05-11,0.45752525
1985-05-12,4.1160583
1985-05-13,0.3914833
1985-05-14,6.1149597
1985-05-15,11.024475
1985-05-16,0.8802414
1985-05-17,7.9574585
1985-05-18,1.5287399
1985-05-19,1.6298294
1985-05-20,0.51927567
1985-05-21,0.37002563
1985-05-22,0.40102005
1985-05-23,0.08291006
1985-05-24,0.0718832
1985-05-25,0.007610768
1985-05-26,7.080078
1985-05-27,0.13101101
1985-05-28,0.9918213
1985-05-29,0.10514259
1985-05-30,0.00043516047
1985-05-31,0.08034706
1985-06-01,0.042766333
1985-06-02,0.07647276
1985-06-03,6.2408447
1985-06-04,16.342163
1985-06-05,7.2631836
1985-06-06,4.8713684
1985-06-07,3.4313202
1985-06-08,0.22804737
1985-06-09,0.68998337
1985-06-10,0.9083748
1985-06-11,0.0006556511
1985-06-12,0.038683414
1985-06-13,0.5016327
1985-06-14,8.865356
1985-06-15,0.21231174
1985-06-16,2.3174286
1985-06-17,0.009775162
1985-06-18,0.00043516047
1985-06-19,11.642456
1985-06-20,0.4582405
1985-06-21,2.653122
1985-06-22,2.817154
1985-06-23,1.2311935
1985-06-24,0.65135956
1985-06-25,0.004362315
1985-06-26,0.0017108396
1985-06-27,0.24151802
1985-06-28,0.0025592744
1985-06-29,0.00043516047
1985-06-30,7.774353
1985-07-01,0.058293343
1985-07-02,6.4468384
1985-07-03,1.3370514
1985-07-04,7.5683594
1985-07-05,0.43702126
1985-07-06,0.07379055
1985-07-07,0.00043516047
1985-07-08,0.0017229468
1985-07-09,0.0590384
1985-07-10,0.0008624047
1985-07-11,0.0012619421
1985-07-12,0.0017210841
1985-07-13,0.00044098124
1985-07-14,24.917603
1985-07-15,15.350342
1985-07-16,0.006187707
1985-07-17,0.0012787059
1985-07-18,0.06854534
1985-07-19,0.3912449
1985-07-20,0.85544586
1985-07-21,0.0012917444
1985-07-22,0.0
1985-07-23,0.0008502975
1985-07-24,0.00044098124
1985-07-25,2.3002625
1985-07-26,0.14197826
1985-07-27,0.0
1985-07-28,3.0593872
1985-07-29,3.3435822
1985-07-30,4.3907166
1985-07-31,0.5259514
1985-08-01,0.4940033
1985-08-02,0.0025704503
1985-08-03,0.102221966
1985-08-04,0.0147894025
1985-08-05,0.32305717
1985-08-06,1.1558533
1985-08-07,0.0030994415
1985-08-08,0.0012768432
1985-08-09,0.13017654
1985-08-10,1.868248
1985-08-11,0.5683899
1985-08-12,0.5078316
1985-08-13,3.0727386
1985-08-14,0.426054
1985-08-15,2.3002625
1985-08-16,0.0
1985-08-17,0.00085821375
1985-08-18,0.0008610077
1985-08-19,0.03029406
1985-08-20,1.2845993
1985-08-21,0.001299195
1985-08-22,0.7195473
1985-08-23,0.00628829
1985-08-24,3.6392212
1985-08-25,3.3512115
1985-08-26,0.18656254
1985-08-27,0.0
1985-08-28,0.00043516047
1985-08-29,0.0017052516
1985-08-30,0.0008526258
1985-08-31,0.11086464
1985-09-01,0.49734116
1985-09-02,0.0025704503
1985-09-03,0.72956085
1985-09-04,0.02039969
1985-09-05,0.0026114285
1985-09-06,0.84400177
1985-09-07,0.00086426735
1985-09-08,0.001293607
1985-09-09,0.0
1985-09-10,0.00086426735
1985-09-11,0.0
1985-09-12,0.0026337802
1985-09-13,0.0015087426
1985-09-14,0.0012880191
1985-09-15,0.47683716
1985-09-16,2.9802322e-05
1985-09-17,0.0030156225
1985-09-18,0.0017238781
1985-09-19,0.0
1985-09-20,0.002572313
1985-09-21,0.0017238781
1985-09-22,0.001726672
1985-09-23,0.0021327287
1985-09-24,3.81279
1985-09-25,0.028342009
1985-09-26,0.0008880161
1985-09-27,0.0017201528
1985-09-28,0.00042049214
1985-09-29,2.9802322e-05
1985-09-30,0.0
1985-10-01,0.21278858
1985-10-02,0.17821789
1985-10-03,0.0032987446
1985-10-04,0.61416626
1985-10-05,1.077652
1985-10-06,0.0
1985-10-07,0.00090617687
1985-10-08,0.24211407
1985-10-09,0.51498413
1985-10-10,0.00085821375
1985-10-11,0.0
1985-10-12,0.00041956082
1985-10-13,0.0017024577
1985-10-14,0.0
1985-10-15,0.0017154962
1985-10-16,0.0012954697
1985-10-17,0.00085216016
1985-10-18,0.012464821
1985-10-19,0.0025816262
1985-10-20,0.0008530915
1985-10-21,0.0
1985-10-22,0.0017164275
1985-10-23,0.024795532
1985-10-24,0.005349517
1985-10-25,2.418518
1985-10-26,1.6803741
1985-10-27,0.0017732382
1985-10-28,0.0030137599
1985-10-29,0.0030640513
1985-10-30,0.0017164275
1985-10-31,0.58555603
1985-11-01,3.5133362
1985-11-02,0.0436306
1985-11-03,6.6375732
1985-11-04,2.9716492
1985-11-05,12.329102
1985-11-06,3.4599304
1985-11-07,2.7656555
1985-11-08,1.830101
1985-11-09,3.8967133
1985-11-10,12.420654
1985-11-11,0.0016996637
1985-11-12,0.40507317
1985-11-13,0.054359436
1985-11-14,0.00085216016
1985-11-15,0.0021532178
1985-11-16,0.0
1985-11-17,0.06070733
1985-11-18,0.0011799857
1985-11-19,0.10257959
1985-11-20,0.025302172
1985-11-21,0.33473969
1985-11-22,0.42676926
1985-11-23,0.015407801
1985-11-24,0.082075596
1985-11-25,1.6050339
1985-11-26,0.0018151477
1985-11-27,0.0034756958
1985-11-28,1.8863678
1985-11-29,0.0
1985-11-30,0.00202097
1985-12-01,0.0
1985-12-02,0.00043516047
1985-12-03,0.0012945384
1985-12-04,0.0021476299
1985-12-05,0.60606
1985-12-06,0.18262863
1985-12-07,0.21243095
1985-12-08,5.912781
1985-12-09,0.03787875
1985-12-10,0.027954578
1985-12-11,0.07408857
1985-12-12,0.00044098124
1985-12-13,0.0038668513
1985-12-14,0.0014007092
1985-12-15,0.031650066
1985-12-16,0.13160706
1985-12-17,0.1629591
1985-12-18,0.177145
1985-12-19,0.029698014
1985-12-20,0.004287809
1985-12-21,0.0017192215
1985-12-22,9.262085
1985-12-23,2.3555756
1985-12-24,29.510498
1985-12-25,16.189575
1985-12-26,2.565384
1985-12-27,5.2719116
1985-12-28,3.3130646
1985-12-29,0.0013411045
1985-12-30,0.0012842938
1985-12-31,0.33688545
1986-01-01,14.122009
1986-01-02,2.6855469
1986-01-03,2.1209717
1986-01-04,0.06586313
1986-01-05,9.292603
1986-01-06,0.80394745
1986-01-07,4.09317
1986-01-08,5.3710938
1986-01-09,0.19025803
1986-01-10,2.462387
1986-01-11,3.3397675
1986-01-12,4.3640137
1986-01-13,0.53691864
1986-01-14,10.986328
1986-01-15,3.7651062
1986-01-16,0.009275973
1986-01-17,2.6397705
1986-01-18,0.3271103
1986-01-19,0.52928925
1986-01-20,0.23770332
1986-01-21,2.39563
1986-01-22,8.544922
1986-01-23,17.684937
1986-01-24,4.4174194
1986-01-25,0.037372112
1986-01-26,3.6373138
1986-01-27,4.5700073
1986-01-28,1.1806488
1986-01-29,2.4909973
1986-01-30,3.0345917
1986-01-31,3.2901764
1986-02-01,0.7734299
1986-02-02,10.696411
1986-02-03,0.24604797
1986-02-04,0.0060871243
1986-02-05,0.0988245
1986-02-06,0.03504753
1986-02-07,1.5449524
1986-02-08,3.7727356
1986-02-09,0.0
1986-02-10,0.0029932708
1986-02-11,0.00042608008
1986-02-12,0.0008465722
1986-02-13,5.0239563
1986-02-14,3.1166077
1986-02-15,8.232117
1986-02-16,7.6065063
1986-02-17,1.704216
1986-02-18,3.3893585
1986-02-19,1.8806458
1986-02-20,0.0026971102
1986-02-21,0.99658966
1986-02-22,3.3798218
1986-02-23,3.2100677
1986-02-24,3.5362244
1986-02-25,0.009074807
1986-02-26,2.2735596
1986-02-27,8.148193
1986-02-28,0.0023338944
1986-03-01,0.06502867
1986-03-02,2.3422241
1986-03-03,0.26273727
1986-03-04,0.0012814999
1986-03-05,0.0024978071
1986-03-06,9.086609
1986-03-07,0.0017099082
1986-03-08,0.0
1986-03-09,0.001293607
1986-03-10,0.0012917444
1986-03-11,0.12588501
1986-03-12,0.23663044
1986-03-13,1.5897751
1986-03-14,0.0017825514
1986-03-15,0.00044098124
1986-03-16,0.052183867
1986-03-17,0.09930134
1986-03-18,3.7899017
1986-03-19,0.22804737
1986-03-20,0.7405281
1986-03-21,0.0021383166
1986-03-22,0.00086426735
1986-03-23,4.688263
1986-03-24,1.6851425
1986-03-25,5.1994324
1986-03-26,9.44519
1986-03-27,0.34999847
1986-03-28,1.0280609
1986-03-29,6.3171387
1986-03-30,3.4561157
1986-03-31,1.9254684
1986-04-01,0.3194809
1986-04-02,14.198303
1986-04-03,2.0942688
1986-04-04,0.0014184043
1986-04-05,0.53691864
1986-04-06,10.116577
1986-04-07,2.6054382
1986-04-08,5.458832
1986-04-09,13.183594
1986-04-10,1.4190674
1986-04-11,0.5688667
1986-04-12,0.0049844384
1986-04-13,2.1152496
1986-04-14,0.24211407
1986-04-15,1.9226074
1986-04-16,2.8533936
1986-04-17,3.1166077
1986-04-18,4.470825
1986-04-19,4.8332214
1986-04-20,2.784729
1986-04-21,4.142761
1986-04-22,1.5077591
1986-04-23,3.6334991
1986-04-24,2.6569366
1986-04-25,14.968872
1986-04-26,14.045715
1986-04-27,2.1305084
1986-04-28,2.0484924
1986-04-29,0.24151802
1986-04-30,0.024184585
1986-05-01,0.00042608008
1986-05-02,2.216339
1986-05-03,9.58252
1986-05-04,0.026166439
1986-05-05,0.5083084
1986-05-06,1.5010834
1986-05-07,1.3580322
1986-05-08,0.8277893
1986-05-09,0.15115738
1986-05-10,0.004991889
1986-05-11,0.43916702
1986-05-12,3.5305023
1986-05-13,7.5645447
1986-05-14,0.04312396
1986-05-15,1.0061264
1986-05-16,0.40125847
1986-05-17,0.22315979
1986-05-18,5.5160522
1986-05-19,1.4667511
1986-05-20,9.262085
1986-05-21,3.2024384
1986-05-22,0.00042608008
1986-05-23,0.13256073
1986-05-24,0.023245811
1986-05-25,0.0008586794
1986-05-26,8.102417
1986-05-27,0.4003048
1986-05-28,0.5874634
1986-05-29,0.019982457
1986-05-30,0.004965812
1986-05-31,0.5402565
1986-06-01,2.7313232
1986-06-02,0.41341782
1986-06-03,0.6008148
1986-06-04,0.39339066
1986-06-05,2.5138855
1986-06-06,0.11575222
1986-06-07,0.13136864
1986-06-08,0.0012796372
1986-06-09,0.0
1986-06-10,0.027358532
1986-06-11,0.18548965
1986-06-12,0.99754333
1986-06-13,0.0017285347
1986-06-14,0.034838915
1986-06-15,0.0011418015
1986-06-16,0.0018924475
1986-06-17,0.026926398
1986-06-18,0.19037724
1986-06-19,3.993988
1986-06-20,0.0016214326
1986-06-21,12.062073
1986-06-22,2.210617
1986-06-23,0.11527538
1986-06-24,0.00087032095
1986-06-25,0.053584576
1986-06-26,0.0
1986-06-27,0.0012759119
1986-06-28,0.0
1986-06-29,0.9765625
1986-06-30,0.89740753
1986-07-01,0.0029411167
1986-07-02,1.9340515
1986-07-03,3.0498505
1986-07-04,0.29349327
1986-07-05,0.14555454
1986-07-06,1.6832352
1986-07-07,0.044316053
1986-07-08,0.00085216016
1986-07-09,0.002587214
1986-07-10,0.0
1986-07-11,0.0017285347
1986-07-12,2.7675629
1986-07-13,0.28800964
1986-07-14,0.09769201
1986-07-15,0.00085821375
1986-07-16,0.0017248094
1986-07-17,0.034481287
1986-07-18,0.34713745
1986-07-19,0.0008554198
1986-07-20,0.0
1986-07-21,0.00042608008
1986-07-22,0.0003874302
1986-07-23,0.1951456
1986-07-24,0.0025760382
1986-07-25,0.0
1986-07-26,0.0
1986-07-27,0.3862381
1986-07-28,0.0012870878
1986-07-29,0.015228987
1986-07-30,1.4781952
1986-07-31,0.66804886
1986-08-01,0.00043516047
1986-08-02,0.0012777746
1986-08-03,20.79773
1986-08-04,2.2296906
1986-08-05,0.0017229468
1986-08-06,0.00085821375
1986-08-07,1.8367767
1986-08-08,0.0008554198
1986-08-09,4.211426
1986-08-10,3.8986206
1986-08-11,8.735657
1986-08-12,0.65135956
1986-08-13,0.00085122883
1986-08-14,0.0017192215
1986-08-15,9.841919
1986-08-16,0.015676022
1986-08-17,0.22315979
1986-08-18,6.3667297
1986-08-19,0.8330345
1986-08-20,0.0012870878
1986-08-21,0.0012870878
1986-08-22,3.2863617
1986-08-23,0.52165985
1986-08-24,0.58841705
1986-08-25,0.0017173588
1986-08-26,2.4967194
1986-08-27,0.3824234
1986-08-28,1.5296936
1986-08-29,0.69236755
1986-08-30,0.0026412308
1986-08-31,0.0
1986-09-01,0.00042608008
1986-09-02,0.0012759119
1986-09-03,0.00085216016
1986-09-04,0.0008651987
1986-09-05,0.00043516047
1986-09-06,0.001388602
1986-09-07,0.0
1986-09-08,2.1076202
1986-09-09,0.002834946
1986-09-10,0.00085821375
1986-09-11,0.28800964
1986-09-12,11.024475
1986-09-13,2.0885468
1986-09-14,7.358551
1986-09-15,13.542175
1986-09-16,31.463623
1986-09-17,0.8711815
1986-09-18,0.3964901
1986-09-19,1.405716
1986-09-20,0.0008614734
1986-09-21,0.00043516047
1986-09-22,0.011362135
1986-09-23,5.458832
1986-09-24,25.436401
1986-09-25,6.389618
1986-09-26,0.58317184
1986-09-27,0.0020116568
1986-09-28,0.0
1986-09-29,0.00085821375
1986-09-30,0.0
1986-10-01,0.0
1986-10-02,0.009283423
1986-10-03,0.017166138
1986-10-04,0.0014537945
1986-10-05,0.0068992376
1986-10-06,0.0021513551
1986-10-07,0.00084750354
1986-10-08,0.00086426735
1986-10-09,0.00042608008
1986-10-10,0.002577901
1986-10-11,0.030726194
1986-10-12,0.0039041042
1986-10-13,3.145218
1986-10-14,0.4286766
1986-10-15,0.116467476
1986-10-16,1.0099411
1986-10-17,0.1013875
1986-10-18,3.3130646
1986-10-19,4.5928955
1986-10-20,4.878998
1986-10-21,0.25177002
1986-10-22,5.5389404
1986-10-23,6.1035156
1986-10-24,2.0332336
1986-10-25,4.4555664
1986-10-26,1.1367798
1986-10-27,0.00085728243
1986-10-28,0.04673004
1986-10-29,1.1396408
1986-10-30,0.0029485673
1986-10-31,0.0054761767
1986-11-01,2.0713806
1986-11-02,0.59747696
1986-11-03,0.0017229468
1986-11-04,0.00085355714
1986-11-05,0.038594007
1986-11-06,0.055909157
1986-11-07,0.0077858567
1986-11-08,0.16343594
1986-11-09,0.0013113022
1986-11-10,0.00085448846
1986-11-11,0.00085821375
1986-11-12,0.00085216016
1986-11-13,1.8882751
1986-11-14,0.52309036
1986-11-15,15.220642
1986-11-16,0.0
1986-11-17,0.037759542
1986-11-18,0.025048852
1986-11-19,0.36144257
1986-11-20,2.243042
1986-11-21,2.2239685
1986-11-22,2.8953552
1986-11-23,6.6070557
1986-11-24,0.5493164
1986-11-25,0.0054091215
1986-11-26,0.15854836
1986-11-27,0.0021513551
1986-11-28,0.0021439046
1986-11-29,0.0004232861
1986-11-30,0.0104010105
1986-12-01,0.00043516047
1986-12-02,0.0017229468
1986-12-03,0.0
1986-12-04,0.00043516047
1986-12-05,0.00085821375
1986-12-06,0.2605915
1986-12-07,0.0016633421
1986-12-08,9.773254
1986-12-09,0.46253204
1986-12-10,0.0038668513
1986-12-11,0.0153928995
1986-12-12,0.029355288
1986-12-13,4.1923523
1986-12-14,0.26488304
1986-12-15,2.1381378
1986-12-16,2.7198792
1986-12-17,1.7528534
1986-12-18,4.7798157
1986-12-19,7.461548
1986-12-20,3.8070679
1986-12-21,4.524231
1986-12-22,0.2875328
1986-12-23,0.03492832
1986-12-24,0.0058598816
1986-12-25,3.9100647
1986-12-26,10.284424
1986-12-27,0.43296814
1986-12-28,0.09089708
1986-12-29,0.008068979
1986-12-30,0.0034347177
1986-12-31,1.2712479
1987-01-01,0.4901886
1987-01-02,1.0728836
1987-01-03,0.060915947
1987-01-04,0.0030137599
1987-01-05,1.3532639
1987-01-06,1.458168
1987-01-07,0.0008698553
1987-01-08,0.0012861565
1987-01-09,0.77438354
1987-01-10,5.558014
1987-01-11,0.0012814999
1987-01-12,2.073288
1987-01-13,16.784668
1987-01-14,1.5506744
1987-01-15,3.1757355
1987-01-16,0.3812313
1987-01-17,0.0055655837
1987-01-18,0.010892749
1987-01-19,0.025615096
1987-01-20,0.009872019
1987-01-21,0.00590086
1987-01-22,0.0025816262
1987-01-23,0.001299195
1987-01-24,0.0021439046
1987-01-25,0.00044098124
1987-01-26,3.3054352
1987-01-27,0.11956692
1987-01-28,0.29802322
1987-01-29,1.8177032
1987-01-30,0.005468726
1987-01-31,0.156641
1987-02-01,0.06094575
1987-02-02,2.5558472
1987-02-03,4.1122437
1987-02-04,0.31542778
1987-02-05,0.038683414
1987-02-06,0.020489097
1987-02-07,1.9273758
1987-02-08,0.5302429
1987-02-09,3.7708282
1987-02-10,0.6198883
1987-02-11,1.6899109
1987-02-12,2.7370453
1987-02-13,3.545761
1987-02-14,1.0843277
1987-02-15,0.23686886
1987-02-16,0.00096671283
1987-02-17,0.24938583
1987-02-18,0.15485287
1987-02-19,0.5636215
1987-02-20,0.57697296
1987-02-21,2.5730133
1987-02-22,1.6145706
1987-02-23,0.0010607764
1987-02-24,0.010460615
1987-02-25,3.4561157
1987-02-26,0.019833446
1987-02-27,0.5578995
1987-02-28,1.9273758
1987-03-01,0.63085556
1987-03-02,1.1863708
1987-03-03,0.0049360096
1987-03-04,0.5083084
1987-03-05,0.054866076
1987-03-06,0.0017238781
1987-03-07,5.466461
1987-03-08,5.8135986
1987-03-09,2.7828217
1987-03-10,1.5001297
1987-03-11,0.5264282
1987-03-12,0.041127205
1987-03-13,0.002115965
1987-03-14,0.001293607
1987-03-15,0.0017154962
1987-03-16,0.11909008
1987-03-17,0.00043516047
1987-03-18,2.6454926
1987-03-19,3.8909912
1987-03-20,0.5841255
1987-03-21,3.955841
1987-03-22,1.4371872
1987-03-23,0.13566017
1987-03-24,0.16796589
1987-03-25,8.628845
1987-03-26,0.166893
1987-03-27,12.069702
1987-03-28,10.681152
1987-03-29,6.290436
1987-03-30,1.4314651
1987-03-31,0.53167343
1987-04-01,3.5324097
1987-04-02,3.692627
1987-04-03,10.574341
1987-04-04,0.26845932
1987-04-05,0.38790703
1987-04-06,0.1436472
1987-04-07,6.641388
1987-04-08,8.361816
1987-04-09,7.30896
1987-04-10,0.72717667
1987-04-11,1.6298294
1987-04-12,2.9525757
1987-04-13,0.0
1987-04-14,0.026211143
1987-04-15,0.0
1987-04-16,0.0038705766
1987-04-17,0.00085122883
1987-04-18,2.6454926
1987-04-19,0.020593405
1987-04-20,1.3694763
1987-04-21,0.0012814999
1987-04-22,3.074646
1987-04-23,0.00085216016
1987-04-24,5.73349
1987-04-25,1.282692
1987-04-26,0.5698204
1987-04-27,0.0021550804
1987-04-28,0.0010253862
1987-04-29,0.7710457
1987-04-30,0.19693375
1987-05-01,0.012665987
1987-05-02,0.161767
1987-05-03,0.93603134
1987-05-04,0.4720688
1987-05-05,0.19550323
1987-05-06,0.0017229468
1987-05-07,0.00042608008
1987-05-08,0.0025909394
1987-05-09,0.0021383166
1987-05-10,3.9863586
1987-05-11,0.3733635
1987-05-12,2.1572113
1987-05-13,0.20837784
1987-05-14,0.35953522
1987-05-15,3.8280487
1987-05-16,0.061929226
1987-05-17,0.00085821375
1987-05-18,2.0999908
1987-05-19,4.8599243
1987-05-20,0.44894218
1987-05-21,0.0017192215
1987-05-22,0.040650368
1987-05-23,0.29826164
1987-05-24,1.4715195
1987-05-25,0.00500679
1987-05-26,0.96321106
1987-05-27,0.014640391
1987-05-28,1.9168854
1987-05-29,0.024870038
1987-05-30,0.00086426735
1987-05-31,0.5068779
1987-06-01,0.19741058
1987-06-02,0.004775822
1987-06-03,6.6566467
1987-06-04,1.5945435
1987-06-05,0.20468235
1987-06-06,1.3618469
1987-06-07,17.318726
1987-06-08,6.3209534
1987-06-09,1.001358
1987-06-10,1.4133453
1987-06-11,13.580322
1987-06-12,7.5798035
1987-06-13,5.870819
1987-06-14,13.85498
1987-06-15,3.545761
1987-06-16,2.3288727
1987-06-17,0.6017685
1987-06-18,0.7624626
1987-06-19,10.269165
1987-06-20,0.2758503
1987-06-21,0.61893463
1987-06-22,0.4785061
1987-06-23,0.019788742
1987-06-24,0.24628639
1987-06-25,0.3106594
1987-06-26,0.88739395
1987-06-27,0.0039301813
1987-06-28,0.0017108396
1987-06-29,0.0018775463
1987-06-30,0.23829937
1987-07-01,1.115799
1987-07-02,0.36501884
1987-07-03,5.9165955
1987-07-04,0.43940544
1987-07-05,0.87213516
1987-07-06,17.486572
1987-07-07,0.087440014
1987-07-08,0.022560358
1987-07-09,0.32663345
1987-07-10,0.00086287037
1987-07-11,0.0017108396
1987-07-12,0.003438443
1987-07-13,1.502037
1987-07-14,11.558533
1987-07-15,12.512207
1987-07-16,16.89148
1987-07-17,12.756348
1987-07-18,3.3874512
1987-07-19,0.58174133
1987-07-20,1.3923645
1987-07-21,0.72193146
1987-07-22,0.45609474
1987-07-23,5.432129
1987-07-24,3.2691956
1987-07-25,0.26202202
1987-07-26,0.071406364
1987-07-27,0.05158782
1987-07-28,0.37050247
1987-07-29,0.3643036
1987-07-30,0.5803108
1987-07-31,0.13184547
1987-08-01,0.23567677
1987-08-02,0.032275915
1987-08-03,0.007659197
1987-08-04,0.020369887
1987-08-05,0.0012880191
1987-08-06,0.29468536
1987-08-07,0.0
1987-08-08,0.7209778
1987-08-09,3.5324097
1987-08-10,0.0
1987-08-11,0.0
1987-08-12,0.0
1987-08-13,0.0008493662
1987-08-14,0.0
1987-08-15,0.0012870878
1987-08-16,2.368927
1987-08-17,20.202637
1987-08-18,0.5378723
1987-08-19,0.0017024577
1987-08-20,0.0
1987-08-21,8.940697e-05
1987-08-22,2.5997162
1987-08-23,2.9392242
1987-08-24,11.260986
1987-08-25,1.8939972
1987-08-26,0.5221367
1987-08-27,0.2875328
1987-08-28,0.0
1987-08-29,0.0017182902
1987-08-30,0.00085821375
1987-08-31,1.0480881
1987-09-01,0.77581406
1987-09-02,0.3068447
1987-09-03,0.44226646
1987-09-04,0.3848076
1987-09-05,0.2142191
1987-09-06,0.03167987
1987-09-07,0.0
1987-09-08,0.015556812
1987-09-09,0.15616417
1987-09-10,0.0
1987-09-11,0.0
1987-09-12,0.0013010576
1987-09-13,0.00044098124
1987-09-14,0.00085821375
1987-09-15,0.0
1987-09-16,0.0009299256
1987-09-17,0.0
1987-09-18,0.00085216016
1987-09-19,0.0
1987-09-20,0.0008465722
1987-09-21,0.21958351
1987-09-22,0.14269352
1987-09-23,13.35144
1987-09-24,1.4533997
1987-09-25,8.422852
1987-09-26,18.051147
1987-09-27,0.9813309
1987-09-28,0.0021345913
1987-09-29,0.0017276034
1987-09-30,0.00085216016
1987-10-01,3.282547
1987-10-02,9.0408325
1987-10-03,4.8294067
1987-10-04,0.08326769
1987-10-05,5.92041
1987-10-06,4.5051575
1987-10-07,2.5672913
1987-10-08,1.5678406
1987-10-09,0.0061951578
1987-10-10,13.381958
1987-10-11,1.7786026
1987-10-12,5.176544
1987-10-13,11.024475
1987-10-14,8.605957
1987-10-15,8.972168
1987-10-16,6.6108704
1987-10-17,1.5087128
1987-10-18,0.0012945384
1987-10-19,0.024348497
1987-10-20,3.4236908
1987-10-21,0.06771088
1987-10-22,0.016003847
1987-10-23,2.822876
1987-10-24,0.38790703
1987-10-25,0.97846985
1987-10-26,0.4632473
1987-10-27,16.525269
1987-10-28,2.5959015
1987-10-29,0.0017760321
1987-10-30,0.00085821375
1987-10-31,0.0008554198
1987-11-01,0.0025741756
1987-11-02,0.0034309924
1987-11-03,0.00085821375
1987-11-04,0.00085821375
1987-11-05,0.0
1987-11-06,0.0
1987-11-07,0.0021457672
1987-11-08,0.0030212104
1987-11-09,6.9236755
1987-11-10,1.4324188
1987-11-11,0.082194805
1987-11-12,12.496948
1987-11-13,22.827148
1987-11-14,1.8205643
1987-11-15,1.6469955
1987-11-16,1.2683868
1987-11-17,0.007428229
1987-11-18,0.002115965
1987-11-19,0.071406364
1987-11-20,0.79774857
1987-11-21,0.06341934
1987-11-22,4.1999817
1987-11-23,7.911682
1987-11-24,6.6108704
1987-11-25,5.004883
1987-11-26,1.6231537
1987-11-27,0.23901463
1987-11-28,0.0055469573
1987-11-29,0.014550984
1987-11-30,0.0
1987-12-01,0.123381615
1987-12-02,0.07498264
1987-12-03,3.704071
1987-12-04,4.0779114
1987-12-05,1.9512177
1987-12-06,0.00043516047
1987-12-07,0.00043516047
1987-12-08,0.55933
1987-12-09,0.10257959
1987-12-10,0.25606155
1987-12-11,0.1654625
1987-12-12,0.00253506
1987-12-13,2.7999878
1987-12-14,0.25582314
1987-12-15,2.5100708
1987-12-16,2.6760101
1987-12-17,0.087201595
1987-12-18,0.29802322
1987-12-19,1.3465881
1987-12-20,0.010713935
1987-12-21,0.00043516047
1987-12-22,0.00937283
1987-12-23,0.07104874
1987-12-24,0.02451241
1987-12-25,5.0964355
1987-12-26,0.0055618584
1987-12-27,0.0021401793
1987-12-28,0.0038668513
1987-12-29,0.0
1987-12-30,0.0
1987-12-31,3.1757355
1988-01-01,0.60606
1988-01-02,1.9550323
1988-01-03,19.39392
1988-01-04,1.9931793
1988-01-05,0.0043548644
1988-01-06,7.1640015
1988-01-07,2.7008057
1988-01-08,12.992859
1988-01-09,0.71287155
1988-01-10,0.35643578
1988-01-11,2.521515
1988-01-12,0.0
1988-01-13,4.940033
1988-01-14,0.10347366
1988-01-15,1.1110306
1988-01-16,2.943039
1988-01-17,0.6303787
1988-01-18,0.016704202
1988-01-19,2.714157
1988-01-20,5.794525
1988-01-21,5.2719116
1988-01-22,11.688232
1988-01-23,0.13303757
1988-01-24,3.6773682
1988-01-25,4.901886
1988-01-26,3.3721924
1988-01-27,3.2348633
1988-01-28,1.3208389
1988-01-29,17.929077
1988-01-30,7.7209473
1988-01-31,5.3710938
1988-02-01,7.865906
1988-02-02,2.0103455
1988-02-03,0.0017238781
1988-02-04,10.223389
1988-02-05,15.960693
1988-02-06,20.17212
1988-02-07,0.3809929
1988-02-08,7.575989
1988-02-09,4.0016174
1988-02-10,2.904892
1988-02-11,6.3209534
1988-02-12,1.0576248
1988-02-13,0.001296401
1988-02-14,0.00043516047
1988-02-15,0.0012842938
1988-02-16,0.0012814999
1988-02-17,0.0012814999
1988-02-18,0.00085216016
1988-02-19,0.0
1988-02-20,0.0012908131
1988-02-21,0.00085216016
1988-02-22,0.002142042
1988-02-23,0.30231476
1988-02-24,0.8196831
1988-02-25,0.3874302
1988-02-26,0.075519085
1988-02-27,0.85783005
1988-02-28,0.46873093
1988-02-29,1.4362335
1988-03-01,7.865906
1988-03-02,0.004835427
1988-03-03,0.00085216016
1988-03-04,4.4822693
1988-03-05,0.096678734
1988-03-06,0.016331673
1988-03-07,0.9069443
1988-03-08,0.6337166
1988-03-09,0.0017229468
1988-03-10,0.02579391
1988-03-11,0.005528331
1988-03-12,0.019833446
1988-03-13,0.042408705
1988-03-14,0.0025797635
1988-03-15,0.035315752
1988-03-16,33.53882
1988-03-17,7.1792603
1988-03-18,1.4305115
1988-03-19,0.10442734
1988-03-20,0.0008540228
1988-03-21,1.3332367
1988-03-22,3.2672882
1988-03-23,0.3015995
1988-03-24,0.749588
1988-03-25,2.8705597
1988-03-26,4.5166016
1988-03-27,0.5412102
1988-03-28,0.00085216016
1988-03-29,5.996704
1988-03-30,2.5234222
1988-03-31,3.4599304
1988-04-01,0.73480606
1988-04-02,0.011906028
1988-04-03,1.036644
1988-04-04,1.748085
1988-04-05,18.76831
1988-04-06,7.6522827
1988-04-07,3.08609
1988-04-08,3.9634705
1988-04-09,6.2217712
1988-04-10,0.012733042
1988-04-11,3.7174225
1988-04-12,4.0512085
1988-04-13,0.9126663
1988-04-14,0.0021494925
1988-04-15,0.06455183
1988-04-16,17.501831
1988-04-17,2.954483
1988-04-18,2.7751923
1988-04-19,12.924194
1988-04-20,0.53691864
1988-04-21,0.0
1988-04-22,4.3640137
1988-04-23,13.153076
1988-04-24,6.603241
1988-04-25,8.728027
1988-04-26,0.22685528
1988-04-27,0.06830692
1988-04-28,0.086426735
1988-04-29,7.534027
1988-04-30,0.31399727
1988-05-01,1.6031265
1988-05-02,2.3326874
1988-05-03,1.4228821
1988-05-04,5.970001
1988-05-05,0.106692314
1988-05-06,0.0016558915
1988-05-07,1.0824203
1988-05-08,1.8911362
1988-05-09,0.7953644
1988-05-10,3.162384
1988-05-11,6.0806274
1988-05-12,1.3427734
1988-05-13,5.630493
1988-05-14,12.8479
1988-05-15,18.600464
1988-05-16,5.4969788
1988-05-17,0.85401535
1988-05-18,0.19180775
1988-05-19,0.7581711
1988-05-20,0.6432533
1988-05-21,0.00043516047
1988-05-22,3.8070679
1988-05-23,25.665283
1988-05-24,0.1475811
1988-05-25,10.658264
1988-05-26,3.0117035
1988-05-27,3.4809113
1988-05-28,6.565094
1988-05-29,5.256653
1988-05-30,2.4795532
1988-05-31,4.0245056
1988-06-01,1.0194778
1988-06-02,0.006824732
1988-06-03,0.30708313
1988-06-04,0.8878708
1988-06-05,0.16772747
1988-06-06,0.12767315
1988-06-07,0.040978193
1988-06-08,0.007085502
1988-06-09,0.22602081
1988-06-10,7.2402954
1988-06-11,11.703491
1988-06-12,1.786232
1988-06-13,3.5820007
1988-06-14,11.924744
1988-06-15,0.39696693
1988-06-16,9.529114
1988-06-17,5.1078796
1988-06-18,0.24437904
1988-06-19,0.08678436
1988-06-20,0.00011920929
1988-06-21,0.0012880191
1988-06-22,0.00043516047
1988-06-23,0.11456013
1988-06-24,0.0020284206
1988-06-25,0.0012693927
1988-06-26,0.25367737
1988-06-27,0.910759
1988-06-28,0.20241737
1988-06-29,3.7612915
1988-06-30,10.322571
1988-07-01,7.56073
1988-07-02,7.194519
1988-07-03,0.5259514
1988-07-04,10.444641
1988-07-05,2.084732
1988-07-06,0.30255318
1988-07-07,1.2493134
1988-07-08,0.3838539
1988-07-09,0.10383129
1988-07-10,0.0
1988-07-11,0.3809929
1988-07-12,0.005211681
1988-07-13,0.32138824
1988-07-14,0.49495697
1988-07-15,0.08136034
1988-07-16,0.182271
1988-07-17,0.0012759119
1988-07-18,0.00087032095
1988-07-19,0.031113625
1988-07-20,0.0487566
1988-07-21,0.020742416
1988-07-22,0.02257526
1988-07-23,11.276245
1988-07-24,0.4515648
1988-07-25,0.001293607
1988-07-26,0.0015143305
1988-07-27,0.2734661
1988-07-28,0.0012814999
1988-07-29,0.2784729
1988-07-30,0.0012852252
1988-07-31,0.00085216016
1988-08-01,0.9217262
1988-08-02,1.5926361
1988-08-03,19.348145
1988-08-04,0.0008554198
1988-08-05,0.0008731149
1988-08-06,0.0017043203
1988-08-07,0.0031255186
1988-08-08,0.006545335
1988-08-09,0.009521842
1988-08-10,0.29802322
1988-08-11,0.21111965
1988-08-12,0.009611249
1988-08-13,0.006068498
1988-08-14,0.001466833
1988-08-15,0.0004558824
1988-08-16,2.4318695
1988-08-17,0.1335144
1988-08-18,0.0017257407
1988-08-19,1.3370514
1988-08-20,0.50735474
1988-08-21,4.196167
1988-08-22,0.21159649
1988-08-23,0.0030100346
1988-08-24,0.23937225
1988-08-25,0.42152405
1988-08-26,0.022649765
1988-08-27,0.00086566433
1988-08-28,0.13744831
1988-08-29,0.1988411
1988-08-30,0.00042608008
1988-08-31,4.497528
1988-09-01,13.618469
1988-09-02,0.9841919
1988-09-03,0.017672777
1988-09-04,0.011585653
1988-09-05,0.0
1988-09-06,0.00085216016
1988-09-07,0.0017127022
1988-09-08,0.0012759119
1988-09-09,0.09304285
1988-09-10,0.028192997
1988-09-11,0.7624626
1988-09-12,0.0032521784
1988-09-13,0.6394386
1988-09-14,0.13518333
1988-09-15,0.19001961
1988-09-16,0.32281876
1988-09-17,0.17440319
1988-09-18,0.039041042
1988-09-19,0.0012870878
1988-09-20,0.0
1988-09-21,0.004719943
1988-09-22,1.2559891
1988-09-23,0.9536743
1988-09-24,0.40721893
1988-09-25,0.044852495
1988-09-26,0.0
1988-09-27,0.0
1988-09-28,0.00043516047
1988-09-29,11.184692
1988-09-30,0.0
1988-10-01,0.00044098124
1988-10-02,0.00085216016
1988-10-03,0.0021532178
1988-10-04,0.0013038516
1988-10-05,0.66661835
1988-10-06,0.19872189
1988-10-07,4.512787
1988-10-08,0.20051003
1988-10-09,5.027771
1988-10-10,7.2669983
1988-10-11,7.6065063
1988-10-12,0.99372864
1988-10-13,0.0017285347
1988-10-14,0.0017229468
1988-10-15,0.03927946
1988-10-16,0.00085216016
1988-10-17,0.0026021153
1988-10-18,4.081726
1988-10-19,5.5732727
1988-10-20,0.75244904
1988-10-21,0.0017108396
1988-10-22,0.00085216016
1988-10-23,0.044107437
1988-10-24,0.01104176
1988-10-25,0.0017192215
1988-10-26,0.00044098124
1988-10-27,0.067055225
1988-10-28,0.0
1988-10-29,0.0017229468
1988-10-30,0.00043516047
1988-10-31,0.0017164275
1988-11-01,0.008299947
1988-11-02,0.06365776
1988-11-03,0.00087032095
1988-11-04,0.0039562583
1988-11-05,0.022828579
1988-11-06,0.00042608008
1988-11-07,0.0
1988-11-08,1.7623901
1988-11-09,1.947403
1988-11-10,0.0
1988-11-11,0.007882714
1988-11-12,1.5058517
1988-11-13,0.11134148
1988-11-14,0.0
1988-11-15,0.0012945384
1988-11-16,0.0
1988-11-17,0.0021457672
1988-11-18,0.2001524
1988-11-19,0.14388561
1988-11-20,2.954483
1988-11-21,0.00391528
1988-11-22,0.00087032095
1988-11-23,0.0
1988-11-24,0.0
1988-11-25,0.00086426735
1988-11-26,0.000863336
1988-11-27,0.053346157
1988-11-28,0.12743473
1988-11-29,0.04172325
1988-11-30,2.1915436
1988-12-01,0.46014786
1988-12-02,1.5439987
1988-12-03,2.790451
1988-12-04,3.5533905
1988-12-05,2.1896362
1988-12-06,1.2340546
1988-12-07,0.02938509
1988-12-08,0.019550323
1988-12-09,0.042378902
1988-12-10,0.046938658
1988-12-11,0.10514259
1988-12-12,0.6246567
1988-12-13,0.034362078
1988-12-14,0.00042910688
1988-12-15,0.0025816262
1988-12-16,0.061273575
1988-12-17,0.003438443
1988-12-18,0.08243322
1988-12-19,0.5631447
1988-12-20,1.830101
1988-12-21,0.001850538
1988-12-22,0.005517155
1988-12-23,0.03582239
1988-12-24,0.025883317
1988-12-25,0.13613701
1988-12-26,0.19979477
1988-12-27,0.037282705
1988-12-28,0.0034309924
1988-12-29,0.00043516047
1988-12-30,0.025823712
1988-12-31,0.06991625
1989-01-01,0.16403198
1989-01-02,0.10859966
1989-01-03,0.0
1989-01-04,3.0879974
1989-01-05,0.45394897
1989-01-06,10.971069
1989-01-07,0.1603365
1989-01-08,0.015497208
1989-01-09,0.120043755
1989-01-10,0.04041195
1989-01-11,0.01128763
1989-01-12,0.014208257
1989-01-13,0.0012842938
1989-01-14,0.04926324
1989-01-15,0.029936433
1989-01-16,0.02090633
1989-01-17,0.106573105
1989-01-18,0.014215708
1989-01-19,0.0047795475
1989-01-20,0.008098781
1989-01-21,2.614975
1989-01-22,0.1065135
1989-01-23,0.00085216016
1989-01-24,0.0017071143
1989-01-25,0.00086799264
1989-01-26,0.0021457672
1989-01-27,0.00087032095
1989-01-28,0.001700595
1989-01-29,0.00043516047
1989-01-30,0.0
1989-01-31,0.0021439046
1989-02-01,0.0
1989-02-02,0.0
1989-02-03,0.0008554198
1989-02-04,0.052452087
1989-02-05,0.011533499
1989-02-06,0.007532537
1989-02-07,0.0
1989-02-08,0.00042608008
1989-02-09,0.0062808394
1989-02-10,0.60224533
1989-02-11,0.0021513551
1989-02-12,0.0012861565
1989-02-13,1.3942719
1989-02-14,0.6837845
1989-02-15,0.00085216016
1989-02-16,0.006534159
1989-02-17,0.0016540289
1989-02-18,0.0017127022
1989-02-19,0.00085216016
1989-02-20,0.0030118972
1989-02-21,0.75626373
1989-02-22,0.13113022
1989-02-23,6.729126
1989-02-24,5.832672
1989-02-25,26.000977
1989-02-26,18.951416
1989-02-27,10.154724
1989-02-28,10.398865
1989-03-01,8.682251
1989-03-02,7.6828003
1989-03-03,2.3174286
1989-03-04,0.79345703
1989-03-05,0.0017192215
1989-03-06,0.0017229468
1989-03-07,2.7542114
1989-03-08,0.0017043203
1989-03-09,0.00085216016
1989-03-10,0.0
1989-03-11,0.0017080456
1989-03-12,0.0017229468
1989-03-13,1.9435883
1989-03-14,0.00042608008
1989-03-15,2.6874542
1989-03-16,1.2998581
1989-03-17,0.4374981
1989-03-18,0.0025741756
1989-03-19,0.0
1989-03-20,1.4896393
1989-03-21,0.7004738
1989-03-22,0.5083084
1989-03-23,1.7089844
1989-03-24,0.025957823
1989-03-25,0.09697676
1989-03-26,0.00043516047
1989-03-27,0.00043516047
1989-03-28,0.001758337
1989-03-29,0.0030584633
1989-03-30,0.001729466
1989-03-31,1.4047623
1989-04-01,2.3345947
1989-04-02,7.1983337
1989-04-03,16.036987
1989-04-04,17.410278
1989-04-05,2.9067993
1989-04-06,2.17247
1989-04-07,7.472992
1989-04-08,2.817154
1989-04-09,4.043579
1989-04-10,0.113248825
1989-04-11,3.4446716
1989-04-12,15.617371
1989-04-13,4.3678284
1989-04-14,1.4696121
1989-04-15,7.827759
1989-04-16,8.277893
1989-04-17,9.925842
1989-04-18,0.6723404
1989-04-19,0.004503876
1989-04-20,3.080368
1989-04-21,0.22482872
1989-04-22,0.00043516047
1989-04-23,0.19311905
1989-04-24,2.7427673
1989-04-25,6.9389343
1989-04-26,0.7619858
1989-04-27,8.049011
1989-04-28,1.0499954
1989-04-29,1.1730194
1989-04-30,0.0021476299
1989-05-01,0.06020069
1989-05-02,0.00085216016
1989-05-03,0.0012814999
1989-05-04,0.0
1989-05-05,0.0
1989-05-06,0.0
1989-05-07,0.00043516047
1989-05-08,0.00044098124
1989-05-09,7.286072
1989-05-10,6.591797
1989-05-11,2.9029846
1989-05-12,2.0828247
1989-05-13,2.0580292
1989-05-14,0.34594536
1989-05-15,0.0012973323
1989-05-16,0.0
1989-05-17,0.0
1989-05-18,0.0017164275
1989-05-19,0.0012908131
1989-05-20,0.00032782555
1989-05-21,1.6584396
1989-05-22,3.540039
1989-05-23,0.44250488
1989-05-24,0.1565218
1989-05-25,0.90551376
1989-05-26,0.0032894313
1989-05-27,0.002462417
1989-05-28,0.0
1989-05-29,0.49495697
1989-05-30,2.0580292
1989-05-31,0.16403198
1989-06-01,0.562191
1989-06-02,2.4528503
1989-06-03,1.4247894
1989-06-04,6.072998
1989-06-05,0.03683567
1989-06-06,1.8196106
1989-06-07,0.28514862
1989-06-08,0.0008489005
1989-06-09,2.0580292
1989-06-10,3.7593842
1989-06-11,0.00032782555
1989-06-12,0.00086193904
1989-06-13,0.0
1989-06-14,0.0017192215
1989-06-15,0.00085821375
1989-06-16,0.00043516047
1989-06-17,0.00085216016
1989-06-18,0.00043516047
1989-06-19,0.00043516047
1989-06-20,0.001296401
1989-06-21,0.00085821375
1989-06-22,0.0012814999
1989-06-23,0.0
1989-06-24,0.00042654574
1989-06-25,0.0021401793
1989-06-26,0.2603531
1989-06-27,0.4441738
1989-06-28,0.003427267
1989-06-29,0.41985512
1989-06-30,0.024974346
1989-07-01,0.015258789
1989-07-02,0.52928925
1989-07-03,0.00044098124
1989-07-04,0.0034440309
1989-07-05,0.41770935
1989-07-06,32.74536
1989-07-07,0.3926754
1989-07-08,1.6670227
1989-07-09,0.47445297
1989-07-10,1.086235
1989-07-11,0.046402216
1989-07-12,0.06341934
1989-07-13,0.0017127022
1989-07-14,0.033169985
1989-07-15,0.0008549541
1989-07-16,0.0008731149
1989-07-17,0.0017080456
1989-07-18,0.00043516047
1989-07-19,0.0
1989-07-20,0.0
1989-07-21,0.002462417
1989-07-22,1.5106201
1989-07-23,19.02771
1989-07-24,1.0824203
1989-07-25,1.4486313
1989-07-26,0.006057322
1989-07-27,0.0032838434
1989-07-28,0.0025629997
1989-07-29,0.001706183
1989-07-30,0.00085821375
1989-07-31,0.7863045
1989-08-01,0.0024437904
1989-08-02,0.0
1989-08-03,0.00043516047
1989-08-04,0.000867527
1989-08-05,5.680084
1989-08-06,1.0089874
1989-08-07,12.451172
1989-08-08,0.27418137
1989-08-09,0.0004232861
1989-08-10,3.112793
1989-08-11,0.6623268
1989-08-12,1.2741089
1989-08-13,0.0012870878
1989-08-14,0.5931854
1989-08-15,0.7739067
1989-08-16,12.176514
1989-08-17,0.0
1989-08-18,0.0012852252
1989-08-19,0.3399849
1989-08-20,0.109791756
1989-08-21,0.001989305
1989-08-22,0.024572015
1989-08-23,0.0
1989-08-24,0.0
1989-08-25,0.0017164275
1989-08-26,0.0073313713
1989-08-27,1.8463135
1989-08-28,0.043332577
1989-08-29,0.0
1989-08-30,0.0
1989-08-31,1.0614395
1989-09-01,0.36263466
1989-09-02,0.00086426735
1989-09-03,0.00043516047
1989-09-04,0.0021345913
1989-09-05,0.00043050386
1989-09-06,0.0
1989-09-07,0.00085821375
1989-09-08,0.0040382147
1989-09-09,0.022292137
1989-09-10,5.98526
1989-09-11,2.6607513
1989-09-12,0.42676926
1989-09-13,2.1591187
1989-09-14,0.36931038
1989-09-15,0.0021588057
1989-09-16,0.37002563
1989-09-17,2.1152496
1989-09-18,2.861023
1989-09-19,4.360199
1989-09-20,0.00085216016
1989-09-21,0.0028535724
1989-09-22,4.0397644
1989-09-23,0.2913475
1989-09-24,0.0017164275
1989-09-25,0.0017285347
1989-09-26,0.0017099082
1989-09-27,0.0008554198
1989-09-28,0.005606562
1989-09-29,0.065267086
1989-09-30,0.001299195
1989-10-01,0.00042608008
1989-10-02,0.00044098124
1989-10-03,0.0
1989-10-04,0.0021457672
1989-10-05,0.0008614734
1989-10-06,0.015243888
1989-10-07,1.0528564
1989-10-08,1.294136
1989-10-09,0.04145503
1989-10-10,0.9293556
1989-10-11,0.0012759119
1989-10-12,0.00043516047
1989-10-13,0.00044004992
1989-10-14,0.0009126961
1989-10-15,0.0025704503
1989-10-16,0.0012805685
1989-10-17,0.00043516047
1989-10-18,1.3360977
1989-10-19,6.046295
1989-10-20,0.21064281
1989-10-21,0.001299195
1989-10-22,0.0012805685
1989-10-23,0.0004202593
1989-10-24,0.0021345913
1989-10-25,0.0
1989-10-26,0.00043516047
1989-10-27,0.078856945
1989-10-28,6.3819885
1989-10-29,0.27537346
1989-10-30,0.001293607
1989-10-31,0.0
1989-11-01,0.00085216016
1989-11-02,2.7008057
1989-11-03,8.216858
1989-11-04,18.615723
1989-11-05,7.5950623
1989-11-06,0.55360794
1989-11-07,0.07790327
1989-11-08,5.077362
1989-11-09,0.20623207
1989-11-10,0.0021439046
1989-11-11,0.0
1989-11-12,0.0
1989-11-13,0.0012908131
1989-11-14,0.001703389
1989-11-15,0.025510788
1989-11-16,0.71907043
1989-11-17,0.39482117
1989-11-18,0.38552284
1989-11-19,0.00085216016
1989-11-20,1.5001297
1989-11-21,1.9779205
1989-11-22,1.3303757
1989-11-23,0.0
1989-11-24,5.6495667
1989-11-25,0.005234033
1989-11-26,0.0012814999
1989-11-27,0.00085216016
1989-11-28,0.0
1989-11-29,1.3990402
1989-11-30,0.0021439046
1989-12-01,0.0
1989-12-02,0.00085821375
1989-12-03,0.00044098124
1989-12-04,0.0
1989-12-05,0.0
1989-12-06,0.00085216016
1989-12-07,0.0017173588
1989-12-08,0.21338463
1989-12-09,3.6735535
1989-12-10,0.117361546
1989-12-11,0.45776367
1989-12-12,1.613617
1989-12-13,7.549286
1989-12-14,1.2645721
1989-12-15,1.0414124
1989-12-16,2.243042
1989-12-17,0.5683899
1989-12-18,1.3418198
1989-12-19,0.19466877
1989-12-20,2.1438599
1989-12-21,12.413025
1989-12-22,6.450653
1989-12-23,0.05978346
1989-12-24,0.00043516047
1989-12-25,0.0
1989-12-26,0.0
1989-12-27,0.00085588545
1989-12-28,0.0017192215
1989-12-29,0.0017229468
1989-12-30,0.0
1989-12-31,0.00085821375
1990-01-01,0.5745888
1990-01-02,0.06979704
1990-01-03,0.00086426735
1990-01-04,0.0042282045
1990-01-05,0.0
1990-01-06,0.0008046627
1990-01-07,8.888245
1990-01-08,0.9803772
1990-01-09,1.3237
1990-01-10,0.0538826
1990-01-11,0.0055916607
1990-01-12,0.00044098124
1990-01-13,0.00043516047
1990-01-14,4.0512085
1990-01-15,0.330925
1990-01-16,0.0033248216
1990-01-17,4.6195984
1990-01-18,3.227234
1990-01-19,0.0012777746
1990-01-20,0.0
1990-01-21,0.00085216016
1990-01-22,0.00085216016
1990-01-23,0.6585121
1990-01-24,2.374649
1990-01-25,8.720398
1990-01-26,2.9735565
1990-01-27,2.0771027
1990-01-28,10.574341
1990-01-29,0.849247
1990-01-30,1.914978
1990-01-31,4.7569275
1990-02-01,0.59461594
1990-02-02,0.9584427
1990-02-03,0.2617836
1990-02-04,0.00043516047
1990-02-05,0.00085216016
1990-02-06,0.03644824
1990-02-07,0.0
1990-02-08,0.009730458
1990-02-09,0.00043516047
1990-02-10,5.2223206
1990-02-11,17.074585
1990-02-12,21.16394
1990-02-13,3.4065247
1990-02-14,1.0118484
1990-02-15,2.8190613
1990-02-16,0.3902912
1990-02-17,0.026211143
1990-02-18,0.5631447
1990-02-19,0.033050776
1990-02-20,0.0021401793
1990-02-21,0.45490265
1990-02-22,0.0012870878
1990-02-23,0.0012898818
1990-02-24,0.0
1990-02-25,0.07253885
1990-02-26,0.75531006
1990-02-27,1.3160706
1990-02-28,0.49066544
1990-03-01,2.9067993
1990-03-02,0.25987625
1990-03-03,0.0008456409
1990-03-04,0.0
1990-03-05,0.0017164275
1990-03-06,0.002156943
1990-03-07,0.0017192215
1990-03-08,0.19693375
1990-03-09,0.22506714
1990-03-10,0.0016093254
1990-03-11,0.03054738
1990-03-12,0.00086054206
1990-03-13,2.3765564
1990-03-14,1.4667511
1990-03-15,0.0030063093
1990-03-16,0.0
1990-03-17,0.002136454
1990-03-18,0.0
1990-03-19,0.00043516047
1990-03-20,0.0011920929
1990-03-21,0.0017285347
1990-03-22,0.39815903
1990-03-23,0.45633316
1990-03-24,0.0050254166
1990-03-25,0.9431839
1990-03-26,0.12612343
1990-03-27,0.23925304
1990-03-28,0.050991774
1990-03-29,0.33402443
1990-03-30,0.034987926
1990-03-31,0.0008614734
1990-04-01,0.00085216016
1990-04-02,0.09697676
1990-04-03,1.7852783
1990-04-04,0.0081807375
1990-04-05,1.1539459
1990-04-06,10.856628
1990-04-07,3.293991
1990-04-08,0.91362
1990-04-09,0.096559525
1990-04-10,0.00043516047
1990-04-11,0.7677078
1990-04-12,0.30565262
1990-04-13,6.1912537
1990-04-14,1.7557144
1990-04-15,5.6495667
1990-04-16,2.0008087
1990-04-17,7.827759
1990-04-18,3.8013458
1990-04-19,4.108429
1990-04-20,6.843567
1990-04-21,1.6937256
1990-04-22,2.2583008
1990-04-23,1.1730194
1990-04-24,3.3836365
1990-04-25,3.6449432
1990-04-26,0.28967857
1990-04-27,0.0035353005
1990-04-28,0.0021439046
1990-04-29,0.0008554198
1990-04-30,0.0009178184
1990-05-01,0.0008554198
1990-05-02,0.00085821375
1990-05-03,0.0030621886
1990-05-04,0.77962875
1990-05-05,0.0060610473
1990-05-06,0.027090311
1990-05-07,0.07915497
1990-05-08,0.03838539
1990-05-09,5.0964355
1990-05-10,0.015735626
1990-05-11,0.115036964
1990-05-12,0.49114227
1990-05-13,16.082764
1990-05-14,0.09179115
1990-05-15,3.4809113
1990-05-16,0.002572313
1990-05-17,7.6446533
1990-05-18,3.9787292
1990-05-19,1.1405945
1990-05-20,14.381409
1990-05-21,6.3667297
1990-05-22,10.368347
1990-05-23,4.7569275
1990-05-24,6.2713623
1990-05-25,0.0077039003
1990-05-26,0.0590384
1990-05-27,0.00085821375
1990-05-28,0.00042608008
1990-05-29,0.00010430813
1990-05-30,0.00085821375
1990-05-31,0.0
1990-06-01,0.9288788
1990-06-02,2.9888153
1990-06-03,0.0017490238
1990-06-04,4.9972534
1990-06-05,11.33728
1990-06-06,0.43225288
1990-06-07,0.9880066
1990-06-08,2.532959
1990-06-09,0.5207062
1990-06-10,0.00085216016
1990-06-11,0.0036749989
1990-06-12,5.252838
1990-06-13,0.11897087
1990-06-14,0.0008614734
1990-06-15,0.004287809
1990-06-16,0.0
1990-06-17,4.9438477
1990-06-18,0.3297329
1990-06-19,10.20813
1990-06-20,5.680084
1990-06-21,5.5007935
1990-06-22,1.1873245
1990-06-23,0.010281801
1990-06-24,0.07361174
1990-06-25,0.00085821375
1990-06-26,1.6269684
1990-06-27,0.15127659
1990-06-28,0.041246414
1990-06-29,38.42163
1990-06-30,26.687622
1990-07-01,0.16272068
1990-07-02,2.2792816
1990-07-03,0.3964901
1990-07-04,0.0008465722
1990-07-05,2.363205
1990-07-06,0.015705824
1990-07-07,0.00085216016
1990-07-08,0.0012777746
1990-07-09,0.10251999
1990-07-10,0.0008819625
1990-07-11,0.0021457672
1990-07-12,0.0017276034
1990-07-13,0.0012917444
1990-07-14,2.2354126
1990-07-15,0.2539158
1990-07-16,0.0038817525
1990-07-17,0.00044098124
1990-07-18,0.00044098124
1990-07-19,0.0017164275
1990-07-20,0.0
1990-07-21,0.0
1990-07-22,0.0
1990-07-23,0.18155575
1990-07-24,0.26607513
1990-07-25,0.0
1990-07-26,0.016108155
1990-07-27,0.3976822
1990-07-28,7.6179504
1990-07-29,2.9802322e-05
1990-07-30,0.0
1990-07-31,0.0012712553
1990-08-01,0.00085821375
1990-08-02,0.0
1990-08-03,0.0008549541
1990-08-04,0.001007691
1990-08-05,0.0012852252
1990-08-06,0.005353242
1990-08-07,0.00085216016
1990-08-08,0.00043516047
1990-08-09,0.0021532178
1990-08-10,0.0
1990-08-11,0.040233135
1990-08-12,1.9168854
1990-08-13,12.718201
1990-08-14,0.2117157
1990-08-15,0.0115484
1990-08-16,1.2636185
1990-08-17,0.19431114
1990-08-18,0.0017043203
1990-08-19,0.0034142286
1990-08-20,0.0
1990-08-21,0.00085821375
1990-08-22,0.0
1990-08-23,0.00085821375
1990-08-24,1.5478134
1990-08-25,0.29611588
1990-08-26,0.849247
1990-08-27,0.31542778
1990-08-28,0.0021718442
1990-08-29,9.056091
1990-08-30,14.793396
1990-08-31,0.2655983
1990-09-01,0.22947788
1990-09-02,0.00044098124
1990-09-03,0.0025890768
1990-09-04,0.031024218
1990-09-05,0.0021494925
1990-09-06,0.03671646
1990-09-07,0.07075071
1990-09-08,0.00043516047
1990-09-09,0.001293607
1990-09-10,0.00044098124
1990-09-11,0.00086193904
1990-09-12,0.0
1990-09-13,5.4855347
1990-09-14,3.004074
1990-09-15,1.4772415
1990-09-16,0.13518333
1990-09-17,0.0025425106
1990-09-18,0.0016922131
1990-09-19,0.00043516047
1990-09-20,0.5054474
1990-09-21,0.9031296
1990-09-22,3.2520294
1990-09-23,7.7209473
1990-09-24,0.014364719
1990-09-25,0.00053923577
1990-09-26,0.001585111
1990-09-27,0.00043516047
1990-09-28,0.0017043203
1990-09-29,0.6799698
1990-09-30,2.8858185
1990-10-01,0.13327599
1990-10-02,0.00085216016
1990-10-03,3.4217834
1990-10-04,0.044971704
1990-10-05,0.0017154962
1990-10-06,0.0017164275
1990-10-07,5.3100586
1990-10-08,0.0017127022
1990-10-09,0.0017434359
1990-10-10,0.0017285347
1990-10-11,0.0034291297
1990-10-12,0.047802925
1990-10-13,0.00085216016
1990-10-14,0.0012814999
1990-10-15,8.506775
1990-10-16,0.79345703
1990-10-17,2.494812
1990-10-18,0.00975281
1990-10-19,3.1414032
1990-10-20,0.19729137
1990-10-21,0.002142042
1990-10-22,45.288086
1990-10-23,0.13566017
1990-10-24,4.673004
1990-10-25,0.15854836
1990-10-26,7.0228577
1990-10-27,5.279541
1990-10-28,40.496826
1990-10-29,14.549255
1990-10-30,10.147095
1990-10-31,6.8893433
1990-11-01,4.9934387
1990-11-02,7.4920654
1990-11-03,2.4471283
1990-11-04,0.041037798
1990-11-05,0.00043516047
1990-11-06,0.0025629997
1990-11-07,0.00085681677
1990-11-08,3.4942627
1990-11-09,1.6031265
1990-11-10,3.627777
1990-11-11,0.021860003
1990-11-12,0.0017164275
1990-11-13,0.02501905
1990-11-14,2.4280548
1990-11-15,0.7510185
1990-11-16,0.91457367
1990-11-17,0.78725815
1990-11-18,2.2087097
1990-11-19,0.7252693
1990-11-20,9.155273
1990-11-21,3.5514832
1990-11-22,0.0058598816
1990-11-23,4.573822
1990-11-24,21.865845
1990-11-25,1.0671616
1990-11-26,0.5364418
1990-11-27,1.203537
1990-11-28,0.015094876
1990-11-29,0.0539124
1990-11-30,0.16307831
1990-12-01,0.020071864
1990-12-02,0.0042915344
1990-12-03,0.0017108396
1990-12-04,0.0026896596
1990-12-05,0.0012814999
1990-12-06,0.0017164275
1990-12-07,0.021904707
1990-12-08,5.92041
1990-12-09,3.3092499
1990-12-10,3.5381317
1990-12-11,3.1261444
1990-12-12,5.9890747
1990-12-13,0.011101365
1990-12-14,0.006005168
1990-12-15,0.0012759119
1990-12-16,0.0056251884
1990-12-17,0.0048317015
1990-12-18,0.047951937
1990-12-19,0.104784966
1990-12-20,0.002199784
1990-12-21,0.0012870878
1990-12-22,0.0
1990-12-23,0.0
1990-12-24,1.1434555
1990-12-25,6.3591003
1990-12-26,5.3253174
1990-12-27,0.9775162
1990-12-28,2.8839111
1990-12-29,1.086235
1990-12-30,0.058680773
1990-12-31,4.1770935
1991-01-01,0.24485588
1991-01-02,0.01566112
1991-01-03,0.0016605482
1991-01-04,4.1542053
1991-01-05,0.37169456
1991-01-06,6.4697266
1991-01-07,2.8495789
1991-01-08,0.0008819625
1991-01-09,1.6937256
1991-01-10,0.079870224
1991-01-11,3.5247803
1991-01-12,5.329132
1991-01-13,0.7081032
1991-01-14,0.10681152
1991-01-15,0.69856644
1991-01-16,0.036537647
1991-01-17,2.6741028
1991-01-18,0.06753206
1991-01-19,3.671646
1991-01-20,0.050991774
1991-01-21,0.34689903
1991-01-22,1.156807
1991-01-23,0.002566725
1991-01-24,0.0015404075
1991-01-25,0.00043516047
1991-01-26,0.0048317015
1991-01-27,0.0017164275
1991-01-28,0.0011920929
1991-01-29,0.00042608008
1991-01-30,0.007927418
1991-01-31,0.14972687
1991-02-01,0.003516674
1991-02-02,0.06479025
1991-02-03,0.03415346
1991-02-04,0.42414665
1991-02-05,0.003002584
1991-02-06,0.00085821375
1991-02-07,8.506775
1991-02-08,1.8291473
1991-02-09,17.318726
1991-02-10,2.5501251
1991-02-11,1.7032623
1991-02-12,0.0025629997
1991-02-13,3.8642883
1991-02-14,0.00043516047
1991-02-15,2.0484924
1991-02-16,2.2220612
1991-02-17,2.7542114
1991-02-18,0.033468008
1991-02-19,0.0017229468
1991-02-20,0.00042608008
1991-02-21,1.4371872
1991-02-22,0.06854534
1991-02-23,0.00043516047
1991-02-24,0.0
1991-02-25,0.0
1991-02-26,5.9604645e-05
1991-02-27,1.6841888
1991-02-28,1.6031265
1991-03-01,0.47779083
1991-03-02,0.29420853
1991-03-03,0.0017071143
1991-03-04,0.011593103
1991-03-05,1.37043
1991-03-06,4.573822
1991-03-07,4.97818
1991-03-08,0.2529621
1991-03-09,0.28300285
1991-03-10,0.4720688
1991-03-11,0.014342368
1991-03-12,0.00043516047
1991-03-13,0.031113625
1991-03-14,0.14328957
1991-03-15,0.12898445
1991-03-16,6.6833496
1991-03-17,2.872467
1991-03-18,0.20051003
1991-03-19,1.6851425
1991-03-20,0.031918287
1991-03-21,1.2054443
1991-03-22,0.5788803
1991-03-23,4.8828125
1991-03-24,13.458252
1991-03-25,0.43678284
1991-03-26,0.102341175
1991-03-27,0.46539307
1991-03-28,0.0017136335
1991-03-29,0.00085216016
1991-03-30,0.0
1991-03-31,0.00085216016
1991-04-01,0.00040535815
1991-04-02,0.0017285347
1991-04-03,4.180908
1991-04-04,6.214142
1991-04-05,4.447937
1991-04-06,0.0043064356
1991-04-07,0.14710426
1991-04-08,0.028133392
1991-04-09,0.0
1991-04-10,0.0
1991-04-11,0.00085216016
1991-04-12,4.333496
1991-04-13,5.5122375
1991-04-14,0.005643815
1991-04-15,0.17344952
1991-04-16,0.49686432
1991-04-17,0.0
1991-04-18,0.016897917
1991-04-19,6.793976
1991-04-20,1.0480881
1991-04-21,0.00043516047
1991-04-22,0.12409687
1991-04-23,0.054746866
1991-04-24,0.56123734
1991-04-25,9.757996
1991-04-26,0.72431564
1991-04-27,3.6506653
1991-04-28,1.9207001
1991-04-29,0.0008489005
1991-04-30,4.0740967
1991-05-01,14.213562
1991-05-02,2.0275116
1991-05-03,0.300169
1991-05-04,2.073288
1991-05-05,2.8839111
1991-05-06,6.881714
1991-05-07,3.1147003
1991-05-08,7.331848
1991-05-09,4.173279
1991-05-10,2.1476746
1991-05-11,0.37503242
1991-05-12,2.6245117
1991-05-13,0.006996095
1991-05-14,0.57172775
1991-05-15,0.313282
1991-05-16,0.30350685
1991-05-17,0.9021759
1991-05-18,0.116586685
1991-05-19,0.013262033
1991-05-20,0.092983246
1991-05-21,0.00042608008
1991-05-22,0.00043516047
1991-05-23,0.0
1991-05-24,0.0017099082
1991-05-25,0.0021513551
1991-05-26,0.0030044466
1991-05-27,0.00085216016
1991-05-28,0.0034570694
1991-05-29,1.0404587
1991-05-30,1.3914108
1991-05-31,1.7309189
1991-06-01,6.713867
1991-06-02,1.7814636
1991-06-03,0.207901
1991-06-04,0.0783205
1991-06-05,3.2157898
1991-06-06,1.4400482
1991-06-07,6.828308
1991-06-08,0.7367134
1991-06-09,0.6017685
1991-06-10,0.13267994
1991-06-11,0.0026226044
1991-06-12,0.00782311
1991-06-13,0.23686886
1991-06-14,0.0
1991-06-15,0.0017685816
1991-06-16,1.6641617
1991-06-17,2.0942688
1991-06-18,2.7160645
1991-06-19,2.1820068
1991-06-20,6.8511963
1991-06-21,0.79107285
1991-06-22,4.4441223
1991-06-23,0.10472536
1991-06-24,0.0
1991-06-25,0.0
1991-06-26,1.2540817
1991-06-27,0.17559528
1991-06-28,0.9160042
1991-06-29,0.026866794
1991-06-30,0.00043516047
1991-07-01,0.4131794
1991-07-02,8.651733
1991-07-03,2.42424
1991-07-04,0.0017071143
1991-07-05,7.6065063
1991-07-06,0.037789345
1991-07-07,0.00085821375
1991-07-08,0.02373755
1991-07-09,0.029027462
1991-07-10,0.00085821375
1991-07-11,0.0005066395
1991-07-12,0.5311966
1991-07-13,0.00085216016
1991-07-14,0.34189224
1991-07-15,0.03093481
1991-07-16,0.0
1991-07-17,0.014267862
1991-07-18,0.0012814999
1991-07-19,0.0
1991-07-20,0.04670024
1991-07-21,0.0
1991-07-22,0.0016149133
1991-07-23,4.840851
1991-07-24,0.20766258
1991-07-25,0.43272972
1991-07-26,0.66137314
1991-07-27,0.0
1991-07-28,0.0008651987
1991-07-29,0.24557114
1991-07-30,13.534546
1991-07-31,5.996704
1991-08-01,8.2092285
1991-08-02,0.044435263
1991-08-03,0.00086287037
1991-08-04,0.0
1991-08-05,0.0017127022
1991-08-06,0.0016922131
1991-08-07,3.9367676
1991-08-08,2.614975
1991-08-09,0.17285347
1991-08-10,0.0025834888
1991-08-11,0.0008591451
1991-08-12,0.2322197
1991-08-13,0.0
1991-08-14,0.00085216016
1991-08-15,0.028267503
1991-08-16,0.0
1991-08-17,0.006020069
1991-08-18,0.00085821375
1991-08-19,0.0
1991-08-20,0.0017089769
1991-08-21,0.00042608008
1991-08-22,0.0012759119
1991-08-23,0.00085216016
1991-08-24,0.0020302832
1991-08-25,0.0014249235
1991-08-26,0.00020861626
1991-08-27,0.0013289973
1991-08-28,5.9604645e-05
1991-08-29,0.07009506
1991-08-30,0.07331371
1991-08-31,19.363403
1991-09-01,1.704216
1991-09-02,0.5259514
1991-09-03,0.0024233013
1991-09-04,0.068962574
1991-09-05,0.9446144
1991-09-06,0.25963783
1991-09-07,0.00042608008
1991-09-08,0.0
1991-09-09,0.0
1991-09-10,0.9775162
1991-09-11,17.791748
1991-09-12,6.755829
1991-09-13,0.16379356
1991-09-14,0.0
1991-09-15,0.0
1991-09-16,0.0021401793
1991-09-17,0.0020451844
1991-09-18,0.00040233135
1991-09-19,0.00043516047
1991-09-20,0.0
1991-09-21,0.24092197
1991-09-22,0.64086914
1991-09-23,0.15377998
1991-09-24,0.0074096024
1991-09-25,21.835327
1991-09-26,8.2092285
1991-09-27,5.077362
1991-09-28,5.9165955
1991-09-29,1.1739731
1991-09-30,0.15437603
1991-10-01,1.2073517
1991-10-02,0.10180473
1991-10-03,0.001729466
1991-10-04,0.0
1991-10-05,0.0666976
1991-10-06,0.0043809414
1991-10-07,0.0012954697
1991-10-08,4.096985
1991-10-09,0.26011467
1991-10-10,3.6087036
1991-10-11,16.174316
1991-10-12,0.11461973
1991-10-13,0.13124943
1991-10-14,0.22637844
1991-10-15,3.3016205
1991-10-16,0.5636215
1991-10-17,3.5552979
1991-10-18,1.5449524
1991-10-19,0.5297661
1991-10-20,0.34880638
1991-10-21,0.3285408
1991-10-22,0.00085821375
1991-10-23,0.0
1991-10-24,0.00085216016
1991-10-25,0.0
1991-10-26,6.6375732
1991-10-27,4.7416687
1991-10-28,2.0313263
1991-10-29,0.0010281801
1991-10-30,3.8471222
1991-10-31,0.00085821375
1991-11-01,0.0
1991-11-02,4.1656494
1991-11-03,8.926392
1991-11-04,6.187439
1991-11-05,0.76818466
1991-11-06,0.0012852252
1991-11-07,0.0628829
1991-11-08,0.18274784
1991-11-09,2.4032593
1991-11-10,0.0017099082
1991-11-11,0.95176697
1991-11-12,0.22935867
1991-11-13,20.355225
1991-11-14,17.227173
1991-11-15,13.412476
1991-11-16,4.638672
1991-11-17,4.711151
1991-11-18,6.580353
1991-11-19,3.2405853
1991-11-20,2.943039
1991-11-21,1.127243
1991-11-22,0.0008591451
1991-11-23,0.00070314854
1991-11-24,0.0021755695
1991-11-25,0.0025704503
1991-11-26,0.00043865293
1991-11-27,0.003008172
1991-11-28,0.0
1991-11-29,0.005144626
1991-11-30,3.6621094
1991-12-01,1.039505
1991-12-02,0.00085216016
1991-12-03,0.0
1991-12-04,0.0
1991-12-05,0.0012908131
1991-12-06,0.00043516047
1991-12-07,0.0021494925
1991-12-08,0.0012787059
1991-12-09,0.00043516047
1991-12-10,0.008612871
1991-12-11,0.002991408
1991-12-12,0.0021439046
1991-12-13,0.00043516047
1991-12-14,0.00085216016
1991-12-15,0.13399124
1991-12-16,0.00085216016
1991-12-17,0.0081807375
1991-12-18,1.332283
1991-12-19,2.8018951
1991-12-20,4.6806335
1991-12-21,0.9036064
1991-12-22,0.60653687
1991-12-23,0.36096573
1991-12-24,1.0089874
1991-12-25,0.0004232861
1991-12-26,0.00085216016
1991-12-27,1.1320114
1991-12-28,0.0012842938
1991-12-29,0.0012842938
1991-12-30,0.0017220154
1991-12-31,0.15318394
1992-01-01,0.25439262
1992-01-02,0.00085821375
1992-01-03,0.0046640635
1992-01-04,0.00032782555
1992-01-05,0.0017108396
1992-01-06,0.0021588057
1992-01-07,0.0
1992-01-08,0.004235655
1992-01-09,6.214142
1992-01-10,3.3798218
1992-01-11,0.83494186
1992-01-12,0.2617836
1992-01-13,0.0
1992-01-14,0.002577901
1992-01-15,0.01758337
1992-01-16,0.19729137
1992-01-17,0.005066395
1992-01-18,0.0012814999
1992-01-19,0.010885298
1992-01-20,1.7051697
1992-01-21,0.035315752
1992-01-22,0.68855286
1992-01-23,2.2888184
1992-01-24,2.532959
1992-01-25,0.0025816262
1992-01-26,0.0055134296
1992-01-27,0.0021457672
1992-01-28,0.0
1992-01-29,0.0025834888
1992-01-30,0.0017229468
1992-01-31,0.0012814999
1992-02-01,0.049978495
1992-02-02,0.04386902
1992-02-03,0.28920174
1992-02-04,0.18465519
1992-02-05,0.09393692
1992-02-06,0.098884106
1992-02-07,0.0018309802
1992-02-08,0.00086613
1992-02-09,0.73957443
1992-02-10,0.3349781
1992-02-11,1.8987656
1992-02-12,4.66156
1992-02-13,3.1814575
1992-02-14,0.06186962
1992-02-15,0.06580353
1992-02-16,0.45871735
1992-02-17,8.940697e-05
1992-02-18,0.0012908131
1992-02-19,0.00085216016
1992-02-20,0.00085821375
1992-02-21,0.0012945384
1992-02-22,0.0012870878
1992-02-23,0.00085216016
1992-02-24,0.019684434
1992-02-25,0.12052059
1992-02-26,0.08273125
1992-02-27,0.00085216016
1992-02-28,0.0034365803
1992-02-29,0.0034496188
1992-03-01,0.0016996637
1992-03-02,0.002462417
1992-03-03,0.0
1992-03-04,0.0012917444
1992-03-05,0.03325939
1992-03-06,0.24342537
1992-03-07,0.005297363
1992-03-08,0.57554245
1992-03-09,0.0012619421
1992-03-10,0.010468066
1992-03-11,0.06532669
1992-03-12,0.042438507
1992-03-13,0.68950653
1992-03-14,1.0881424
1992-03-15,0.8916855
1992-03-16,0.5340576
1992-03-17,0.00042608008
1992-03-18,0.017389655
1992-03-19,0.046253204
1992-03-20,0.053793192
1992-03-21,0.20360947
1992-03-22,0.2770424
1992-03-23,7.9727173
1992-03-24,3.7155151
1992-03-25,0.688076
1992-03-26,8.110046
1992-03-27,1.1968613
1992-03-28,0.03504753
1992-03-29,1.1434555
1992-03-30,8.079529
1992-03-31,3.1585693
1992-04-01,2.708435
1992-04-02,5.455017
1992-04-03,8.491516
1992-04-04,3.5266876
1992-04-05,0.014796853
1992-04-06,0.64229965
1992-04-07,8.460999
1992-04-08,1.8978119
1992-04-09,0.0017220154
1992-04-10,0.00043516047
1992-04-11,0.0017331913
1992-04-12,0.04926324
1992-04-13,0.015988946
1992-04-14,3.0326843
1992-04-15,10.498047
1992-04-16,0.38433075
1992-04-17,0.83732605
1992-04-18,0.6785393
1992-04-19,0.47445297
1992-04-20,0.0
1992-04-21,0.0069215894
1992-04-22,0.120043755
1992-04-23,0.0029988587
1992-04-24,0.010557473
1992-04-25,0.0008651987
1992-04-26,0.044941902
1992-04-27,0.72336197
1992-04-28,3.2348633
1992-04-29,0.9665489
1992-04-30,0.20503998
1992-05-01,2.0046234
1992-05-02,1.4791489
1992-05-03,0.027105212
1992-05-04,0.00085216016
1992-05-05,0.040352345
1992-05-06,0.0017192215
1992-05-07,0.00085216016
1992-05-08,0.001726672
1992-05-09,0.40864944
1992-05-10,0.23162365
1992-05-11,0.13315678
1992-05-12,0.00085821375
1992-05-13,0.0017229468
1992-05-14,0.0
1992-05-15,0.0017164275
1992-05-16,0.001729466
1992-05-17,0.0021513551
1992-05-18,0.0012014061
1992-05-19,0.0012842938
1992-05-20,4.6424866
1992-05-21,0.5578995
1992-05-22,0.010207295
1992-05-23,11.924744
1992-05-24,2.7866364
1992-05-25,0.002734363
1992-05-26,0.0012814999
1992-05-27,7.160187
1992-05-28,8.232117
1992-05-29,8.636475
1992-05-30,6.1187744
1992-05-31,9.178162
1992-06-01,1.0204315
1992-06-02,7.5035095
1992-06-03,8.239746
1992-06-04,11.993408
1992-06-05,27.60315
1992-06-06,3.9291382
1992-06-07,0.65279007
1992-06-08,3.9634705
1992-06-09,6.580353
1992-06-10,18.508911
1992-06-11,2.8972626
1992-06-12,4.4898987
1992-06-13,0.76007843
1992-06-14,0.0
1992-06-15,0.0016633421
1992-06-16,0.4003048
1992-06-17,0.60224533
1992-06-18,0.00085216016
1992-06-19,0.0040717423
1992-06-20,0.44870377
1992-06-21,6.0043335
1992-06-22,1.6956329
1992-06-23,4.3640137
1992-06-24,1.4677048
1992-06-25,0.07599592
1992-06-26,0.08571148
1992-06-27,0.11968613
1992-06-28,0.0
1992-06-29,4.4059753
1992-06-30,23.1781
1992-07-01,11.619568
1992-07-02,0.25749207
1992-07-03,0.228405
1992-07-04,9.208679
1992-07-05,9.170532
1992-07-06,3.5381317
1992-07-07,0.29683113
1992-07-08,0.2939701
1992-07-09,0.23281574
1992-07-10,0.80919266
1992-07-11,0.518322
1992-07-12,2.23732
1992-07-13,0.066936016
1992-07-14,0.002142042
1992-07-15,0.0
1992-07-16,0.0042952597
1992-07-17,0.10085106
1992-07-18,0.0
1992-07-19,0.0
1992-07-20,2.9964447
1992-07-21,3.2539368
1992-07-22,0.00085216016
1992-07-23,0.0012870878
1992-07-24,1.2969971
1992-07-25,0.00043516047
1992-07-26,0.0
1992-07-27,0.00084284693
1992-07-28,0.0008805655
1992-07-29,0.0012163073
1992-07-30,0.031471252
1992-07-31,0.4014969
1992-08-01,0.0102594495
1992-08-02,0.0056028366
1992-08-03,0.092983246
1992-08-04,0.00085216016
1992-08-05,0.0012759119
1992-08-06,0.0025741756
1992-08-07,0.00085821375
1992-08-08,31.860352
1992-08-09,35.827637
1992-08-10,1.3790131
1992-08-11,0.095546246
1992-08-12,0.025734305
1992-08-13,0.032007694
1992-08-14,0.15544891
1992-08-15,0.84400177
1992-08-16,0.03683567
1992-08-17,0.00042608008
1992-08-18,0.0025182962
1992-08-19,0.4105568
1992-08-20,10.871887
1992-08-21,0.02476573
1992-08-22,2.4642944
1992-08-23,0.35715103
1992-08-24,0.00086426735
1992-08-25,0.0017099082
1992-08-26,0.112593174
1992-08-27,0.0
1992-08-28,11.360168
1992-08-29,2.8705597
1992-08-30,16.51001
1992-08-31,30.700684
1992-09-01,0.23829937
1992-09-02,0.0016633421
1992-09-03,0.91552734
1992-09-04,0.61416626
1992-09-05,0.00085821375
1992-09-06,0.00043516047
1992-09-07,0.8087158
1992-09-08,3.1280518
1992-09-09,0.0010905787
1992-09-10,0.001293607
1992-09-11,0.09328127
1992-09-12,0.00085216016
1992-09-13,0.57697296
1992-09-14,0.0
1992-09-15,0.00085216016
1992-09-16,0.0012759119
1992-09-17,3.6888123
1992-09-18,0.007912517
1992-09-19,0.0069476664
1992-09-20,0.46634674
1992-09-21,20.187378
1992-09-22,5.2223206
1992-09-23,0.49638748
1992-09-24,0.0
1992-09-25,0.00043516047
1992-09-26,2.5177002
1992-09-27,14.160156
1992-09-28,30.090332
1992-09-29,2.1457672
1992-09-30,0.20468235
1992-10-01,0.113904476
1992-10-02,2.2468567
1992-10-03,4.2381287
1992-10-04,0.9174347
1992-10-05,6.7253113
1992-10-06,1.1501312
1992-10-07,0.33140182
1992-10-08,0.35476685
1992-10-09,13.191223
1992-10-10,2.5196075
1992-10-11,0.28538704
1992-10-12,0.010415912
1992-10-13,0.15938282
1992-10-14,0.04118681
1992-10-15,0.3578663
1992-10-16,2.1915436
1992-10-17,0.050395727
1992-10-18,0.025615096
1992-10-19,0.113248825
1992-10-20,1.3341904
1992-10-21,3.479004
1992-10-22,10.925293
1992-10-23,2.286911
1992-10-24,3.9291382
1992-10-25,8.277893
1992-10-26,6.6986084
1992-10-27,1.7280579
1992-10-28,11.46698
1992-10-29,2.527237
1992-10-30,13.565063
1992-10-31,0.06210804
1992-11-01,0.48065186
1992-11-02,1.3475418
1992-11-03,0.910759
1992-11-04,0.6480217
1992-11-05,0.04643202
1992-11-06,0.0
1992-11-07,0.18596649
1992-11-08,0.33855438
1992-11-09,0.04774332
1992-11-10,1.4076233
1992-11-11,1.6775131
1992-11-12,0.7276535
1992-11-13,17.730713
1992-11-14,2.83432
1992-11-15,12.680054
1992-11-16,6.6108704
1992-11-17,6.668091
1992-11-18,1.9817352
1992-11-19,5.8021545
1992-11-20,1.2283325
1992-11-21,0.23114681
1992-11-22,0.044316053
1992-11-23,0.0030007213
1992-11-24,0.0004232861
1992-11-25,0.22029877
1992-11-26,0.3247261
1992-11-27,0.0038556755
1992-11-28,0.0025629997
1992-11-29,0.0
1992-11-30,0.062465668
1992-12-01,3.3664703
1992-12-02,4.5166016
1992-12-03,7.7171326
1992-12-04,15.655518
1992-12-05,2.5482178
1992-12-06,9.117126
1992-12-07,7.663727
1992-12-08,1.0461807
1992-12-09,0.02130866
1992-12-10,0.009462237
1992-12-11,0.018194318
1992-12-12,1.1701584
1992-12-13,0.14448166
1992-12-14,0.00043516047
1992-12-15,0.021159649
1992-12-16,1.2369156
1992-12-17,0.108897686
1992-12-18,0.0021401793
1992-12-19,0.0
1992-12-20,0.0017220154
1992-12-21,0.0029988587
1992-12-22,0.41890144
1992-12-23,0.019282103
1992-12-24,3.0727386
1992-12-25,0.002566725
1992-12-26,0.0012870878
1992-12-27,0.007838011
1992-12-28,0.2501011
1992-12-29,0.015839934
1992-12-30,0.00043516047
1992-12-31,0.035256147
1993-01-01,0.07033348
1993-01-02,0.0145584345
1993-01-03,0.00059604645
1993-01-04,0.0008591451
1993-01-05,0.0017164275
1993-01-06,0.0012805685
1993-01-07,0.0012712553
1993-01-08,0.06848574
1993-01-09,0.013738871
1993-01-10,0.0017043203
1993-01-11,0.66137314
1993-01-12,0.27632713
1993-01-13,0.00043516047
1993-01-14,0.03916025
1993-01-15,0.00043516047
1993-01-16,0.0
1993-01-17,0.0025741756
1993-01-18,0.0034216791
1993-01-19,0.051677227
1993-01-20,0.001273118
1993-01-21,0.0
1993-01-22,0.0
1993-01-23,0.20134449
1993-01-24,0.062465668
1993-01-25,1.203537
1993-01-26,0.0017164275
1993-01-27,0.12779236
1993-01-28,0.18370152
1993-01-29,0.0017192215
1993-01-30,0.00085216016
1993-01-31,0.012427568
1993-02-01,0.0
1993-02-02,0.00085821375
1993-02-03,0.0017192215
1993-02-04,0.00043516047
1993-02-05,0.044882298
1993-02-06,0.001293607
1993-02-07,0.002125278
1993-02-08,0.61798096
1993-02-09,1.21212
1993-02-10,0.00085821375
1993-02-11,0.0012759119
1993-02-12,0.00085216016
1993-02-13,0.0
1993-02-14,0.0008554198
1993-02-15,0.0
1993-02-16,0.0017164275
1993-02-17,0.028789043
1993-02-18,0.0059865415
1993-02-19,0.030443072
1993-02-20,0.0025629997
1993-02-21,0.40721893
1993-02-22,0.00043516047
1993-02-23,0.0013951212
1993-02-24,0.0008395873
1993-02-25,0.00085216016
1993-02-26,2.2716522
1993-02-27,1.865387
1993-02-28,0.32758713
1993-03-01,0.8459091
1993-03-02,0.28824806
1993-03-03,0.10550022
1993-03-04,0.0013466924
1993-03-05,0.0012908131
1993-03-06,0.0008614734
1993-03-07,0.00085821375
1993-03-08,0.00086426735
1993-03-09,0.5912781
1993-03-10,0.0012814999
1993-03-11,0.0017192215
1993-03-12,0.00097136945
1993-03-13,0.0017108396
1993-03-14,0.02835691
1993-03-15,0.029429793
1993-03-16,0.00043516047
1993-03-17,0.0
1993-03-18,0.0
1993-03-19,0.00085216016
1993-03-20,0.09536743
1993-03-21,4.6920776
1993-03-22,2.0503998
1993-03-23,5.0697327
1993-03-24,0.7133484
1993-03-25,0.0020824373
1993-03-26,0.00042608008
1993-03-27,0.0012796372
1993-03-28,0.00042608008
1993-03-29,0.010892749
1993-03-30,0.00043516047
1993-03-31,0.6070137
1993-04-01,5.8288574
1993-04-02,1.4505386
1993-04-03,5.706787
1993-04-04,2.1820068
1993-04-05,2.4909973
1993-04-06,6.652832
1993-04-07,0.47159195
1993-04-08,0.003002584
1993-04-09,0.26535988
1993-04-10,0.9727478
1993-04-11,4.1275024
1993-04-12,4.928589
1993-04-13,3.2138824
1993-04-14,6.6337585
1993-04-15,0.43916702
1993-04-16,0.0086426735
1993-04-17,0.0
1993-04-18,0.0017164275
1993-04-19,0.00043516047
1993-04-20,1.7175674
1993-04-21,2.1133423
1993-04-22,4.1923523
1993-04-23,23.1781
1993-04-24,5.947113
1993-04-25,12.275696
1993-04-26,3.1337738
1993-04-27,8.583069
1993-04-28,9.9105835
1993-04-29,0.21755695
1993-04-30,1.127243
1993-05-01,1.0175705
1993-05-02,1.8987656
1993-05-03,0.24235249
1993-05-04,0.012382865
1993-05-05,1.3303757
1993-05-06,0.01834333
1993-05-07,0.0
1993-05-08,0.23508072
1993-05-09,0.058293343
1993-05-10,7.873535
1993-05-11,2.4662018
1993-05-12,5.996704
1993-05-13,0.08863211
1993-05-14,0.3681183
1993-05-15,0.04079938
1993-05-16,0.012606382
1993-05-17,0.65755844
1993-05-18,14.503479
1993-05-19,4.5928955
1993-05-20,3.835678
1993-05-21,0.13101101
1993-05-22,0.92601776
1993-05-23,0.18596649
1993-05-24,0.25081635
1993-05-25,0.048160553
1993-05-26,16.693115
1993-05-27,3.5552979
1993-05-28,0.93364716
1993-05-29,0.38027763
1993-05-30,2.3155212
1993-05-31,0.0743866
1993-06-01,2.6283264
1993-06-02,0.37264824
1993-06-03,0.038594007
1993-06-04,0.002875924
1993-06-05,0.0
1993-06-06,0.0054761767
1993-06-07,0.5669594
1993-06-08,2.6359558
1993-06-09,10.360718
1993-06-10,18.432617
1993-06-11,2.9468536
1993-06-12,2.3021698
1993-06-13,0.9288788
1993-06-14,1.5916824
1993-06-15,1.2178421
1993-06-16,0.015735626
1993-06-17,0.018000603
1993-06-18,0.0012945384
1993-06-19,0.035881996
1993-06-20,10.33783
1993-06-21,9.963989
1993-06-22,5.4779053
1993-06-23,3.3454895
1993-06-24,0.035881996
1993-06-25,0.0025499612
1993-06-26,0.0
1993-06-27,0.0
1993-06-28,3.0536652
1993-06-29,8.178711
1993-06-30,3.5247803
1993-07-01,0.7953644
1993-07-02,6.7825317
1993-07-03,0.29110909
1993-07-04,0.0012749806
1993-07-05,11.207581
1993-07-06,0.0008614734
1993-07-07,0.0
1993-07-08,0.0021383166
1993-07-09,11.154175
1993-07-10,6.160736
1993-07-11,8.19397
1993-07-12,0.22602081
1993-07-13,0.0012842938
1993-07-14,0.00085821375
1993-07-15,0.0
1993-07-16,0.83971024
1993-07-17,0.45466423
1993-07-18,0.018492341
1993-07-19,1.2674332
1993-07-20,2.5291443
1993-07-21,0.7138252
1993-07-22,0.30636787
1993-07-23,0.7724762
1993-07-24,0.685215
1993-07-25,0.07146597
1993-07-26,0.0012814999
1993-07-27,0.0008614734
1993-07-28,0.0
1993-07-29,5.2223206
1993-07-30,17.822266
1993-07-31,0.2951622
1993-08-01,0.02668798
1993-08-02,0.00013411045
1993-08-03,0.0
1993-08-04,0.6766319
1993-08-05,1.6021729
1993-08-06,0.00085821375
1993-08-07,0.05301833
1993-08-08,0.00042608008
1993-08-09,0.019744039
1993-08-10,1.4667511
1993-08-11,0.55933
1993-08-12,0.0
1993-08-13,0.0
1993-08-14,14.312744
1993-08-15,0.2939701
1993-08-16,0.0
1993-08-17,0.001726672
1993-08-18,0.0
1993-08-19,0.0012870878
1993-08-20,0.0
1993-08-21,0.0
1993-08-22,0.06365776
1993-08-23,2.0389557
1993-08-24,9.613037
1993-08-25,0.019907951
1993-08-26,15.220642
1993-08-27,1.7871857
1993-08-28,0.007148832
1993-08-29,0.0008554198
1993-08-30,0.0
1993-08-31,0.0017108396
1993-09-01,0.00042608008
1993-09-02,0.00085216016
1993-09-03,0.00042608008
1993-09-04,0.0008745119
1993-09-05,0.0025741756
1993-09-06,0.32567978
1993-09-07,3.9978027
1993-09-08,0.011660159
1993-09-09,1.2617111
1993-09-10,2.204895
1993-09-11,9.597778
1993-09-12,5.6991577
1993-09-13,12.237549
1993-09-14,9.101868
1993-09-15,0.6313324
1993-09-16,0.61655045
1993-09-17,3.0956268
1993-09-18,0.35476685
1993-09-19,0.008694828
1993-09-20,3.0574799
1993-09-21,20.843506
1993-09-22,21.636963
1993-09-23,0.36120415
1993-09-24,7.1411133
1993-09-25,2.6741028
1993-09-26,4.2495728
1993-09-27,4.5928955
1993-09-28,0.40125847
1993-09-29,2.696991
1993-09-30,0.58603287
1993-10-01,8.377075
1993-10-02,6.008148
1993-10-03,2.3021698
1993-10-04,0.16379356
1993-10-05,10.818481
1993-10-06,0.57792664
1993-10-07,6.7481995
1993-10-08,2.5844574
1993-10-09,0.00085216016
1993-10-10,4.753113
1993-10-11,19.805908
1993-10-12,0.0140964985
1993-10-13,4.5928955
1993-10-14,0.6465912
1993-10-15,2.040863
1993-10-16,0.45323372
1993-10-17,1.0051727
1993-10-18,0.32281876
1993-10-19,0.2872944
1993-10-20,5.5618286
1993-10-21,0.85258484
1993-10-22,0.28657913
1993-10-23,2.5081635
1993-10-24,0.39601326
1993-10-25,0.006221235
1993-10-26,0.00040535815
1993-10-27,0.00086054206
1993-10-28,2.527237
1993-10-29,0.09340048
1993-10-30,0.002173707
1993-10-31,1.6536713
1993-11-01,0.74481964
1993-11-02,1.8205643
1993-11-03,0.25224686
1993-11-04,0.0012908131
1993-11-05,0.8969307
1993-11-06,7.7400208
1993-11-07,0.14805794
1993-11-08,0.29683113
1993-11-09,0.24354458
1993-11-10,1.7623901
1993-11-11,5.4893494
1993-11-12,0.33521652
1993-11-13,0.09673834
1993-11-14,0.29945374
1993-11-15,0.0
1993-11-16,0.0
1993-11-17,0.0012898818
1993-11-18,0.0012889504
1993-11-19,0.010989606
1993-11-20,0.010937452
1993-11-21,0.00043516047
1993-11-22,0.0008614734
1993-11-23,0.00043516047
1993-11-24,0.0034607947
1993-11-25,0.07879734
1993-11-26,0.008508563
1993-11-27,0.040858984
1993-11-28,0.025883317
1993-11-29,0.0035017729
1993-11-30,11.642456
1993-12-01,0.3027916
1993-12-02,0.10406971
1993-12-03,0.0064373016
1993-12-04,0.01360476
1993-12-05,0.0057443976
1993-12-06,0.25749207
1993-12-07,5.0964355
1993-12-08,10.231018
1993-12-09,1.2359619
1993-12-10,4.2800903
1993-12-11,0.8029938
1993-12-12,0.18799305
1993-12-13,1.6088486
1993-12-14,1.6908646
1993-12-15,9.162903
1993-12-16,5.5732727
1993-12-17,0.08356571
1993-12-18,0.0034440309
1993-12-19,4.3258667
1993-12-20,0.08428097
1993-12-21,0.7429123
1993-12-22,6.3591003
1993-12-23,15.731812
1993-12-24,12.519836
1993-12-25,17.745972
1993-12-26,0.0059604645
1993-12-27,0.00085216016
1993-12-28,1.6059875
1993-12-29,8.903503
1993-12-30,0.7200241
1993-12-31,16.906738
1994-01-01,2.7942657
1994-01-02,10.803223
1994-01-03,2.0771027
1994-01-04,2.4032593
1994-01-05,14.175415
1994-01-06,21.78955
1994-01-07,1.6117096
1994-01-08,2.216339
1994-01-09,1.5382767
1994-01-10,6.389618
1994-01-11,3.074646
1994-01-12,0.5578995
1994-01-13,0.0012814999
1994-01-14,1.244545
1994-01-15,8.460999
1994-01-16,8.125305
1994-01-17,0.46133995
1994-01-18,0.00085216016
1994-01-19,0.00011920929
1994-01-20,0.16820431
1994-01-21,0.18107891
1994-01-22,0.1103282
1994-01-23,0.092446804
1994-01-24,0.49591064
1994-01-25,1.3017654
1994-01-26,0.5297661
1994-01-27,0.18513203
1994-01-28,0.37670135
1994-01-29,0.0017164275
1994-01-30,0.0008326024
1994-01-31,0.0021271408
1994-02-01,0.0021401793
1994-02-02,2.5348663
1994-02-03,11.123657
1994-02-04,4.131317
1994-02-05,0.02592802
1994-02-06,0.110924244
1994-02-07,6.378174
1994-02-08,0.4172325
1994-02-09,8.522034
1994-02-10,6.6184998
1994-02-11,6.05011
1994-02-12,4.058838
1994-02-13,0.0017220154
1994-02-14,1.7156601
1994-02-15,2.1686554
1994-02-16,0.00085216016
1994-02-17,0.0017043203
1994-02-18,5.695343
1994-02-19,0.025898218
1994-02-20,6.9351196
1994-02-21,1.4600754
1994-02-22,0.18203259
1994-02-23,11.779785
1994-02-24,7.987976
1994-02-25,0.0012814999
1994-02-26,0.0012870878
1994-02-27,0.53977966
1994-02-28,0.3335476
1994-03-01,0.31995773
1994-03-02,0.07402897
1994-03-03,0.518322
1994-03-04,0.14233589
1994-03-05,0.7915497
1994-03-06,0.19478798
1994-03-07,0.00085448846
1994-03-08,0.00043516047
1994-03-09,0.0
1994-03-10,0.018283725
1994-03-11,0.25749207
1994-03-12,0.2632141
1994-03-13,1.6555786
1994-03-14,0.3991127
1994-03-15,0.067949295
1994-03-16,1.3904572
1994-03-17,0.11843443
1994-03-18,0.0
1994-03-19,0.021070242
1994-03-20,0.055998564
1994-03-21,2.4700165
1994-03-22,0.0067837536
1994-03-23,0.00043516047
1994-03-24,0.0034458935
1994-03-25,0.06324053
1994-03-26,4.459381
1994-03-27,0.00085216016
1994-03-28,0.06067753
1994-03-29,0.018626451
1994-03-30,1.1472702
1994-03-31,0.5207062
1994-04-01,5.0735474
1994-04-02,5.1345825
1994-04-03,3.0555725
1994-04-04,5.645752
1994-04-05,3.7631989
1994-04-06,14.770508
1994-04-07,11.566162
1994-04-08,1.2321472
1994-04-09,12.527466
1994-04-10,6.500244
1994-04-11,0.32186508
1994-04-12,0.002577901
1994-04-13,3.129959
1994-04-14,1.7652512
1994-04-15,0.25725365
1994-04-16,0.022545457
1994-04-17,20.736694
1994-04-18,0.45585632
1994-04-19,0.018715858
1994-04-20,0.070631504
1994-04-21,0.0019147992
1994-04-22,0.033646822
1994-04-23,0.5168915
1994-04-24,6.9999695
1994-04-25,0.53453445
1994-04-26,0.092446804
1994-04-27,0.0
1994-04-28,0.00043516047
1994-04-29,0.00085821375
1994-04-30,0.0017024577
1994-05-01,0.001697801
1994-05-02,0.00085216016
1994-05-03,1.4705658
1994-05-04,2.2907257
1994-05-05,0.3592968
1994-05-06,0.0004172325
1994-05-07,11.833191
1994-05-08,0.68092346
1994-05-09,0.002849847
1994-05-10,0.00085216016
1994-05-11,8.31604
1994-05-12,0.13196468
1994-05-13,10.383606
1994-05-14,4.2915344
1994-05-15,0.04953146
1994-05-16,11.367798
1994-05-17,2.1438599
1994-05-18,0.667572
1994-05-19,4.1122437
1994-05-20,3.3016205
1994-05-21,3.0841827
1994-05-22,11.940002
1994-05-23,0.18942356
1994-05-24,2.0179749
1994-05-25,6.752014
1994-05-26,0.42510033
1994-05-27,0.18465519
1994-05-28,0.30088425
1994-05-29,0.070273876
1994-05-30,6.7214966
1994-05-31,0.0
1994-06-01,3.6411285
1994-06-02,4.3296814
1994-06-03,0.16665459
1994-06-04,2.4433136
1994-06-05,0.072300434
1994-06-06,0.0017229468
1994-06-07,0.0012908131
1994-06-08,10.902405
1994-06-09,0.03618002
1994-06-10,0.0017210841
1994-06-11,0.0
1994-06-12,0.00086426735
1994-06-13,0.027790666
1994-06-14,0.0017071143
1994-06-15,0.002577901
1994-06-16,0.00043516047
1994-06-17,0.00085216016
1994-06-18,9.9105835
1994-06-19,4.299164
1994-06-20,0.28824806
1994-06-21,0.0017201528
1994-06-22,0.00044098124
1994-06-23,0.0
1994-06-24,18.1427
1994-06-25,21.728516
1994-06-26,0.06824732
1994-06-27,0.0021513551
1994-06-28,0.0021476299
1994-06-29,0.03412366
1994-06-30,0.0017136335
1994-07-01,0.002462417
1994-07-02,0.0064373016
1994-07-03,0.00085216016
1994-07-04,0.00087032095
1994-07-05,0.0008614734
1994-07-06,0.001706183
1994-07-07,0.34856796
1994-07-08,0.17809868
1994-07-09,0.0
1994-07-10,0.0
1994-07-11,0.00085821375
1994-07-12,0.00085821375
1994-07-13,0.0013001263
1994-07-14,0.0069737434
1994-07-15,0.00044098124
1994-07-16,0.16748905
1994-07-17,0.98228455
1994-07-18,1.1262894
1994-07-19,1.2178421
1994-07-20,0.5097389
1994-07-21,0.00087032095
1994-07-22,0.0012814999
1994-07-23,0.47969818
1994-07-24,8.308411
1994-07-25,5.8670044
1994-07-26,0.06431341
1994-07-27,0.17535686
1994-07-28,0.5311966
1994-07-29,0.52165985
1994-07-30,2.4814606
1994-07-31,14.823914
1994-08-01,0.1500845
1994-08-02,0.0008549541
1994-08-03,0.0012787059
1994-08-04,0.042676926
1994-08-05,0.08767843
1994-08-06,0.95176697
1994-08-07,3.271103
1994-08-08,0.23007393
1994-08-09,3.3092499
1994-08-10,1.0108948
1994-08-11,0.75769424
1994-08-12,0.1385212
1994-08-13,15.052795
1994-08-14,0.016704202
1994-08-15,0.0
1994-08-16,0.16498566
1994-08-17,0.008895993
1994-08-18,0.55646896
1994-08-19,0.0054761767
1994-08-20,0.0025741756
1994-08-21,0.6914139
1994-08-22,0.25510788
1994-08-23,17.150879
1994-08-24,0.36907196
1994-08-25,1.5392303
1994-08-26,0.9198189
1994-08-27,0.005159527
1994-08-28,0.03248453
1994-08-29,0.0025890768
1994-08-30,0.2553463
1994-08-31,2.4204254
1994-09-01,0.26369095
1994-09-02,0.13506413
1994-09-03,0.0008442439
1994-09-04,0.041007996
1994-09-05,0.045716763
1994-09-06,0.0021457672
1994-09-07,6.9389343
1994-09-08,5.0354004
1994-09-09,1.4457703
1994-09-10,1.294136
1994-09-11,1.3990402
1994-09-12,2.2640228
1994-09-13,0.46300888
1994-09-14,6.111145
1994-09-15,8.125305
1994-09-16,14.137268
1994-09-17,0.26774406
1994-09-18,0.03582239
1994-09-19,5.519867
1994-09-20,5.9661865
1994-09-21,0.72193146
1994-09-22,1.0108948
1994-09-23,12.275696
1994-09-24,0.96416473
1994-09-25,0.45919418
1994-09-26,5.4244995
1994-09-27,1.7347336
1994-09-28,0.15640259
1994-09-29,1.3179779
1994-09-30,7.003784
1994-10-01,0.90551376
1994-10-02,0.61035156
1994-10-03,3.665924
1994-10-04,0.058859587
1994-10-05,0.0
1994-10-06,0.00085216016
1994-10-07,0.00086566433
1994-10-08,0.00042794272
1994-10-09,0.012308359
1994-10-10,5.874634
1994-10-11,2.0427704
1994-10-12,2.9850006
1994-10-13,0.6427765
1994-10-14,0.0012814999
1994-10-15,0.0923872
1994-10-16,0.079631805
1994-10-17,0.0008321367
1994-10-18,0.0012759119
1994-10-19,6.374359
1994-10-20,2.4776459
1994-10-21,2.910614
1994-10-22,17.959595
1994-10-23,4.84848
1994-10-24,3.3435822
1994-10-25,4.3525696
1994-10-26,1.4390945
1994-10-27,5.870819
1994-10-28,2.1476746
1994-10-29,0.036507845
1994-10-30,0.02670288
1994-10-31,0.00087032095
1994-11-01,0.2387762
1994-11-02,0.0
1994-11-03,0.11843443
1994-11-04,26.33667
1994-11-05,6.374359
1994-11-06,0.0017117709
1994-11-07,7.259369
1994-11-08,0.0108629465
1994-11-09,11.512756
1994-11-10,1.6927719
1994-11-11,0.93364716
1994-11-12,4.940033
1994-11-13,0.049114227
1994-11-14,0.00087032095
1994-11-15,0.0024661422
1994-11-16,1.6059875
1994-11-17,1.3780594
1994-11-18,0.29683113
1994-11-19,0.35762787
1994-11-20,0.05927682
1994-11-21,0.21588802
1994-11-22,0.07778406
1994-11-23,0.036388636
1994-11-24,0.33974648
1994-11-25,0.14865398
1994-11-26,0.0021345913
1994-11-27,0.16450882
1994-11-28,0.08827448
1994-11-29,0.5302429
1994-11-30,0.00043516047
1994-12-01,0.0012861565
1994-12-02,0.0017201528
1994-12-03,0.0025704503
1994-12-04,0.46491623
1994-12-05,2.0866394
1994-12-06,0.7343292
1994-12-07,4.989624
1994-12-08,0.00043516047
1994-12-09,7.347107
1994-12-10,0.30231476
1994-12-11,0.17225742
1994-12-12,0.028282404
1994-12-13,0.11307001
1994-12-14,0.9288788
1994-12-15,0.063061714
1994-12-16,0.0037252903
1994-12-17,0.008717179
1994-12-18,5.4092407
1994-12-19,0.1783371
1994-12-20,0.22113323
1994-12-21,9.681702
1994-12-22,1.0519028
1994-12-23,0.029981136
1994-12-24,0.011116266
1994-12-25,0.04762411
1994-12-26,0.15473366
1994-12-27,0.0020824373
1994-12-28,0.0021457672
1994-12-29,1.1816025
1994-12-30,20.309448
1994-12-31,16.098022
1995-01-01,0.4541874
1995-01-02,0.25701523
1995-01-03,0.0
1995-01-04,0.0
1995-01-05,2.412796
1995-01-06,4.8294067
1995-01-07,0.047922134
1995-01-08,2.8324127
1995-01-09,0.5378723
1995-01-10,0.5950928
1995-01-11,4.333496
1995-01-12,0.034302473
1995-01-13,0.00043516047
1995-01-14,0.00043516047
1995-01-15,0.00042608008
1995-01-16,0.00085216016
1995-01-17,0.2477169
1995-01-18,9.178162
1995-01-19,0.88214874
1995-01-20,5.542755
1995-01-21,2.0217896
1995-01-22,0.032901764
1995-01-23,7.1754456
1995-01-24,3.955841
1995-01-25,0.0
1995-01-26,3.7155151
1995-01-27,0.0040754676
1995-01-28,8.239746
1995-01-29,11.238098
1995-01-30,10.650635
1995-01-31,0.00086426735
1995-02-01,0.042796135
1995-02-02,1.0814667
1995-02-03,0.0017229468
1995-02-04,0.18703938
1995-02-05,0.6837845
1995-02-06,0.18024445
1995-02-07,0.0017285347
1995-02-08,6.416321
1995-02-09,2.943039
1995-02-10,0.75149536
1995-02-11,1.2598038
1995-02-12,1.0347366
1995-02-13,14.533997
1995-02-14,2.0332336
1995-02-15,1.6698837
1995-02-16,0.4477501
1995-02-17,12.47406
1995-02-18,1.5363693
1995-02-19,0.0021494925
1995-02-20,0.0017108396
1995-02-21,2.4700165
1995-02-22,0.0
1995-02-23,10.7421875
1995-02-24,6.149292
1995-02-25,15.602112
1995-02-26,1.5201569
1995-02-27,0.00086054206
1995-02-28,0.002142042
1995-03-01,0.07724762
1995-03-02,2.1820068
1995-03-03,10.566711
1995-03-04,1.288414
1995-03-05,8.117676
1995-03-06,1.2245178
1995-03-07,1.0681152
1995-03-08,6.706238
1995-03-09,0.40364265
1995-03-10,0.0017127022
1995-03-11,0.00087032095
1995-03-12,0.0008614734
1995-03-13,0.0008614734
1995-03-14,0.031769276
1995-03-15,4.2266846
1995-03-16,2.532959
1995-03-17,3.7841797
1995-03-18,0.44965744
1995-03-19,4.463196
1995-03-20,0.002577901
1995-03-21,0.00043516047
1995-03-22,0.00085216016
1995-03-23,0.0012870878
1995-03-24,0.0
1995-03-25,0.20170212
1995-03-26,0.07349253
1995-03-27,0.54359436
1995-03-28,0.30255318
1995-03-29,1.1138916
1995-03-30,0.00043516047
1995-03-31,0.0038016587
1995-04-01,0.0017229468
1995-04-02,0.00043516047
1995-04-03,0.0
1995-04-04,0.0008479692
1995-04-05,0.012785196
1995-04-06,0.013798475
1995-04-07,0.14948845
1995-04-08,0.008694828
1995-04-09,0.0
1995-04-10,0.0017108396
1995-04-11,0.0025704503
1995-04-12,0.0
1995-04-13,0.00085216016
1995-04-14,0.0025685877
1995-04-15,0.09536743
1995-04-16,0.68855286
1995-04-17,0.14138222
1995-04-18,0.289917
1995-04-19,3.1585693
1995-04-20,0.22137165
1995-04-21,1.8415451
1995-04-22,0.2837181
1995-04-23,0.8420944
1995-04-24,7.7285767
1995-04-25,7.217407
1995-04-26,1.2636185
1995-04-27,0.0017229468
1995-04-28,0.025168061
1995-04-29,2.7885437
1995-04-30,0.15449524
1995-05-01,0.0017229468
1995-05-02,0.0
1995-05-03,0.00043516047
1995-05-04,0.0010011718
1995-05-05,0.00085216016
1995-05-06,0.005532056
1995-05-07,0.00085216016
1995-05-08,0.055640936
1995-05-09,0.0
1995-05-10,0.03886223
1995-05-11,2.1858215
1995-05-12,3.1032562
1995-05-13,1.2397766
1995-05-14,0.0017229468
1995-05-15,5.9661865
1995-05-16,3.7631989
1995-05-17,1.6384125
1995-05-18,6.542206
1995-05-19,0.17976761
1995-05-20,0.0
1995-05-21,0.0017108396
1995-05-22,0.0017201528
1995-05-23,0.3247261
1995-05-24,3.9405823
1995-05-25,7.5035095
1995-05-26,0.041902065
1995-05-27,0.037133694
1995-05-28,7.1525574
1995-05-29,1.11866
1995-05-30,0.71525574
1995-05-31,0.19097328
1995-06-01,0.24557114
1995-06-02,0.48398972
1995-06-03,0.04053116
1995-06-04,0.67567825
1995-06-05,0.0030398369
1995-06-06,0.0021476299
1995-06-07,0.00043516047
1995-06-08,0.27799606
1995-06-09,0.013977289
1995-06-10,0.012531877
1995-06-11,1.9741058
1995-06-12,2.281189
1995-06-13,0.1680851
1995-06-14,0.0008684583
1995-06-15,0.040471554
1995-06-16,0.0017229468
1995-06-17,0.00087032095
1995-06-18,0.036269426
1995-06-19,0.007778406
1995-06-20,1.7967224
1995-06-21,7.472992
1995-06-22,0.036597252
1995-06-23,0.0021401793
1995-06-24,0.0017071143
1995-06-25,0.0017313287
1995-06-26,0.0005811453
1995-06-27,0.096321106
1995-06-28,2.046585
1995-06-29,0.5044937
1995-06-30,4.3640137
1995-07-01,6.034851
1995-07-02,6.3552856
1995-07-03,2.0179749
1995-07-04,1.616478
1995-07-05,0.197649
1995-07-06,0.00042910688
1995-07-07,0.001729466
1995-07-08,0.0011743978
1995-07-09,0.25177002
1995-07-10,5.531311
1995-07-11,9.849548
1995-07-12,0.0
1995-07-13,8.285522
1995-07-14,0.048279762
1995-07-15,0.14781952
1995-07-16,0.5135536
1995-07-17,0.0
1995-07-18,0.0046677887
1995-07-19,0.0
1995-07-20,0.0024288893
1995-07-21,0.004772097
1995-07-22,1.8539429
1995-07-23,0.0017313287
1995-07-24,0.00044098124
1995-07-25,1.2512207
1995-07-26,0.34189224
1995-07-27,0.09334087
1995-07-28,0.0012870878
1995-07-29,0.0004270114
1995-07-30,0.0
1995-07-31,0.07236004
1995-08-01,0.0
1995-08-02,0.00017881393
1995-08-03,0.17881393
1995-08-04,15.464783
1995-08-05,11.21521
1995-08-06,2.0980835
1995-08-07,3.9405823
1995-08-08,0.49114227
1995-08-09,0.0
1995-08-10,0.2772808
1995-08-11,0.26106834
1995-08-12,0.0073611736
1995-08-13,0.3607273
1995-08-14,0.00086426735
1995-08-15,0.0004414469
1995-08-16,0.00043516047
1995-08-17,0.0012898818
1995-08-18,0.0
1995-08-19,0.0013438985
1995-08-20,0.075638294
1995-08-21,7.949829
1995-08-22,5.5656433
1995-08-23,5.7258606
1995-08-24,0.40340424
1995-08-25,0.22304058
1995-08-26,0.51021576
1995-08-27,0.49352646
1995-08-28,0.041544437
1995-08-29,0.00044098124
1995-08-30,0.048160553
1995-08-31,0.0008610077
1995-09-01,0.001296401
1995-09-02,0.0
1995-09-03,0.279665
1995-09-04,0.015765429
1995-09-05,0.38337708
1995-09-06,1.5869141
1995-09-07,4.1770935
1995-09-08,4.760742
1995-09-09,0.08904934
1995-09-10,2.2830963
1995-09-11,1.2655258
1995-09-12,6.7329407
1995-09-13,1.3504028
1995-09-14,3.566742
1995-09-15,2.17247
1995-09-16,3.1719208
1995-09-17,6.4315796
1995-09-18,0.1733303
1995-09-19,21.484375
1995-09-20,2.07901
1995-09-21,0.39935112
1995-09-22,0.3774166
1995-09-23,0.436306
1995-09-24,1.9817352
1995-09-25,0.09864569
1995-09-26,0.00043516047
1995-09-27,1.1205673
1995-09-28,1.4791489
1995-09-29,0.00087032095
1995-09-30,0.030264258
1995-10-01,1.3580322
1995-10-02,0.86021423
1995-10-03,1.666069
1995-10-04,1.4743805
1995-10-05,3.3607483
1995-10-06,0.00043516047
1995-10-07,0.0012814999
1995-10-08,0.0004444737
1995-10-09,0.00085216016
1995-10-10,0.00085821375
1995-10-11,0.00042608008
1995-10-12,0.0
1995-10-13,0.001299195
1995-10-14,0.42796135
1995-10-15,0.32114983
1995-10-16,0.0
1995-10-17,0.0
1995-10-18,0.50878525
1995-10-19,0.24652481
1995-10-20,0.02092123
1995-10-21,0.00086426735
1995-10-22,0.0
1995-10-23,0.0
1995-10-24,0.24139881
1995-10-25,2.3918152
1995-10-26,0.0021494925
1995-10-27,0.10085106
1995-10-28,0.92697144
1995-10-29,8.346558
1995-10-30,0.702858
1995-10-31,0.0034868717
1995-11-01,0.0012898818
1995-11-02,0.0004172325
1995-11-03,0.0017229468
1995-11-04,0.027820468
1995-11-05,0.0017210841
1995-11-06,0.0021532178
1995-11-07,0.0
1995-11-08,0.00043516047
1995-11-09,0.04941225
1995-11-10,0.9589195
1995-11-11,0.76007843
1995-11-12,17.51709
1995-11-13,0.50497055
1995-11-14,0.0010160729
1995-11-15,8.43811
1995-11-16,6.4430237
1995-11-17,3.0384064
1995-11-18,0.25224686
1995-11-19,0.0
1995-11-20,0.00173226
1995-11-21,4.966736
1995-11-22,6.8969727
1995-11-23,0.008448958
1995-11-24,0.00085216016
1995-11-25,0.34928322
1995-11-26,6.23703
1995-11-27,0.0044927
1995-11-28,0.00043516047
1995-11-29,0.0
1995-11-30,0.00043516047
1995-12-01,3.0212402
1995-12-02,11.634827
1995-12-03,7.232666
1995-12-04,10.101318
1995-12-05,0.021740794
1995-12-06,1.3418198
1995-12-07,0.15461445
1995-12-08,0.53215027
1995-12-09,0.27775764
1995-12-10,0.0008721836
1995-12-11,0.00043516047
1995-12-12,0.00085216016
1995-12-13,0.002577901
1995-12-14,0.19156933
1995-12-15,1.4390945
1995-12-16,11.779785
1995-12-17,0.00085216016
1995-12-18,0.0016512349
1995-12-19,0.00085821375
1995-12-20,0.00086426735
1995-12-21,0.0012842938
1995-12-22,3.730774
1995-12-23,5.8937073
1995-12-24,17.578125
1995-12-25,6.8130493
1995-12-26,3.8070679
1995-12-27,2.7580261
1995-12-28,18.463135
1995-12-29,1.9302368
1995-12-30,11.245728
1995-12-31,5.470276
1996-01-01,9.132385
1996-01-02,2.2945404
1996-01-03,0.014618039
1996-01-04,0.6670952
1996-01-05,8.041382
1996-01-06,8.728027
1996-01-07,6.8969727
1996-01-08,1.4781952
1996-01-09,5.645752
1996-01-10,6.1531067
1996-01-11,11.611938
1996-01-12,0.875473
1996-01-13,0.0012814999
1996-01-14,0.036597252
1996-01-15,0.001299195
1996-01-16,0.010870397
1996-01-17,0.0008554198
1996-01-18,0.0
1996-01-19,0.0008554198
1996-01-20,0.00086799264
1996-01-21,0.0
1996-01-22,22.277832
1996-01-23,4.337311
1996-01-24,11.299133
1996-01-25,4.0740967
1996-01-26,2.7809143
1996-01-27,0.00043516047
1996-01-28,0.6289482
1996-01-29,0.11008978
1996-01-30,0.9493828
1996-01-31,0.002592802
1996-02-01,2.073288
1996-02-02,1.8110275
1996-02-03,0.7457733
1996-02-04,0.18393993
1996-02-05,2.691269
1996-02-06,11.459351
1996-02-07,11.894226
1996-02-08,0.07432699
1996-02-09,0.76532364
1996-02-10,1.8434525
1996-02-11,4.6806335
1996-02-12,7.232666
1996-02-13,0.808239
1996-02-14,0.36859512
1996-02-15,0.0
1996-02-16,0.06484985
1996-02-17,0.15962124
1996-02-18,7.949829
1996-02-19,4.940033
1996-02-20,0.77962875
1996-02-21,0.5950928
1996-02-22,3.6315918
1996-02-23,1.8863678
1996-02-24,0.5350113
1996-02-25,0.0060535967
1996-02-26,3.2176971
1996-02-27,0.0012814999
1996-02-28,0.002156943
1996-02-29,0.34618378
1996-03-01,0.042140484
1996-03-02,0.6532669
1996-03-03,0.0053979456
1996-03-04,0.11181831
1996-03-05,0.0071525574
1996-03-06,0.00085216016
1996-03-07,0.03632903
1996-03-08,0.2527237
1996-03-09,0.0
1996-03-10,0.00014901161
1996-03-11,0.0
1996-03-12,0.001293607
1996-03-13,0.0017071143
1996-03-14,1.9741058
1996-03-15,0.34165382
1996-03-16,0.32234192
1996-03-17,0.001299195
1996-03-18,0.0012395903
1996-03-19,0.024408102
1996-03-20,3.7441254
1996-03-21,0.18310547
1996-03-22,0.0017164275
1996-03-23,0.0025816262
1996-03-24,0.7648468
1996-03-25,0.11616945
1996-03-26,4.0397644
1996-03-27,8.392334
1996-03-28,0.00028312206
1996-03-29,0.05248189
1996-03-30,0.0
1996-03-31,0.6017685
1996-04-01,19.943237
1996-04-02,0.0017136335
1996-04-03,0.00043516047
1996-04-04,0.00085216016
1996-04-05,0.00085216016
1996-04-06,0.0034291297
1996-04-07,0.00085216016
1996-04-08,0.0
1996-04-09,0.0017192215
1996-04-10,0.12302399
1996-04-11,0.059068203
1996-04-12,0.002991408
1996-04-13,0.0023115426
1996-04-14,0.43654442
1996-04-15,0.0074654818
1996-04-16,4.4898987
1996-04-17,3.7937164
1996-04-18,0.00043516047
1996-04-19,0.00043516047
1996-04-20,0.0
1996-04-21,12.214661
1996-04-22,13.763428
1996-04-23,1.5583038
1996-04-24,0.19717216
1996-04-25,0.0017732382
1996-04-26,0.16891956
1996-04-27,2.5615692
1996-04-28,2.6550293
1996-04-29,4.9705505
1996-04-30,0.6532669
1996-05-01,6.6452026
1996-05-02,3.774643
1996-05-03,3.2157898
1996-05-04,0.029116869
1996-05-05,0.057160854
1996-05-06,4.0779114
1996-05-07,11.8637085
1996-05-08,5.8135986
1996-05-09,0.59080124
1996-05-10,0.08094311
1996-05-11,1.5163422
1996-05-12,0.03260374
1996-05-13,0.00044098124
1996-05-14,0.0012638047
1996-05-15,0.001293607
1996-05-16,2.2125244
1996-05-17,11.268616
1996-05-18,4.547119
1996-05-19,0.46992302
1996-05-20,2.483368
1996-05-21,3.9901733
1996-05-22,0.00087032095
1996-05-23,0.007085502
1996-05-24,2.0179749
1996-05-25,2.2144318
1996-05-26,0.38313866
1996-05-27,0.25057793
1996-05-28,0.14197826
1996-05-29,0.0012759119
1996-05-30,0.0
1996-05-31,9.536743
1996-06-01,0.15366077
1996-06-02,0.11408329
1996-06-03,0.0012796372
1996-06-04,0.002136454
1996-06-05,0.00087032095
1996-06-06,0.00044098124
1996-06-07,0.0005662441
1996-06-08,7.160187
1996-06-09,0.26249886
1996-06-10,0.5431175
1996-06-11,0.05236268
1996-06-12,0.0
1996-06-13,0.00085821375
1996-06-14,0.0008586794
1996-06-15,0.0
1996-06-16,0.0
1996-06-17,0.0
1996-06-18,0.0012814999
1996-06-19,3.3016205
1996-06-20,3.1738281
1996-06-21,12.35199
1996-06-22,0.9150505
1996-06-23,0.12129545
1996-06-24,0.13101101
1996-06-25,0.9384155
1996-06-26,0.29826164
1996-06-27,0.0012870878
1996-06-28,0.002125278
1996-06-29,0.48542023
1996-06-30,0.024557114
1996-07-01,0.40483475
1996-07-02,0.6799698
1996-07-03,0.998497
1996-07-04,0.3182888
1996-07-05,18.76831
1996-07-06,2.3288727
1996-07-07,11.299133
1996-07-08,0.018239021
1996-07-09,0.0029541552
1996-07-10,1.156807
1996-07-11,0.009991229
1996-07-12,0.0047907233
1996-07-13,0.002907589
1996-07-14,0.0
1996-07-15,0.0021513551
1996-07-16,0.00043516047
1996-07-17,0.0009178184
1996-07-18,0.0
1996-07-19,0.0017285347
1996-07-20,0.0008563511
1996-07-21,0.0017089769
1996-07-22,0.0002682209
1996-07-23,3.0536652
1996-07-24,0.17273426
1996-07-25,2.506256
1996-07-26,1.2140274
1996-07-27,1.5869141
1996-07-28,0.01463294
1996-07-29,0.0013057142
1996-07-30,0.34976006
1996-07-31,0.0
1996-08-01,0.0
1996-08-02,0.08225441
1996-08-03,2.9802322e-05
1996-08-04,0.002687797
1996-08-05,5.98526
1996-08-06,10.246277
1996-08-07,2.07901
1996-08-08,0.0021494925
1996-08-09,0.1988411
1996-08-10,9.521484
1996-08-11,5.9890747
1996-08-12,0.6041527
1996-08-13,0.09959936
1996-08-14,0.8087158
1996-08-15,0.0017043203
1996-08-16,0.00085821375
1996-08-17,0.00087032095
1996-08-18,0.00085355714
1996-08-19,6.137848
1996-08-20,27.862549
1996-08-21,12.786865
1996-08-22,0.15056133
1996-08-23,1.0385513
1996-08-24,1.2960434
1996-08-25,0.31876564
1996-08-26,7.05719
1996-08-27,0.06765127
1996-08-28,0.3941059
1996-08-29,2.2392273
1996-08-30,0.54740906
1996-08-31,0.0
1996-09-01,0.00043516047
1996-09-02,0.0021532178
1996-09-03,0.03951788
1996-09-04,0.0008260831
1996-09-05,0.00085821375
1996-09-06,0.00065844506
1996-09-07,0.0012945384
1996-09-08,0.0
1996-09-09,0.00044098124
1996-09-10,0.0
1996-09-11,0.0
1996-09-12,0.0
1996-09-13,0.014990568
1996-09-14,0.0017313287
1996-09-15,0.0
1996-09-16,0.0008554198
1996-09-17,8.201599
1996-09-18,1.4133453
1996-09-19,5.2490234
1996-09-20,1.2960434
1996-09-21,14.923096
1996-09-22,2.1247864
1996-09-23,0.3285408
1996-09-24,2.9563904
1996-09-25,9.262085
1996-09-26,1.6517639
1996-09-27,3.736496
1996-09-28,0.09167194
1996-09-29,0.00085216016
1996-09-30,11.672974
1996-10-01,13.298035
1996-10-02,4.4288635
1996-10-03,0.00085821375
1996-10-04,0.60749054
1996-10-05,0.16701221
1996-10-06,0.47039986
1996-10-07,0.114262104
1996-10-08,0.14281273
1996-10-09,0.72288513
1996-10-10,0.48828125
1996-10-11,0.00043516047
1996-10-12,0.0
1996-10-13,0.00085216016
1996-10-14,2.773285
1996-10-15,1.1014938
1996-10-16,2.3117065
1996-10-17,2.4471283
1996-10-18,0.5412102
1996-10-19,1.2617111
1996-10-20,0.00085821375
1996-10-21,0.24819374
1996-10-22,0.047773123
1996-10-23,0.00044098124
1996-10-24,0.00085821375
1996-10-25,0.00044587068
1996-10-26,0.035881996
1996-10-27,0.0013066456
1996-10-28,0.2732277
1996-10-29,0.47278404
1996-10-30,0.0017164275
1996-10-31,0.0020116568
1996-11-01,0.37026405
1996-11-02,0.07241964
1996-11-03,0.0012218952
1996-11-04,8.666992
1996-11-05,1.3742447
1996-11-06,0.015467405
1996-11-07,0.66900253
1996-11-08,0.063836575
1996-11-09,0.0008600764
1996-11-10,10.7421875
1996-11-11,5.8288574
1996-11-12,7.575989
1996-11-13,0.31995773
1996-11-14,0.00043516047
1996-11-15,0.2156496
1996-11-16,2.8419495
1996-11-17,14.717102
1996-11-18,1.2283325
1996-11-19,13.74054
1996-11-20,6.412506
1996-11-21,12.336731
1996-11-22,0.51546097
1996-11-23,0.76007843
1996-11-24,0.30136108
1996-11-25,30.075073
1996-11-26,0.7123947
1996-11-27,4.7836304
1996-11-28,0.541687
1996-11-29,0.9675026
1996-11-30,7.7400208
1996-12-01,0.43964386
1996-12-02,0.38194656
1996-12-03,0.0029988587
1996-12-04,5.2833557
1996-12-05,7.911682
1996-12-06,2.5367737
1996-12-07,10.269165
1996-12-08,0.60367584
1996-12-09,0.6079674
1996-12-10,1.1768341
1996-12-11,0.0038556755
1996-12-12,6.4353943
1996-12-13,1.6078949
1996-12-14,2.4528503
1996-12-15,0.0033266842
1996-12-16,0.0008600764
1996-12-17,0.10418892
1996-12-18,11.09314
1996-12-19,3.3054352
1996-12-20,0.37956238
1996-12-21,1.3475418
1996-12-22,1.1997223
1996-12-23,0.5502701
1996-12-24,5.455017
1996-12-25,0.66804886
1996-12-26,0.0
1996-12-27,0.00043516047
1996-12-28,0.0017192215
1996-12-29,0.00085216016
1996-12-30,0.036358833
1996-12-31,0.028476119
1997-01-01,0.7314682
1997-01-02,0.0034160912
1997-01-03,16.845703
1997-01-04,1.7814636
1997-01-05,0.13303757
1997-01-06,0.069618225
1997-01-07,0.023767352
1997-01-08,5.710602
1997-01-09,0.7157326
1997-01-10,0.028520823
1997-01-11,0.0025890768
1997-01-12,0.00043516047
1997-01-13,0.00043516047
1997-01-14,0.0025853515
1997-01-15,0.0026002526
1997-01-16,0.001293607
1997-01-17,9.689331
1997-01-18,3.917694
1997-01-19,0.8416176
1997-01-20,2.691269
1997-01-21,4.787445
1997-01-22,3.1147003
1997-01-23,4.9591064
1997-01-24,2.8209686
1997-01-25,0.41031837
1997-01-26,0.0025816262
1997-01-27,0.03889203
1997-01-28,0.018462539
1997-01-29,0.00043516047
1997-01-30,0.00043516047
1997-01-31,0.00042608008
1997-02-01,0.108242035
1997-02-02,2.7828217
1997-02-03,0.28467178
1997-02-04,0.035971403
1997-02-05,2.0656586
1997-02-06,0.015243888
1997-02-07,0.00042608008
1997-02-08,0.0021476299
1997-02-09,0.0
1997-02-10,2.5806427
1997-02-11,1.408577
1997-02-12,1.2130737
1997-02-13,2.313614
1997-02-14,4.9438477
1997-02-15,2.0427704
1997-02-16,0.4477501
1997-02-17,0.1809597
1997-02-18,0.16450882
1997-02-19,0.0075884163
1997-02-20,0.8945465
1997-02-21,0.0718832
1997-02-22,0.0017229468
1997-02-23,3.1051636
1997-02-24,6.7710876
1997-02-25,0.12111664
1997-02-26,0.75149536
1997-02-27,0.00043516047
1997-02-28,0.00043516047
1997-03-01,0.00043516047
1997-03-02,0.00043516047
1997-03-03,0.0
1997-03-04,0.00043213367
1997-03-05,0.30207634
1997-03-06,0.025972724
1997-03-07,0.00085216016
1997-03-08,0.00042608008
1997-03-09,0.0
1997-03-10,0.0008554198
1997-03-11,0.0008554198
1997-03-12,0.00043516047
1997-03-13,0.0
1997-03-14,0.22399426
1997-03-15,0.31614304
1997-03-16,0.14925003
1997-03-17,0.0030118972
1997-03-18,0.013045967
1997-03-19,0.56648254
1997-03-20,0.0
1997-03-21,0.0017108396
1997-03-22,0.0008707866
1997-03-23,0.00085216016
1997-03-24,5.256653
1997-03-25,0.61655045
1997-03-26,0.00086426735
1997-03-27,0.0012945384
1997-03-28,0.35238266
1997-03-29,0.0
1997-03-30,0.0029988587
1997-03-31,0.0
1997-04-01,0.00085216016
1997-04-02,0.0017136335
1997-04-03,0.00043516047
1997-04-04,0.00086426735
1997-04-05,0.0
1997-04-06,0.0
1997-04-07,0.0
1997-04-08,0.0012889504
1997-04-09,0.0016968697
1997-04-10,0.001703389
1997-04-11,0.0
1997-04-12,0.0008563511
1997-04-13,0.0
1997-04-14,0.00085216016
1997-04-15,0.0
1997-04-16,0.0
1997-04-17,0.14948845
1997-04-18,0.77199936
1997-04-19,5.2490234
1997-04-20,0.0020805746
1997-04-21,0.00087032095
1997-04-22,0.0008465722
1997-04-23,0.0012814999
1997-04-24,0.0
1997-04-25,0.0029224902
1997-04-26,4.7798157
1997-04-27,6.576538
1997-04-28,4.295349
1997-04-29,0.15068054
1997-04-30,0.04091859
1997-05-01,0.0017071143
1997-05-02,0.00085821375
1997-05-03,0.0192523
1997-05-04,8.216858
1997-05-05,19.332886
1997-05-06,4.711151
1997-05-07,5.8517456
1997-05-08,4.3029785
1997-05-09,6.3591003
1997-05-10,5.5274963
1997-05-11,11.535645
1997-05-12,0.99754333
1997-05-13,7.160187
1997-05-14,13.412476
1997-05-15,2.603531
1997-05-16,4.432678
1997-05-17,7.2784424
1997-05-18,0.09471178
1997-05-19,2.4528503
1997-05-20,0.35619736
1997-05-21,0.43725967
1997-05-22,0.091552734
1997-05-23,0.00042049214
1997-05-24,0.7081032
1997-05-25,0.9479523
1997-05-26,0.0
1997-05-27,0.0016093254
1997-05-28,0.00032782555
1997-05-29,0.0046417117
1997-05-30,0.00085216016
1997-05-31,2.199173
1997-06-01,9.361267
1997-06-02,0.25200844
1997-06-03,2.3670197
1997-06-04,6.0539246
1997-06-05,5.6915283
1997-06-06,0.0
1997-06-07,5.5122375
1997-06-08,0.2425909
1997-06-09,0.00042608008
1997-06-10,7.6904297
1997-06-11,8.827209
1997-06-12,1.291275
1997-06-13,1.783371
1997-06-14,0.47802925
1997-06-15,0.007212162
1997-06-16,1.3952255
1997-06-17,0.5221367
1997-06-18,0.02026558
1997-06-19,0.17428398
1997-06-20,3.9291382
1997-06-21,12.077332
1997-06-22,3.4446716
1997-06-23,1.9264221
1997-06-24,0.497818
1997-06-25,1.1987686
1997-06-26,4.7454834
1997-06-27,1.5773773
1997-06-28,10.414124
1997-06-29,22.81189
1997-06-30,8.049011
1997-07-01,8.255005
1997-07-02,16.342163
1997-07-03,1.701355
1997-07-04,8.491516
1997-07-05,0.6699562
1997-07-06,0.18191338
1997-07-07,0.00085216016
1997-07-08,0.00086426735
1997-07-09,0.00035762787
1997-07-10,6.538391
1997-07-11,0.5879402
1997-07-12,0.00042840838
1997-07-13,0.37193298
1997-07-14,0.80394745
1997-07-15,0.00086426735
1997-07-16,10.169983
1997-07-17,0.6723404
1997-07-18,0.5545616
1997-07-19,0.19836426
1997-07-20,0.00044098124
1997-07-21,0.00085216016
1997-07-22,4.638672
1997-07-23,0.7891655
1997-07-24,0.018119812
1997-07-25,1.0509491
1997-07-26,1.2111664
1997-07-27,0.06633997
1997-07-28,0.0
1997-07-29,0.0017285347
1997-07-30,0.0031031668
1997-07-31,0.2861023
1997-08-01,0.00043516047
1997-08-02,0.0
1997-08-03,0.0
1997-08-04,8.644104
1997-08-05,16.799927
1997-08-06,4.169464
1997-08-07,3.3054352
1997-08-08,0.002682209
1997-08-09,0.005632639
1997-08-10,9.315491
1997-08-11,20.874023
1997-08-12,0.0049844384
1997-08-13,0.006198883
1997-08-14,0.00044098124
1997-08-15,12.748718
1997-08-16,8.842468
1997-08-17,0.33450127
1997-08-18,0.16653538
1997-08-19,0.28181076
1997-08-20,0.00085821375
1997-08-21,0.072956085
1997-08-22,0.00086426735
1997-08-23,0.03248453
1997-08-24,0.0034607947
1997-08-25,10.5896
1997-08-26,0.020384789
1997-08-27,4.207611
1997-08-28,11.787415
1997-08-29,1.3837814
1997-08-30,0.0021457672
1997-08-31,0.00087404624
1997-09-01,10.353088
1997-09-02,0.03749132
1997-09-03,0.0008554198
1997-09-04,0.0
1997-09-05,0.0012814999
1997-09-06,2.3155212
1997-09-07,0.00044098124
1997-09-08,0.001299195
1997-09-09,0.00085821375
1997-09-10,0.0
1997-09-11,0.00042608008
1997-09-12,4.016876
1997-09-13,2.9144287
1997-09-14,0.00085821375
1997-09-15,0.0
1997-09-16,0.00084983185
1997-09-17,0.00044098124
1997-09-18,0.00043516047
1997-09-19,0.00042608008
1997-09-20,0.07671118
1997-09-21,0.46277046
1997-09-22,1.2569427
1997-09-23,0.00010430813
1997-09-24,0.00085821375
1997-09-25,0.013612211
1997-09-26,0.0
1997-09-27,0.00042608008
1997-09-28,0.00043516047
1997-09-29,0.0012870878
1997-09-30,0.0
1997-10-01,0.0
1997-10-02,0.0012973323
1997-10-03,0.0
1997-10-04,0.0008614734
1997-10-05,0.00086054206
1997-10-06,0.99754333
1997-10-07,1.5687943
1997-10-08,0.051259995
1997-10-09,0.98514557
1997-10-10,1.4915466
1997-10-11,3.824234
1997-10-12,0.8111
1997-10-13,0.20551682
1997-10-14,0.025317073
1997-10-15,3.162384
1997-10-16,0.2092123
1997-10-17,0.0012814999
1997-10-18,0.0017201528
1997-10-19,0.023797154
1997-10-20,0.18286705
1997-10-21,1.2922287
1997-10-22,3.9978027
1997-10-23,0.49066544
1997-10-24,0.09435415
1997-10-25,0.0017303973
1997-10-26,0.0
1997-10-27,0.0025909394
1997-10-28,0.003008172
1997-10-29,0.0017192215
1997-10-30,0.00087032095
1997-10-31,0.0012759119
1997-11-01,0.0017229468
1997-11-02,0.0
1997-11-03,4.383087
1997-11-04,6.92749
1997-11-05,2.8076172
1997-11-06,20.385742
1997-11-07,5.2375793
1997-11-08,11.253357
1997-11-09,3.7441254
1997-11-10,3.5476685
1997-11-11,5.7525635
1997-11-12,5.8288574
1997-11-13,0.124931335
1997-11-14,0.006444752
1997-11-15,0.0037699938
1997-11-16,0.0
1997-11-17,0.35452843
1997-11-18,2.3708344
1997-11-19,0.4069805
1997-11-20,3.025055
1997-11-21,3.8700104
1997-11-22,0.20349026
1997-11-23,0.0029988587
1997-11-24,0.5464554
1997-11-25,0.3244877
1997-11-26,0.18262863
1997-11-27,0.13458729
1997-11-28,7.9574585
1997-11-29,1.9369125
1997-11-30,0.9498596
1997-12-01,6.958008
1997-12-02,5.48172
1997-12-03,1.4724731
1997-12-04,0.0017164275
1997-12-05,0.0045076013
1997-12-06,0.0
1997-12-07,0.0003874302
1997-12-08,4.6157837
1997-12-09,0.8339882
1997-12-10,7.1105957
1997-12-11,2.3670197
1997-12-12,0.46896935
1997-12-13,0.0008046627
1997-12-14,0.00043516047
1997-12-15,0.0017238781
1997-12-16,13.22937
1997-12-17,8.224487
1997-12-18,16.89148
1997-12-19,2.6950836
1997-12-20,5.8555603
1997-12-21,1.7948151
1997-12-22,6.5689087
1997-12-23,0.9393692
1997-12-24,0.92077255
1997-12-25,2.029419
1997-12-26,6.3171387
1997-12-27,1.1358261
1997-12-28,0.33426285
1997-12-29,0.002592802
1997-12-30,3.3512115
1997-12-31,11.054993
1998-01-01,0.8368492
1998-01-02,6.4468384
1998-01-03,1.9817352
1998-01-04,3.5037994
1998-01-05,2.7389526
1998-01-06,0.6394386
1998-01-07,0.020980835
1998-01-08,0.0
1998-01-09,0.0
1998-01-10,0.0025574118
1998-01-11,0.0
1998-01-12,0.0017285347
1998-01-13,0.73862076
1998-01-14,2.193451
1998-01-15,0.6055832
1998-01-16,9.963989
1998-01-17,0.005800277
1998-01-18,18.78357
1998-01-19,23.590088
1998-01-20,0.4556179
1998-01-21,0.0
1998-01-22,0.0017108396
1998-01-23,0.00085216016
1998-01-24,0.00011920929
1998-01-25,1.0442734
1998-01-26,0.0040903687
1998-01-27,0.002156943
1998-01-28,0.0012759119
1998-01-29,0.0040717423
1998-01-30,0.042766333
1998-01-31,0.06252527
1998-02-01,0.02065301
1998-02-02,1.0299683
1998-02-03,2.7236938
1998-02-04,0.004399568
1998-02-05,0.00085216016
1998-02-06,0.00082841143
1998-02-07,0.021129847
1998-02-08,0.044435263
1998-02-09,0.0
1998-02-10,0.00085821375
1998-02-11,0.0021513551
1998-02-12,0.0
1998-02-13,0.0042803586
1998-02-14,0.0
1998-02-15,0.0012954697
1998-02-16,0.074625015
1998-02-17,0.11342764
1998-02-18,0.00085216016
1998-02-19,0.015169382
1998-02-20,0.00044098124
1998-02-21,6.3552856
1998-02-22,5.1612854
1998-02-23,0.0060088933
1998-02-24,0.17011166
1998-02-25,0.00043516047
1998-02-26,0.00085821375
1998-02-27,0.07838011
1998-02-28,0.45371056
1998-03-01,0.41246414
1998-03-02,0.025957823
1998-03-03,0.074744225
1998-03-04,4.2648315
1998-03-05,0.5121231
1998-03-06,0.0017359853
1998-03-07,0.664711
1998-03-08,14.564514
1998-03-09,2.2125244
1998-03-10,0.0004172325
1998-03-11,6.6871643
1998-03-12,0.28800964
1998-03-13,0.0
1998-03-14,0.0022072345
1998-03-15,0.0
1998-03-16,0.0060088933
1998-03-17,0.0
1998-03-18,0.00043516047
1998-03-19,0.0034440309
1998-03-20,0.0
1998-03-21,0.00085821375
1998-03-22,0.001293607
1998-03-23,0.001729466
1998-03-24,0.0025704503
1998-03-25,0.0008591451
1998-03-26,0.0025909394
1998-03-27,0.00085216016
1998-03-28,0.00043516047
1998-03-29,5.218506
1998-03-30,8.407593
1998-03-31,4.386902
1998-04-01,2.439499
1998-04-02,5.9394836
1998-04-03,9.552002
1998-04-04,0.828743
1998-04-05,2.729416
1998-04-06,5.153656
1998-04-07,5.2490234
1998-04-08,1.1100769
1998-04-09,3.616333
1998-04-10,3.4236908
1998-04-11,2.2640228
1998-04-12,4.3411255
1998-04-13,1.7557144
1998-04-14,0.26988983
1998-04-15,5.748749
1998-04-16,10.4904175
1998-04-17,4.40979
1998-04-18,0.8883476
1998-04-19,0.35071373
1998-04-20,6.416321
1998-04-21,0.1718998
1998-04-22,1.2350082
1998-04-23,0.009387732
1998-04-24,0.5373955
1998-04-25,5.5503845
1998-04-26,14.289856
1998-04-27,3.9978027
1998-04-28,0.92458725
1998-04-29,9.82666
1998-04-30,3.610611
1998-05-01,4.0245056
1998-05-02,0.8234978
1998-05-03,0.9264946
1998-05-04,0.104010105
1998-05-05,0.061631203
1998-05-06,0.1411438
1998-05-07,0.0016968697
1998-05-08,0.0017117709
1998-05-09,0.00085216016
1998-05-10,0.00085216016
1998-05-11,0.45609474
1998-05-12,0.7481575
1998-05-13,0.0
1998-05-14,0.03552437
1998-05-15,9.872437
1998-05-16,0.1924038
1998-05-17,0.00086426735
1998-05-18,0.00085216016
1998-05-19,0.00085216016
1998-05-20,0.11438131
1998-05-21,0.0017359853
1998-05-22,0.23257732
1998-05-23,0.0034198165
1998-05-24,0.00043516047
1998-05-25,0.23174286
1998-05-26,0.66947937
1998-05-27,0.84638596
1998-05-28,3.2215118
1998-05-29,0.6375313
1998-05-30,6.1073303
1998-05-31,1.4543533
1998-06-01,9.979248
1998-06-02,2.3155212
1998-06-03,0.00911206
1998-06-04,0.11026859
1998-06-05,0.0025685877
1998-06-06,7.7400208
1998-06-07,0.07033348
1998-06-08,0.0017127022
1998-06-09,2.1133423
1998-06-10,8.18634
1998-06-11,3.2806396
1998-06-12,0.3080368
1998-06-13,1.739502
1998-06-14,0.6008148
1998-06-15,0.8087158
1998-06-16,0.2975464
1998-06-17,0.0021513551
1998-06-18,0.00085216016
1998-06-19,0.0017248094
1998-06-20,0.0034309924
1998-06-21,0.08684397
1998-06-22,0.0022221357
1998-06-23,0.0034477562
1998-06-24,0.00085216016
1998-06-25,1.5802383
1998-06-26,0.0021215528
1998-06-27,0.001186505
1998-06-28,0.014141202
1998-06-29,0.0017136335
1998-06-30,0.01873076
1998-07-01,15.945435
1998-07-02,1.6813278
1998-07-03,2.3899078
1998-07-04,0.026449561
1998-07-05,0.0012814999
1998-07-06,1.1301041
1998-07-07,9.628296
1998-07-08,0.7710457
1998-07-09,0.065624714
1998-07-10,0.027000904
1998-07-11,0.66137314
1998-07-12,0.036090612
1998-07-13,0.25820732
1998-07-14,0.048309565
1998-07-15,0.0012759119
1998-07-16,0.029370189
1998-07-17,0.4312992
1998-07-18,0.0
1998-07-19,1.5668869
1998-07-20,5.771637
1998-07-21,5.390167
1998-07-22,0.0
1998-07-23,0.0025816262
1998-07-24,0.48446655
1998-07-25,0.1308918
1998-07-26,0.041663647
1998-07-27,0.17976761
1998-07-28,0.49638748
1998-07-29,0.14770031
1998-07-30,0.30517578
1998-07-31,0.002283603
1998-08-01,0.47063828
1998-08-02,0.16331673
1998-08-03,0.07593632
1998-08-04,0.15068054
1998-08-05,0.0060386956
1998-08-06,0.00043516047
1998-08-07,0.001293607
1998-08-08,0.0
1998-08-09,0.00043213367
1998-08-10,0.33450127
1998-08-11,0.13375282
1998-08-12,2.9315948
1998-08-13,0.39362907
1998-08-14,0.0
1998-08-15,0.031888485
1998-08-16,0.64468384
1998-08-17,1.3475418
1998-08-18,0.0017108396
1998-08-19,0.00043516047
1998-08-20,0.086426735
1998-08-21,0.70238113
1998-08-22,2.4166107
1998-08-23,0.8635521
1998-08-24,0.7224083
1998-08-25,0.18715858
1998-08-26,0.0017220154
1998-08-27,0.002130866
1998-08-28,0.0012870878
1998-08-29,0.0012814999
1998-08-30,0.00043516047
1998-08-31,0.00043516047
1998-09-01,0.44202805
1998-09-02,9.902954
1998-09-03,0.038951635
1998-09-04,5.3863525
1998-09-05,1.11866
1998-09-06,0.005617738
1998-09-07,7.965088
1998-09-08,0.3504753
1998-09-09,0.0016996637
1998-09-10,1.0004044
1998-09-11,12.1536255
1998-09-12,4.8446655
1998-09-13,0.8044243
1998-09-14,1.5411377
1998-09-15,0.39243698
1998-09-16,3.2157898
1998-09-17,0.001299195
1998-09-18,0.00085821375
1998-09-19,0.0012759119
1998-09-20,0.00085216016
1998-09-21,0.0017108396
1998-09-22,0.41890144
1998-09-23,2.122879
1998-09-24,1.6899109
1998-09-25,2.6512146
1998-09-26,7.537842
1998-09-27,5.317688
1998-09-28,0.71430206
1998-09-29,6.416321
1998-09-30,2.6664734
1998-10-01,13.618469
1998-10-02,4.760742
1998-10-03,0.35333633
1998-10-04,1.6231537
1998-10-05,2.784729
1998-10-06,5.744934
1998-10-07,0.44941902
1998-10-08,6.160736
1998-10-09,3.4370422
1998-10-10,2.4108887
1998-10-11,4.119873
1998-10-12,1.3141632
1998-10-13,0.013127923
1998-10-14,0.002142042
1998-10-15,0.0041611493
1998-10-16,0.0
1998-10-17,1.1100769
1998-10-18,0.0009117648
1998-10-19,0.13935566
1998-10-20,0.005144626
1998-10-21,0.00085216016
1998-10-22,0.0
1998-10-23,0.5917549
1998-10-24,1.6107559
1998-10-25,11.749268
1998-10-26,3.1852722
1998-10-27,0.0017136335
1998-10-28,0.06097555
1998-10-29,3.6964417
1998-10-30,0.049173832
1998-10-31,0.0
1998-11-01,3.0994415
1998-11-02,1.5735626
1998-11-03,6.4086914
1998-11-04,3.0097961
1998-11-05,0.0058710575
1998-11-06,0.00085216016
1998-11-07,0.0017192215
1998-11-08,0.002156943
1998-11-09,1.4028549
1998-11-10,8.682251
1998-11-11,0.00085821375
1998-11-12,2.910614
1998-11-13,5.908966
1998-11-14,1.1739731
1998-11-15,0.19848347
1998-11-16,0.00043516047
1998-11-17,0.26869774
1998-11-18,0.0017229468
1998-11-19,0.0008465722
1998-11-20,0.00085216016
1998-11-21,0.00044098124
1998-11-22,0.0
1998-11-23,0.0
1998-11-24,0.39172173
1998-11-25,3.774643
1998-11-26,0.6289482
1998-11-27,5.153656
1998-11-28,7.358551
1998-11-29,0.7419586
1998-11-30,0.9293556
1998-12-01,0.00032782555
1998-12-02,0.010482967
1998-12-03,0.012487173
1998-12-04,0.0359416
1998-12-05,0.46563148
1998-12-06,0.4310608
1998-12-07,0.001706183
1998-12-08,0.0021345913
1998-12-09,1.6307831
1998-12-10,7.949829
1998-12-11,0.8506775
1998-12-12,1.5935898
1998-12-13,0.24354458
1998-12-14,0.00085821375
1998-12-15,0.0
1998-12-16,0.016823411
1998-12-17,0.02078712
1998-12-18,1.4257431
1998-12-19,0.259161
1998-12-20,12.123108
1998-12-21,0.0056810677
1998-12-22,0.0029951334
1998-12-23,0.009424984
1998-12-24,0.99372864
1998-12-25,0.00043516047
1998-12-26,0.056624413
1998-12-27,0.013321638
1998-12-28,0.34689903
1998-12-29,0.00043516047
1998-12-30,5.012512
1998-12-31,2.954483
1999-01-01,0.0021532178
1999-01-02,3.5266876
1999-01-03,0.74386597
1999-01-04,0.00042608008
1999-01-05,0.00043516047
1999-01-06,0.00086426735
1999-01-07,0.0359118
1999-01-08,3.3111572
1999-01-09,1.8091202
1999-01-10,0.17237663
1999-01-11,0.21922588
1999-01-12,0.024273992
1999-01-13,0.60510635
1999-01-14,1.2559891
1999-01-15,0.0
1999-01-16,0.00043516047
1999-01-17,10.414124
1999-01-18,0.00087032095
1999-01-19,0.0017071143
1999-01-20,0.0016996637
1999-01-21,0.0012898818
1999-01-22,0.027880073
1999-01-23,0.005930662
1999-01-24,0.0017071143
1999-01-25,0.003023073
1999-01-26,5.378723
1999-01-27,3.2634735
1999-01-28,1.1863708
1999-01-29,0.4079342
1999-01-30,0.0030100346
1999-01-31,0.0017238781
1999-02-01,0.0017043203
1999-02-02,0.078737736
1999-02-03,0.008150935
1999-02-04,0.19228458
1999-02-05,0.8034706
1999-02-06,0.34594536
1999-02-07,5.9165955
1999-02-08,3.6087036
1999-02-09,14.305115
1999-02-10,0.37837029
1999-02-11,0.085651875
1999-02-12,0.0
1999-02-13,0.00042608008
1999-02-14,0.0
1999-02-15,1.8377304
1999-02-16,0.5660057
1999-02-17,0.223279
1999-02-18,0.87976456
1999-02-19,0.57029724
1999-02-20,1.950264
1999-02-21,1.9493103
1999-02-22,2.5463104
1999-02-23,1.613617
1999-02-24,7.4424744
1999-02-25,0.063598156
1999-02-26,0.010557473
1999-02-27,5.6381226
1999-02-28,0.019699335
1999-03-01,0.004351139
1999-03-02,0.30899048
1999-03-03,8.583069
1999-03-04,5.1460266
1999-03-05,3.0269623
1999-03-06,2.029419
1999-03-07,1.2702942
1999-03-08,1.5621185
1999-03-09,0.010475516
1999-03-10,0.0019464642
1999-03-11,0.05093217
1999-03-12,1.7786026
1999-03-13,8.575439
1999-03-14,0.08034706
1999-03-15,0.06759167
1999-03-16,0.0
1999-03-17,0.00085216016
1999-03-18,0.01116097
1999-03-19,0.50258636
1999-03-20,0.0021290034
1999-03-21,0.6594658
1999-03-22,1.0089874
1999-03-23,0.003028661
1999-03-24,0.0012787059
1999-03-25,7.0610046
1999-03-26,6.5307617
1999-03-27,5.6915283
1999-03-28,0.19812584
1999-03-29,0.00043516047
1999-03-30,0.0012917444
1999-03-31,0.0
1999-04-01,1.6050339
1999-04-02,0.09649992
1999-04-03,1.9779205
1999-04-04,0.17666817
1999-04-05,0.0008554198
1999-04-06,0.89883804
1999-04-07,1.1777878
1999-04-08,0.2104044
1999-04-09,0.0093355775
1999-04-10,0.72288513
1999-04-11,1.1787415
1999-04-12,6.8130493
1999-04-13,1.2378693
1999-04-14,6.3171387
1999-04-15,0.70667267
1999-04-16,3.5743713
1999-04-17,5.8021545
1999-04-18,1.3170242
1999-04-19,3.7059784
1999-04-20,16.464233
1999-04-21,3.4389496
1999-04-22,1.9893646
1999-04-23,2.9277802
1999-04-24,0.7557869
1999-04-25,2.6073456
1999-04-26,0.028595328
1999-04-27,0.15258789
1999-04-28,2.0427704
1999-04-29,8.270264
1999-04-30,0.25773048
1999-05-01,0.7405281
1999-05-02,2.3555756
1999-05-03,5.9776306
1999-05-04,0.7762909
1999-05-05,0.61893463
1999-05-06,1.0023117
1999-05-07,12.283325
1999-05-08,0.043332577
1999-05-09,0.00043516047
1999-05-10,0.095546246
1999-05-11,0.14352798
1999-05-12,0.538826
1999-05-13,2.0980835
1999-05-14,6.9503784
1999-05-15,3.2520294
1999-05-16,0.24235249
1999-05-17,1.282692
1999-05-18,5.6877136
1999-05-19,7.671356
1999-05-20,4.878998
1999-05-21,1.0480881
1999-05-22,1.0023117
1999-05-23,0.24461746
1999-05-24,0.003684312
1999-05-25,0.044494867
1999-05-26,0.0
1999-05-27,6.504059
1999-05-28,0.00043516047
1999-05-29,0.23412704
1999-05-30,1.8634796
1999-05-31,4.234314
1999-06-01,0.20647049
1999-06-02,0.18143654
1999-06-03,0.80156326
1999-06-04,0.9794235
1999-06-05,12.832642
1999-06-06,1.4533997
1999-06-07,6.362915
1999-06-08,0.27680397
1999-06-09,0.0017080456
1999-06-10,0.06771088
1999-06-11,0.07969141
1999-06-12,0.083982944
1999-06-13,0.00086426735
1999-06-14,0.0034514815
1999-06-15,0.0015478581
1999-06-16,0.0
1999-06-17,0.0012759119
1999-06-18,0.0526011
1999-06-19,0.0017043203
1999-06-20,0.0029988587
1999-06-21,0.60653687
1999-06-22,0.0021588057
1999-06-23,0.0004558824
1999-06-24,0.00043516047
1999-06-25,12.062073
1999-06-26,0.5245209
1999-06-27,5.065918
1999-06-28,0.17106533
1999-06-29,2.904892
1999-06-30,0.43225288
1999-07-01,0.001299195
1999-07-02,0.60892105
1999-07-03,0.0054724514
1999-07-04,13.511658
1999-07-05,4.322052
1999-07-06,0.82063675
1999-07-07,0.06258488
1999-07-08,0.0008614734
1999-07-09,0.0017164275
1999-07-10,0.06771088
1999-07-11,2.8705597
1999-07-12,8.392334
1999-07-13,8.94165
1999-07-14,0.6432533
1999-07-15,0.8368492
1999-07-16,0.010550022
1999-07-17,0.05725026
1999-07-18,12.825012
1999-07-19,0.3068447
1999-07-20,0.0061392784
1999-07-21,0.579834
1999-07-22,0.016242266
1999-07-23,0.00085216016
1999-07-24,0.0
1999-07-25,0.0012814999
1999-07-26,0.00042608008
1999-07-27,12.9776
1999-07-28,5.214691
1999-07-29,5.748749
1999-07-30,1.0032654
1999-07-31,6.55365
1999-08-01,0.22244453
1999-08-02,6.2408447
1999-08-03,1.1091232
1999-08-04,1.4333725
1999-08-05,0.5493164
1999-08-06,8.903503
1999-08-07,11.833191
1999-08-08,0.31256676
1999-08-09,0.050127506
1999-08-10,0.62417984
1999-08-11,0.25200844
1999-08-12,0.61511993
1999-08-13,0.00680238
1999-08-14,0.30326843
1999-08-15,0.08392334
1999-08-16,13.755798
1999-08-17,0.2655983
1999-08-18,1.1014938
1999-08-19,0.039309263
1999-08-20,0.0012870878
1999-08-21,0.0
1999-08-22,0.0013951212
1999-08-23,0.00042608008
1999-08-24,0.0
1999-08-25,9.613037
1999-08-26,5.9394836
1999-08-27,0.7147789
1999-08-28,0.0015739352
1999-08-29,0.00043516047
1999-08-30,0.0025797635
1999-08-31,0.00085216016
1999-09-01,0.00043516047
1999-09-02,0.00085821375
1999-09-03,0.0
1999-09-04,0.00042608008
1999-09-05,5.1193237
1999-09-06,7.247925
1999-09-07,0.011362135
1999-09-08,0.00044098124
1999-09-09,2.9802322e-05
1999-09-10,0.001293607
1999-09-11,0.00043516047
1999-09-12,2.0999908
1999-09-13,44.067383
1999-09-14,6.072998
1999-09-15,0.010326505
1999-09-16,0.0028833747
1999-09-17,6.0691833
1999-09-18,0.020161271
1999-09-19,11.917114
1999-09-20,2.5234222
1999-09-21,10.559082
1999-09-22,3.1433105
1999-09-23,0.28133392
1999-09-24,1.4276505
1999-09-25,7.7934265
1999-09-26,0.24354458
1999-09-27,2.2201538
1999-09-28,0.5950928
1999-09-29,0.00085216016
1999-09-30,11.688232
1999-10-01,0.18775463
1999-10-02,3.5324097
1999-10-03,7.2364807
1999-10-04,1.953125
1999-10-05,0.002572313
1999-10-06,0.00086892396
1999-10-07,0.00042608008
1999-10-08,0.00042654574
1999-10-09,0.07688999
1999-10-10,0.0
1999-10-11,0.00044098124
1999-10-12,0.002330169
1999-10-13,1.6546249
1999-10-14,6.2065125
1999-10-15,0.11843443
1999-10-16,0.0
1999-10-17,9.58252
1999-10-18,16.76941
1999-10-19,3.3950806
1999-10-20,5.340576
1999-10-21,1.3217926
1999-10-22,8.94165
1999-10-23,0.2632141
1999-10-24,12.313843
1999-10-25,0.0021476299
1999-10-26,0.00043516047
1999-10-27,0.00085821375
1999-10-28,0.0008554198
1999-10-29,0.0013411045
1999-10-30,0.14746189
1999-10-31,0.0
1999-11-01,0.021338463
1999-11-02,3.90625
1999-11-03,0.0025797635
1999-11-04,0.00043516047
1999-11-05,1.6489029
1999-11-06,2.3040771
1999-11-07,0.00085216016
1999-11-08,0.0846982
1999-11-09,0.018149614
1999-11-10,0.0012759119
1999-11-11,0.3476143
1999-11-12,14.053345
1999-11-13,17.593384
1999-11-14,3.6773682
1999-11-15,0.0009476207
1999-11-16,1.1291504
1999-11-17,1.5888214
1999-11-18,9.880066
1999-11-19,0.13434887
1999-11-20,0.2117157
1999-11-21,0.44727325
1999-11-22,0.3142357
1999-11-23,0.23889542
1999-11-24,0.06967783
1999-11-25,0.023782253
1999-11-26,0.00086426735
1999-11-27,0.005610287
1999-11-28,0.00085355714
1999-11-29,0.0
1999-11-30,0.00043516047
1999-12-01,0.04518032
1999-12-02,0.0333488
1999-12-03,0.0846982
1999-12-04,2.5863647
1999-12-05,0.0026393682
1999-12-06,0.0021457672
1999-12-07,0.02387166
1999-12-08,0.019937754
1999-12-09,7.5187683
1999-12-10,5.191803
1999-12-11,1.1548996
1999-12-12,4.34494
1999-12-13,1.4820099
1999-12-14,14.556885
1999-12-15,0.6465912
1999-12-16,0.02963841
1999-12-17,1.6489029
1999-12-18,12.191772
1999-12-19,2.6054382
1999-12-20,0.00043516047
1999-12-21,0.00087032095
1999-12-22,0.0017285347
1999-12-23,0.44226646
1999-12-24,0.003254041
1999-12-25,5.2757263
1999-12-26,8.392334
1999-12-27,22.506714
1999-12-28,3.9978027
1999-12-29,0.0012814999
1999-12-30,1.0156631
1999-12-31,3.1356812
2000-01-01,0.5173683
2000-01-02,0.03322959
2000-01-03,0.041991472
2000-01-04,0.023245811
2000-01-05,0.004608184
2000-01-06,0.00043516047
2000-01-07,0.7300377
2000-01-08,1.8901825
2000-01-09,5.5618286
2000-01-10,0.0
2000-01-11,0.0030100346
2000-01-12,0.03632903
2000-01-13,0.009506941
2000-01-14,0.0008707866
2000-01-15,0.0004945323
2000-01-16,0.00085216016
2000-01-17,0.00085216016
2000-01-18,0.037819147
2000-01-19,0.028774142
2000-01-20,0.0
2000-01-21,0.017553568
2000-01-22,0.6957054
2000-01-23,0.083088875
2000-01-24,0.057309866
2000-01-25,0.0012870878
2000-01-26,0.0012926757
2000-01-27,0.00043516047
2000-01-28,0.001270324
2000-01-29,0.71430206
2000-01-30,0.49829483
2000-01-31,0.008627772
2000-02-01,0.027433038
2000-02-02,4.8065186
2000-02-03,0.067830086
2000-02-04,0.00043516047
2000-02-05,0.0047273934
2000-02-06,1.8901825
2000-02-07,2.0275116
2000-02-08,1.991272
2000-02-09,0.0014528632
2000-02-10,0.057548285
2000-02-11,0.09304285
2000-02-12,0.0017071143
2000-02-13,4.4174194
2000-02-14,2.1247864
2000-02-15,1.2140274
2000-02-16,4.135132
2000-02-17,9.254456
2000-02-18,0.9841919
2000-02-19,1.9130707
2000-02-20,0.00086426735
2000-02-21,0.00042608008
2000-02-22,0.0025685877
2000-02-23,0.019267201
2000-02-24,0.29587746
2000-02-25,0.0016866252
2000-02-26,0.00042608008
2000-02-27,0.0008554198
2000-02-28,0.7634163
2000-02-29,4.40979
2000-03-01,18.737793
2000-03-02,0.00043516047
2000-03-03,0.056505203
2000-03-04,1.7910004
2000-03-05,0.00043516047
2000-03-06,0.00085216016
2000-03-07,0.0012852252
2000-03-08,0.00043516047
2000-03-09,0.0
2000-03-10,0.0025480986
2000-03-11,0.002572313
2000-03-12,0.00042608008
2000-03-13,0.0
2000-03-14,0.00043516047
2000-03-15,0.05596876
2000-03-16,0.0
2000-03-17,0.0012917444
2000-03-18,0.0
2000-03-19,0.051558018
2000-03-20,0.00043516047
2000-03-21,0.0017173588
2000-03-22,0.11634827
2000-03-23,8.758545
2000-03-24,0.39291382
2000-03-25,1.408577
2000-03-26,9.437561
2000-03-27,10.299683
2000-03-28,0.4169941
2000-03-29,5.355835
2000-03-30,1.6670227
2000-03-31,5.268097
2000-04-01,0.6504059
2000-04-02,1.0871887
2000-04-03,3.0097961
2000-04-04,7.247925
2000-04-05,3.2749176
2000-04-06,0.0056512654
2000-04-07,0.0012814999
2000-04-08,2.7503967
2000-04-09,6.5956116
2000-04-10,3.8909912
2000-04-11,4.924774
2000-04-12,4.7073364
2000-04-13,4.283905
2000-04-14,10.543823
2000-04-15,2.029419
2000-04-16,8.918762
2000-04-17,0.5288124
2000-04-18,3.1547546
2000-04-19,0.029847026
2000-04-20,0.054985285
2000-04-21,0.13077259
2000-04-22,12.168884
2000-04-23,5.1879883
2000-04-24,0.07712841
2000-04-25,0.20217896
2000-04-26,6.0539246
2000-04-27,15.960693
2000-04-28,2.790451
2000-04-29,0.0107213855
2000-04-30,0.019058585
2000-05-01,0.0008707866
2000-05-02,0.007517636
2000-05-03,0.02655387
2000-05-04,0.0065267086
2000-05-05,8.06427
2000-05-06,8.216858
2000-05-07,3.627777
2000-05-08,0.6890297
2000-05-09,0.44250488
2000-05-10,7.0381165
2000-05-11,4.375458
2000-05-12,3.030777
2000-05-13,0.6518364
2000-05-14,0.00085216016
2000-05-15,0.00048568472
2000-05-16,7.1640015
2000-05-17,5.9432983
2000-05-18,0.3964901
2000-05-19,0.66518784
2000-05-20,0.44441223
2000-05-21,0.19609928
2000-05-22,0.0042803586
2000-05-23,0.0
2000-05-24,0.00043516047
2000-05-25,1.1034012
2000-05-26,3.063202
2000-05-27,0.31352043
2000-05-28,9.315491
2000-05-29,0.22733212
2000-05-30,0.9717941
2000-05-31,0.2977848
2000-06-01,0.0021345913
2000-06-02,0.07468462
2000-06-03,0.027701259
2000-06-04,7.9574585
2000-06-05,8.003235
2000-06-06,0.44965744
2000-06-07,0.014379621
2000-06-08,0.00044098124
2000-06-09,18.371582
2000-06-10,8.087158
2000-06-11,0.34308434
2000-06-12,0.020697713
2000-06-13,0.1784563
2000-06-14,0.34570694
2000-06-15,0.00044098124
2000-06-16,0.00085821375
2000-06-17,0.0
2000-06-18,0.00085448846
2000-06-19,0.00085216016
2000-06-20,0.35429
2000-06-21,0.7252693
2000-06-22,0.3554821
2000-06-23,0.025644898
2000-06-24,0.5002022
2000-06-25,0.041007996
2000-06-26,0.00053923577
2000-06-27,0.011101365
2000-06-28,0.15962124
2000-06-29,0.32758713
2000-06-30,0.022038817
2000-07-01,7.5683594
2000-07-02,0.2861023
2000-07-03,4.436493
2000-07-04,2.8057098
2000-07-05,0.015944242
2000-07-06,2.2506714
2000-07-07,1.6679764
2000-07-08,0.0526309
2000-07-09,0.29587746
2000-07-10,9.307861
2000-07-11,1.663208
2000-07-12,0.007919967
2000-07-13,0.7882118
2000-07-14,2.9010773
2000-07-15,2.2678375
2000-07-16,0.0012870878
2000-07-17,0.0
2000-07-18,0.00086426735
2000-07-19,0.046402216
2000-07-20,0.0016903505
2000-07-21,0.0
2000-07-22,5.2986145
2000-07-23,12.550354
2000-07-24,1.200676
2000-07-25,7.05719
2000-07-26,0.03901124
2000-07-27,0.010579824
2000-07-28,0.38671494
2000-07-29,0.25081635
2000-07-30,0.0008549541
2000-07-31,0.0013038516
2000-08-01,0.66280365
2000-08-02,4.8065186
2000-08-03,1.0118484
2000-08-04,2.1018982
2000-08-05,0.15497208
2000-08-06,0.10484457
2000-08-07,0.07790327
2000-08-08,0.0017108396
2000-08-09,0.0034458935
2000-08-10,0.0017136335
2000-08-11,0.38337708
2000-08-12,3.3855438
2000-08-13,0.0099390745
2000-08-14,0.0017154962
2000-08-15,0.36287308
2000-08-16,0.00043516047
2000-08-17,0.5540848
2000-08-18,4.699707
2000-08-19,2.2525787
2000-08-20,3.0059814
2000-08-21,18.325806
2000-08-22,0.00044098124
2000-08-23,0.0017154962
2000-08-24,0.09024143
2000-08-25,0.014729798
2000-08-26,24.932861
2000-08-27,0.8635521
2000-08-28,0.0020768493
2000-08-29,0.13661385
2000-08-30,2.2068024
2000-08-31,1.6460419
2000-09-01,0.44202805
2000-09-02,0.26750565
2000-09-03,0.2696514
2000-09-04,0.0066943467
2000-09-05,0.00043516047
2000-09-06,0.0008554198
2000-09-07,0.56934357
2000-09-08,0.0
2000-09-09,0.00043190084
2000-09-10,0.0008465722
2000-09-11,0.026881695
2000-09-12,4.6043396
2000-09-13,0.016450882
2000-09-14,0.0012842938
2000-09-15,0.00042794272
2000-09-16,0.29158592
2000-09-17,0.00085216016
2000-09-18,0.031530857
2000-09-19,21.850586
2000-09-20,2.4471283
2000-09-21,0.0
2000-09-22,0.0017108396
2000-09-23,0.00043516047
2000-09-24,0.09304285
2000-09-25,0.001270324
2000-09-26,0.7195473
2000-09-27,0.12540817
2000-09-28,1.5821457
2000-09-29,0.96035004
2000-09-30,4.1389465
2000-10-01,1.9416809
2000-10-02,1.6336441
2000-10-03,0.0060796738
2000-10-04,0.00086426735
2000-10-05,0.45514107
2000-10-06,0.2207756
2000-10-07,0.00086426735
2000-10-08,0.28514862
2000-10-09,6.8893433
2000-10-10,6.9885254
2000-10-11,19.683838
2000-10-12,0.73719025
2000-10-13,0.28252602
2000-10-14,5.756378
2000-10-15,13.8168335
2000-10-16,8.300781
2000-10-17,3.7441254
2000-10-18,0.00085821375
2000-10-19,1.3303757
2000-10-20,0.91695786
2000-10-21,1.6889572
2000-10-22,0.30446053
2000-10-23,0.18453598
2000-10-24,0.089645386
2000-10-25,0.049173832
2000-10-26,1.5554428
2000-10-27,0.0012759119
2000-10-28,0.00519678
2000-10-29,0.12993813
2000-10-30,11.611938
2000-10-31,6.6871643
2000-11-01,3.7174225
2000-11-02,8.140564
2000-11-03,7.9727173
2000-11-04,3.8814545
2000-11-05,23.30017
2000-11-06,10.955811
2000-11-07,12.802124
2000-11-08,6.828308
2000-11-09,1.5144348
2000-11-10,0.055611134
2000-11-11,0.0
2000-11-12,11.184692
2000-11-13,8.880615
2000-11-14,0.22315979
2000-11-15,0.33593178
2000-11-16,2.0065308
2000-11-17,1.2998581
2000-11-18,0.9212494
2000-11-19,9.674072
2000-11-20,6.6871643
2000-11-21,6.0539246
2000-11-22,7.9956055
2000-11-23,9.902954
2000-11-24,0.22888184
2000-11-25,5.2948
2000-11-26,4.9934387
2000-11-27,9.94873
2000-11-28,0.0012982637
2000-11-29,1.8501282
2000-11-30,0.02232194
2000-12-01,4.016876
2000-12-02,9.643555
2000-12-03,0.05877018
2000-12-04,0.0017052516
2000-12-05,0.17261505
2000-12-06,2.5539398
2000-12-07,5.0697327
2000-12-08,4.8103333
2000-12-09,0.09214878
2000-12-10,2.8038025
2000-12-11,0.25725365
2000-12-12,0.006109476
2000-12-13,0.85163116
2000-12-14,9.017944
2000-12-15,1.5640259
2000-12-16,2.3899078
2000-12-17,1.3828278
2000-12-18,1.9235611
2000-12-19,0.0008465722
2000-12-20,0.00085216016
2000-12-21,0.0012814999
2000-12-22,0.0
2000-12-23,0.06991625
2000-12-24,2.4700165
2000-12-25,0.51403046
2000-12-26,4.310608
2000-12-27,0.82445145
2000-12-28,10.726929
2000-12-29,6.4430237
2000-12-30,10.070801
2000-12-31,0.038594007
2001-01-01,0.910759
2001-01-02,0.45108795
2001-01-03,4.634857
2001-01-04,5.340576
2001-01-05,18.90564
2001-01-06,3.129959
2001-01-07,0.61416626
2001-01-08,0.24819374
2001-01-09,0.81014633
2001-01-10,0.0008554198
2001-01-11,4.0779114
2001-01-12,4.7454834
2001-01-13,1.2626648
2001-01-14,0.079631805
2001-01-15,1.8701553
2001-01-16,0.98609924
2001-01-17,1.2493134
2001-01-18,2.2335052
2001-01-19,0.76532364
2001-01-20,0.16713142
2001-01-21,0.47039986
2001-01-22,6.0806274
2001-01-23,0.8172989
2001-01-24,13.2369995
2001-01-25,2.7122498
2001-01-26,9.666443
2001-01-27,0.14746189
2001-01-28,7.8582764
2001-01-29,3.6334991
2001-01-30,2.5291443
2001-01-31,1.6908646
2001-02-01,0.04121661
2001-02-02,0.36501884
2001-02-03,3.1909943
2001-02-04,0.8854866
2001-02-05,0.93221664
2001-02-06,0.39553642
2001-02-07,0.58698654
2001-02-08,2.3021698
2001-02-09,0.9775162
2001-02-10,0.014208257
2001-02-11,0.014290214
2001-02-12,0.0123903155
2001-02-13,0.03424287
2001-02-14,0.037938356
2001-02-15,0.0017108396
2001-02-16,0.025346875
2001-02-17,0.034034252
2001-02-18,0.015720725
2001-02-19,0.00085821375
2001-02-20,0.0
2001-02-21,0.0008502975
2001-02-22,0.13375282
2001-02-23,0.74768066
2001-02-24,0.026464462
2001-02-25,0.11432171
2001-02-26,0.5583763
2001-02-27,4.714966
2001-02-28,5.619049
2001-03-01,3.0937195
2001-03-02,21.652222
2001-03-03,10.215759
2001-03-04,15.25116
2001-03-05,0.008225441
2001-03-06,0.46777725
2001-03-07,4.169464
2001-03-08,6.5841675
2001-03-09,5.783081
2001-03-10,4.4784546
2001-03-11,2.4547577
2001-03-12,8.827209
2001-03-13,2.872467
2001-03-14,0.83494186
2001-03-15,0.04351139
2001-03-16,0.7367134
2001-03-17,3.124237
2001-03-18,1.3666153
2001-03-19,2.4604797
2001-03-20,5.252838
2001-03-21,7.1907043
2001-03-22,0.4954338
2001-03-23,0.029340386
2001-03-24,0.9241104
2001-03-25,3.6010742
2001-03-26,0.4785061
2001-03-27,0.8049011
2001-03-28,7.007599
2001-03-29,13.259888
2001-03-30,0.11277199
2001-03-31,0.0025704503
2001-04-01,0.0
2001-04-02,3.047943
2001-04-03,0.27418137
2001-04-04,1.7347336
2001-04-05,0.18537045
2001-04-06,7.583618
2001-04-07,5.9661865
2001-04-08,0.30589104
2001-04-09,0.46396255
2001-04-10,1.8024445
2001-04-11,0.6489754
2001-04-12,0.00042608008
2001-04-13,0.0060759485
2001-04-14,0.00087264925
2001-04-15,0.2142191
2001-04-16,1.6965866
2001-04-17,0.001293607
2001-04-18,1.9102097
2001-04-19,0.9522438
2001-04-20,1.7957687
2001-04-21,1.2216568
2001-04-22,16.723633
2001-04-23,2.0561218
2001-04-24,8.651733
2001-04-25,3.40271
2001-04-26,0.16188622
2001-04-27,0.36501884
2001-04-28,3.5133362
2001-04-29,11.962891
2001-04-30,27.801514
2001-05-01,4.1236877
2001-05-02,0.3077984
2001-05-03,1.3523102
2001-05-04,1.9226074
2001-05-05,4.2419434
2001-05-06,0.36907196
2001-05-07,0.12886524
2001-05-08,0.22244453
2001-05-09,0.07915497
2001-05-10,3.2348633
2001-05-11,0.009179115
2001-05-12,0.00043516047
2001-05-13,0.050365925
2001-05-14,5.897522
2001-05-15,2.2850037
2001-05-16,7.759094
2001-05-17,2.729416
2001-05-18,0.00086426735
2001-05-19,0.0
2001-05-20,0.00085216016
2001-05-21,0.018700957
2001-05-22,8.041382
2001-05-23,2.5901794
2001-05-24,0.21231174
2001-05-25,0.044226646
2001-05-26,0.0008554198
2001-05-27,0.0
2001-05-28,0.0025741756
2001-05-29,0.001299195
2001-05-30,0.010430813
2001-05-31,0.099003315
2001-06-01,0.00042608008
2001-06-02,0.0
2001-06-03,0.28896332
2001-06-04,0.0012880191
2001-06-05,0.0011920929
2001-06-06,0.31471252
2001-06-07,0.010892749
2001-06-08,1.6441345
2001-06-09,1.7461777
2001-06-10,0.6556511
2001-06-11,0.07736683
2001-06-12,0.00085216016
2001-06-13,0.0166744
2001-06-14,0.00043516047
2001-06-15,6.072998
2001-06-16,5.7754517
2001-06-17,1.11866
2001-06-18,0.34928322
2001-06-19,0.0012814999
2001-06-20,0.0012870878
2001-06-21,0.0
2001-06-22,0.0
2001-06-23,0.07647276
2001-06-24,0.01424551
2001-06-25,0.0050514936
2001-06-26,0.04181266
2001-06-27,6.8092346
2001-06-28,0.050991774
2001-06-29,0.0012805685
2001-06-30,0.0
2001-07-01,0.0017220154
2001-07-02,0.0
2001-07-03,0.00821799
2001-07-04,24.18518
2001-07-05,16.952515
2001-07-06,15.945435
2001-07-07,1.5888214
2001-07-08,0.50354004
2001-07-09,0.010766089
2001-07-10,0.03412366
2001-07-11,0.80776215
2001-07-12,0.22399426
2001-07-13,1.244545
2001-07-14,6.5727234
2001-07-15,0.29158592
2001-07-16,0.0011920929
2001-07-17,9.07135
2001-07-18,1.3866425
2001-07-19,6.4697266
2001-07-20,0.22041798
2001-07-21,0.002136454
2001-07-22,0.001296401
2001-07-23,0.96035004
2001-07-24,0.0
2001-07-25,0.0012777746
2001-07-26,0.46682358
2001-07-27,17.105103
2001-07-28,0.83875656
2001-07-29,0.015102327
2001-07-30,0.0017043203
2001-07-31,0.0008489005
2001-08-01,0.08583069
2001-08-02,2.216339
2001-08-03,0.05480647
2001-08-04,1.0471344
2001-08-05,1.1091232
2001-08-06,0.9422302
2001-08-07,1.4219284
2001-08-08,0.7286072
2001-08-09,0.26106834
2001-08-10,0.00042608008
2001-08-11,0.0
2001-08-12,0.00043516047
2001-08-13,0.0
2001-08-14,2.5119781
2001-08-15,11.985779
2001-08-16,8.171082
2001-08-17,0.072300434
2001-08-18,2.0275116
2001-08-19,2.2411346
2001-08-20,0.21314621
2001-08-21,0.0
2001-08-22,0.0
2001-08-23,0.00085216016
2001-08-24,0.002572313
2001-08-25,0.0008614734
2001-08-26,0.0020712614
2001-08-27,0.17118454
2001-08-28,1.6412735
2001-08-29,3.8814545
2001-08-30,1.4066696
2001-08-31,0.31733513
2001-09-01,0.0
2001-09-02,0.0
2001-09-03,0.00087032095
2001-09-04,0.23376942
2001-09-05,0.0
2001-09-06,0.0
2001-09-07,0.4119873
2001-09-08,0.34999847
2001-09-09,1.5611649
2001-09-10,0.0017136335
2001-09-11,0.0
2001-09-12,0.0
2001-09-13,1.2874603
2001-09-14,0.8072853
2001-09-15,0.014580786
2001-09-16,0.01975894
2001-09-17,0.48041344
2001-09-18,0.088214874
2001-09-19,0.9431839
2001-09-20,0.00032782555
2001-09-21,3.686905
2001-09-22,17.303467
2001-09-23,46.75293
2001-09-24,0.0021457672
2001-09-25,5.004883
2001-09-26,0.0016558915
2001-09-27,0.0004239846
2001-09-28,3.8757324
2001-09-29,3.5953522
2001-09-30,0.0033471733
2001-10-01,0.0
2001-10-02,0.1424551
2001-10-03,8.232117
2001-10-04,0.15950203
2001-10-05,0.30350685
2001-10-06,0.415802
2001-10-07,0.41365623
2001-10-08,2.702713
2001-10-09,0.28777122
2001-10-10,0.0012638047
2001-10-11,0.0017136335
2001-10-12,0.0
2001-10-13,4.5700073
2001-10-14,0.08350611
2001-10-15,0.5350113
2001-10-16,0.00085821375
2001-10-17,1.7738342
2001-10-18,4.447937
2001-10-19,7.8582764
2001-10-20,3.3950806
2001-10-21,0.8301735
2001-10-22,0.005658716
2001-10-23,2.6664734
2001-10-24,0.0025909394
2001-10-25,0.016897917
2001-10-26,0.00085216016
2001-10-27,0.0
2001-10-28,0.032156706
2001-10-29,0.0
2001-10-30,0.00042608008
2001-10-31,0.0012870878
2001-11-01,0.0
2001-11-02,0.0017043203
2001-11-03,0.00043516047
2001-11-04,0.0025816262
2001-11-05,0.055283308
2001-11-06,0.0097081065
2001-11-07,2.4414062
2001-11-08,7.0381165
2001-11-09,0.16641617
2001-11-10,0.0021439046
2001-11-11,0.0012870878
2001-11-12,1.5649796
2001-11-13,6.9618225
2001-11-14,0.010497868
2001-11-15,0.00043516047
2001-11-16,1.1739731
2001-11-17,0.20706654
2001-11-18,0.12409687
2001-11-19,0.022798777
2001-11-20,0.0020507723
2001-11-21,0.024795532
2001-11-22,0.10383129
2001-11-23,0.3836155
2001-11-24,0.45228004
2001-11-25,1.033783
2001-11-26,9.208679
2001-11-27,0.09292364
2001-11-28,2.1648407
2001-11-29,0.18370152
2001-11-30,0.050008297
2001-12-01,0.021725893
2001-12-02,0.00043516047
2001-12-03,0.20051003
2001-12-04,0.022605062
2001-12-05,0.52928925
2001-12-06,0.56409836
2001-12-07,0.002142042
2001-12-08,0.002577901
2001-12-09,0.0
2001-12-10,0.00085821375
2001-12-11,0.0
2001-12-12,0.001299195
2001-12-13,0.0008554198
2001-12-14,0.01783669
2001-12-15,0.0
2001-12-16,0.00085216016
2001-12-17,0.002982095
2001-12-18,0.00042608008
2001-12-19,0.001293607
2001-12-20,0.000747852
2001-12-21,0.0
2001-12-22,3.0269623
2001-12-23,1.8529892
2001-12-24,0.00011920929
2001-12-25,1.2073517
2001-12-26,3.4770966
2001-12-27,1.1072159
2001-12-28,0.5726814
2001-12-29,5.5122375
2001-12-30,9.155273
2001-12-31,0.19848347
2002-01-01,0.004827976
2002-01-02,0.18715858
2002-01-03,0.55933
2002-01-04,1.2140274
2002-01-05,0.004183501
2002-01-06,0.00042608008
2002-01-07,0.056147575
2002-01-08,0.20051003
2002-01-09,0.0017173588
2002-01-10,0.00085216016
2002-01-11,0.018954277
2002-01-12,0.011518598
2002-01-13,2.9315948
2002-01-14,0.29468536
2002-01-15,9.513855
2002-01-16,0.05468726
2002-01-17,0.0
2002-01-18,0.00043516047
2002-01-19,1.6307831
2002-01-20,0.099658966
2002-01-21,0.5993843
2002-01-22,2.1858215
2002-01-23,1.4867783
2002-01-24,2.7103424
2002-01-25,0.7171631
2002-01-26,0.0026859343
2002-01-27,0.06854534
2002-01-28,0.0017089769
2002-01-29,0.001293607
2002-01-30,0.0017192215
2002-01-31,0.6599426
2002-02-01,0.0012870878
2002-02-02,0.0
2002-02-03,0.60367584
2002-02-04,0.0030100346
2002-02-05,9.941101
2002-02-06,3.9405823
2002-02-07,0.00043888576
2002-02-08,0.6465912
2002-02-09,0.09614229
2002-02-10,0.16975403
2002-02-11,0.0008614734
2002-02-12,0.0
2002-02-13,1.4753342
2002-02-14,5.2375793
2002-02-15,3.1013489
2002-02-16,0.8378029
2002-02-17,0.3848076
2002-02-18,0.19311905
2002-02-19,0.51927567
2002-02-20,11.764526
2002-02-21,0.1270771
2002-02-22,0.15854836
2002-02-23,3.2100677
2002-02-24,0.7004738
2002-02-25,0.395298
2002-02-26,0.39339066
2002-02-27,4.299164
2002-02-28,3.4179688
2002-03-01,8.956909
2002-03-02,2.336502
2002-03-03,0.19848347
2002-03-04,0.0017415732
2002-03-05,0.4787445
2002-03-06,0.59986115
2002-03-07,1.9168854
2002-03-08,0.08666515
2002-03-09,0.09608269
2002-03-10,0.011667609
2002-03-11,0.3502369
2002-03-12,0.78964233
2002-03-13,0.19717216
2002-03-14,5.6648254
2002-03-15,0.16140938
2002-03-16,8.132935
2002-03-17,2.1705627
2002-03-18,3.1719208
2002-03-19,1.3904572
2002-03-20,0.031352043
2002-03-21,0.00043516047
2002-03-22,0.9794235
2002-03-23,0.0017285347
2002-03-24,0.00085821375
2002-03-25,0.00042654574
2002-03-26,0.0
2002-03-27,0.00042608008
2002-03-28,0.004220754
2002-03-29,0.020176172
2002-03-30,0.2503395
2002-03-31,0.021368265
2002-04-01,0.0346601
2002-04-02,0.00043516047
2002-04-03,15.655518
2002-04-04,2.8152466
2002-04-05,0.020489097
2002-04-06,1.8205643
2002-04-07,5.5160522
2002-04-08,10.498047
2002-04-09,0.12135506
2002-04-10,1.2350082
2002-04-11,8.705139
2002-04-12,0.07891655
2002-04-13,0.31471252
2002-04-14,0.45776367
2002-04-15,0.30255318
2002-04-16,0.13577938
2002-04-17,0.00085216016
2002-04-18,0.006247312
2002-04-19,0.00085821375
2002-04-20,0.0017164275
2002-04-21,0.00044098124
2002-04-22,0.0017108396
2002-04-23,0.00043516047
2002-04-24,0.0017192215
2002-04-25,0.0
2002-04-26,1.3370514
2002-04-27,0.016763806
2002-04-28,0.15580654
2002-04-29,0.49638748
2002-04-30,4.524231
2002-05-01,7.297516
2002-05-02,8.575439
2002-05-03,1.7118454
2002-05-04,1.8606186
2002-05-05,0.14662743
2002-05-06,0.0
2002-05-07,0.26464462
2002-05-08,6.072998
2002-05-09,9.895325
2002-05-10,11.09314
2002-05-11,1.2340546
2002-05-12,0.83112717
2002-05-13,1.2378693
2002-05-14,0.0037290156
2002-05-15,0.00085821375
2002-05-16,0.00082841143
2002-05-17,18.02063
2002-05-18,0.16725063
2002-05-19,0.000923872
2002-05-20,1.0280609
2002-05-21,3.993988
2002-05-22,16.159058
2002-05-23,4.6958923
2002-05-24,1.411438
2002-05-25,4.447937
2002-05-26,4.322052
2002-05-27,4.0626526
2002-05-28,0.48804283
2002-05-29,0.0012870878
2002-05-30,0.00047683716
2002-05-31,0.0
2002-06-01,0.040978193
2002-06-02,0.53596497
2002-06-03,7.5798035
2002-06-04,27.496338
2002-06-05,7.194519
2002-06-06,0.43177605
2002-06-07,2.5749207
2002-06-08,4.4937134
2002-06-09,0.6389618
2002-06-10,0.5159378
2002-06-11,0.017523766
2002-06-12,0.0008554198
2002-06-13,0.0
2002-06-14,0.0
2002-06-15,0.0034254044
2002-06-16,0.00085216016
2002-06-17,0.00085216016
2002-06-18,0.004924834
2002-06-19,1.3904572
2002-06-20,2.6988983
2002-06-21,0.00086426735
2002-06-22,0.0017238781
2002-06-23,1.0480881
2002-06-24,1.6384125
2002-06-25,0.0012870878
2002-06-26,0.0
2002-06-27,3.9138794
2002-06-28,0.0012870878
2002-06-29,0.0
2002-06-30,0.015571713
2002-07-01,0.8716583
2002-07-02,0.45681
2002-07-03,1.666069
2002-07-04,0.01257658
2002-07-05,5.672455
2002-07-06,1.1768341
2002-07-07,0.008523464
2002-07-08,4.814148
2002-07-09,26.519775
2002-07-10,0.4851818
2002-07-11,0.0005303882
2002-07-12,0.34713745
2002-07-13,0.4594326
2002-07-14,0.0025760382
2002-07-15,0.0026226044
2002-07-16,0.43416023
2002-07-17,0.00042608008
2002-07-18,0.00044098124
2002-07-19,0.0012852252
2002-07-20,0.0008819625
2002-07-21,0.017508864
2002-07-22,0.00795722
2002-07-23,0.054091215
2002-07-24,3.2253265
2002-07-25,0.38433075
2002-07-26,0.76913834
2002-07-27,0.00083306804
2002-07-28,0.00086426735
2002-07-29,1.9874573
2002-07-30,4.4898987
2002-07-31,0.24342537
2002-08-01,0.7648468
2002-08-02,0.16272068
2002-08-03,0.017762184
2002-08-04,3.2100677
2002-08-05,0.12874603
2002-08-06,0.6070137
2002-08-07,0.8444786
2002-08-08,1.5001297
2002-08-09,9.246826
2002-08-10,0.32114983
2002-08-11,1.2788773
2002-08-12,2.1190643
2002-08-13,0.022187829
2002-08-14,0.001293607
2002-08-15,0.0
2002-08-16,0.0012842938
2002-08-17,0.0053346157
2002-08-18,0.63610077
2002-08-19,16.647339
2002-08-20,24.673462
2002-08-21,0.0021960586
2002-08-22,0.004027039
2002-08-23,1.2407303
2002-08-24,3.3187866
2002-08-25,23.422241
2002-08-26,5.6266785
2002-08-27,3.3130646
2002-08-28,1.786232
2002-08-29,0.82826614
2002-08-30,0.00085216016
2002-08-31,0.057667494
2002-09-01,0.1475811
2002-09-02,0.00043516047
2002-09-03,0.5598068
2002-09-04,1.3961792
2002-09-05,2.9296875
2002-09-06,0.41246414
2002-09-07,0.088095665
2002-09-08,12.123108
2002-09-09,10.658264
2002-09-10,0.090420246
2002-09-11,0.00044098124
2002-09-12,0.07647276
2002-09-13,0.0
2002-09-14,0.0012870878
2002-09-15,0.001293607
2002-09-16,0.00043516047
2002-09-17,0.0017043203
2002-09-18,6.504059
2002-09-19,0.09816885
2002-09-20,4.4441223
2002-09-21,8.5372925
2002-09-22,0.002771616
2002-09-23,0.014685094
2002-09-24,0.0017248094
2002-09-25,0.00042305328
2002-09-26,0.0008554198
2002-09-27,0.0
2002-09-28,0.00085821375
2002-09-29,0.0017145649
2002-09-30,0.0
2002-10-01,0.0144690275
2002-10-02,0.0023487955
2002-10-03,0.040650368
2002-10-04,0.34236908
2002-10-05,0.00085216016
2002-10-06,0.00087032095
2002-10-07,0.003432855
2002-10-08,0.00085216016
2002-10-09,11.566162
2002-10-10,2.5634766
2002-10-11,0.5803108
2002-10-12,0.3838539
2002-10-13,0.7390976
2002-10-14,0.19204617
2002-10-15,6.1950684
2002-10-16,5.722046
2002-10-17,3.9901733
2002-10-18,3.2310486
2002-10-19,0.00043516047
2002-10-20,0.2360344
2002-10-21,6.30188
2002-10-22,2.6664734
2002-10-23,4.34494
2002-10-24,5.1345825
2002-10-25,4.9934387
2002-10-26,0.07402897
2002-10-27,0.10037422
2002-10-28,0.00043516047
2002-10-29,0.0
2002-10-30,3.276825
2002-10-31,1.5659332
2002-11-01,0.01168251
2002-11-02,7.232666
2002-11-03,3.4122467
2002-11-04,0.33569336
2002-11-05,0.012122095
2002-11-06,4.3945312
2002-11-07,0.28300285
2002-11-08,9.422302
2002-11-09,10.238647
2002-11-10,1.4877319
2002-11-11,1.4734268
2002-11-12,1.0213852
2002-11-13,2.3441315
2002-11-14,2.002716
2002-11-15,0.47159195
2002-11-16,0.0
2002-11-17,0.13053417
2002-11-18,0.61798096
2002-11-19,0.0
2002-11-20,2.8591156
2002-11-21,10.528564
2002-11-22,0.67329407
2002-11-23,3.2844543
2002-11-24,1.2931824
2002-11-25,1.1968613
2002-11-26,0.03427267
2002-11-27,0.002572313
2002-11-28,11.100769
2002-11-29,9.681702
2002-11-30,0.664711
2002-12-01,13.679504
2002-12-02,3.917694
2002-12-03,0.22566319
2002-12-04,6.084442
2002-12-05,0.30064583
2002-12-06,0.27680397
2002-12-07,0.08928776
2002-12-08,0.34070015
2002-12-09,0.0016866252
2002-12-10,0.7047653
2002-12-11,2.538681
2002-12-12,0.0385046
2002-12-13,0.0
2002-12-14,1.6937256
2002-12-15,1.1425018
2002-12-16,0.0017015263
2002-12-17,2.4299622
2002-12-18,0.16438961
2002-12-19,0.4146099
2002-12-20,0.71907043
2002-12-21,0.050246716
2002-12-22,0.0099390745
2002-12-23,0.0021513551
2002-12-24,0.0628829
2002-12-25,5.1994324
2002-12-26,3.917694
2002-12-27,4.7187805
2002-12-28,2.6931763
2002-12-29,0.42891502
2002-12-30,2.7980804
2002-12-31,0.8606911
2003-01-01,7.9193115
2003-01-02,0.28204918
2003-01-03,2.6607513
2003-01-04,2.6893616
2003-01-05,0.34546852
2003-01-06,3.276825
2003-01-07,2.2239685
2003-01-08,3.112793
2003-01-09,0.60129166
2003-01-10,0.0015376136
2003-01-11,0.233531
2003-01-12,0.0025741756
2003-01-13,0.0
2003-01-14,0.0012693927
2003-01-15,0.25820732
2003-01-16,0.65660477
2003-01-17,3.232956
2003-01-18,0.0027958304
2003-01-19,4.7302246
2003-01-20,8.682251
2003-01-21,7.434845
2003-01-22,4.459381
2003-01-23,0.007845461
2003-01-24,0.00085821375
2003-01-25,0.42891502
2003-01-26,1.8625259
2003-01-27,0.702858
2003-01-28,2.0866394
2003-01-29,3.0441284
2003-01-30,5.428314
2003-01-31,0.0075362623
2003-02-01,2.7046204
2003-02-02,1.5954971
2003-02-03,20.217896
2003-02-04,4.310608
2003-02-05,0.6427765
2003-02-06,0.0048801303
2003-02-07,0.001703389
2003-02-08,0.0
2003-02-09,0.65755844
2003-02-10,0.00081956387
2003-02-11,0.00043516047
2003-02-12,0.0012870878
2003-02-13,0.0012880191
2003-02-14,0.020474195
2003-02-15,0.017553568
2003-02-16,0.0047162175
2003-02-17,0.13422966
2003-02-18,0.0034254044
2003-02-19,2.8800964
2003-02-20,0.8363724
2003-02-21,0.0012814999
2003-02-22,0.19848347
2003-02-23,0.032782555
2003-02-24,0.2632141
2003-02-25,2.286911
2003-02-26,22.094727
2003-02-27,10.185242
2003-02-28,0.13649464
2003-03-01,4.6539307
2003-03-02,5.718231
2003-03-03,12.374878
2003-03-04,0.4453659
2003-03-05,8.460999
2003-03-06,0.69093704
2003-03-07,0.00808388
2003-03-08,0.043988228
2003-03-09,0.00044098124
2003-03-10,0.0
2003-03-11,0.0
2003-03-12,0.0017182902
2003-03-13,0.00085588545
2003-03-14,0.0
2003-03-15,0.0012842938
2003-03-16,0.0017043203
2003-03-17,0.0
2003-03-18,0.0017173588
2003-03-19,0.0
2003-03-20,0.0
2003-03-21,0.0025108457
2003-03-22,0.0025629997
2003-03-23,0.0
2003-03-24,0.0017071143
2003-03-25,0.0008554198
2003-03-26,0.002156943
2003-03-27,2.5901794
2003-03-28,4.901886
2003-03-29,1.9035339
2003-03-30,0.0037550926
2003-03-31,0.06109476
2003-04-01,0.014357269
2003-04-02,1.5354156
2003-04-03,0.0004263129
2003-04-04,0.0021383166
2003-04-05,0.0012908131
2003-04-06,0.0017164275
2003-04-07,0.0017229468
2003-04-08,0.0021439046
2003-04-09,4.589081
2003-04-10,0.069618225
2003-04-11,10.505676
2003-04-12,0.07325411
2003-04-13,0.047683716
2003-04-14,0.055491924
2003-04-15,2.9802322e-05
2003-04-16,0.0
2003-04-17,0.020295382
2003-04-18,0.40388107
2003-04-19,6.3819885
2003-04-20,6.8969727
2003-04-21,0.27132034
2003-04-22,0.007417053
2003-04-23,0.0012870878
2003-04-24,0.066399574
2003-04-25,1.2741089
2003-04-26,8.369446
2003-04-27,0.0
2003-04-28,8.468628
2003-04-29,8.796692
2003-04-30,8.140564
2003-05-01,0.0020619482
2003-05-02,0.1116395
2003-05-03,0.0
2003-05-04,0.0012796372
2003-05-05,18.539429
2003-05-06,20.233154
2003-05-07,4.108429
2003-05-08,1.2426376
2003-05-09,0.17416477
2003-05-10,0.009134412
2003-05-11,0.28133392
2003-05-12,0.0081807375
2003-05-13,0.3068447
2003-05-14,0.23293495
2003-05-15,0.0008554198
2003-05-16,0.43201447
2003-05-17,1.8167496
2003-05-18,0.27942657
2003-05-19,3.5648346
2003-05-20,0.39291382
2003-05-21,0.39291382
2003-05-22,0.0017229468
2003-05-23,0.002462417
2003-05-24,4.8942566
2003-05-25,0.29873848
2003-05-26,0.02515316
2003-05-27,0.013954937
2003-05-28,0.0025685877
2003-05-29,0.0017117709
2003-05-30,0.0
2003-05-31,0.0021513551
2003-06-01,14.404297
2003-06-02,0.2207756
2003-06-03,5.6037903
2003-06-04,32.89795
2003-06-05,7.385254
2003-06-06,0.16379356
2003-06-07,0.00085821375
2003-06-08,11.764526
2003-06-09,0.00085216016
2003-06-10,0.0019259751
2003-06-11,0.21123886
2003-06-12,0.5273819
2003-06-13,0.30565262
2003-06-14,1.6450882
2003-06-15,0.60510635
2003-06-16,3.1394958
2003-06-17,0.5745888
2003-06-18,0.018373132
2003-06-19,0.0
2003-06-20,0.00085588545
2003-06-21,0.0038295984
2003-06-22,1.2588501
2003-06-23,0.1513958
2003-06-24,31.036377
2003-06-25,0.18048286
2003-06-26,0.0058189034
2003-06-27,0.0026971102
2003-06-28,0.0025629997
2003-06-29,0.0016568229
2003-06-30,0.14173985
2003-07-01,1.7318726
2003-07-02,4.9057007
2003-07-03,1.9044876
2003-07-04,0.5931854
2003-07-05,0.04428625
2003-07-06,0.00043096952
2003-07-07,0.0012759119
2003-07-08,0.0017173588
2003-07-09,0.010192394
2003-07-10,0.0
2003-07-11,0.0017108396
2003-07-12,0.0
2003-07-13,2.9802322e-05
2003-07-14,2.1591187
2003-07-15,27.22168
2003-07-16,2.5177002
2003-07-17,0.0030640513
2003-07-18,0.0008554198
2003-07-19,0.002156943
2003-07-20,3.5114288
2003-07-21,1.9111633
2003-07-22,0.0028200448
2003-07-23,0.00085821375
2003-07-24,0.9446144
2003-07-25,0.00085216016
2003-07-26,1.0442734
2003-07-27,4.9324036
2003-07-28,0.0021439046
2003-07-29,0.00042794272
2003-07-30,0.030577183
2003-07-31,0.015601516
2003-08-01,0.0042952597
2003-08-02,0.00085216016
2003-08-03,0.0017117709
2003-08-04,0.0017303973
2003-08-05,0.0
2003-08-06,0.005751848
2003-08-07,1.2073517
2003-08-08,0.068604946
2003-08-09,0.002572313
2003-08-10,0.4582405
2003-08-11,0.0024642795
2003-08-12,0.009253621
2003-08-13,0.4837513
2003-08-14,0.0025629997
2003-08-15,0.004351139
2003-08-16,3.6773682
2003-08-17,2.4261475
2003-08-18,1.203537
2003-08-19,0.644207
2003-08-20,21.1792
2003-08-21,0.0012787059
2003-08-22,0.00085216016
2003-08-23,0.27298927
2003-08-24,1.4209747
2003-08-25,0.09381771
2003-08-26,0.06836653
2003-08-27,0.0027362257
2003-08-28,8.911133
2003-08-29,6.3552856
2003-08-30,1.2865067
2003-08-31,0.074744225
2003-09-01,0.035375357
2003-09-02,0.0004414469
2003-09-03,0.0017164275
2003-09-04,0.6661415
2003-09-05,4.5204163
2003-09-06,0.20861626
2003-09-07,10.704041
2003-09-08,6.6223145
2003-09-09,1.1224747
2003-09-10,0.08738041
2003-09-11,1.4305115
2003-09-12,0.1733303
2003-09-13,0.0012898818
2003-09-14,0.00086426735
2003-09-15,0.00044098124
2003-09-16,0.0
2003-09-17,0.00085216016
2003-09-18,0.0017248094
2003-09-19,0.0
2003-09-20,0.0008489005
2003-09-21,0.78201294
2003-09-22,9.063721
2003-09-23,0.18894672
2003-09-24,0.0025853515
2003-09-25,0.0008563511
2003-09-26,0.07605553
2003-09-27,3.408432
2003-09-28,0.030204654
2003-09-29,0.002630055
2003-09-30,0.70762634
2003-10-01,11.734009
2003-10-02,5.088806
2003-10-03,0.025376678
2003-10-04,1.5678406
2003-10-05,0.69379807
2003-10-06,0.0021401793
2003-10-07,0.92220306
2003-10-08,0.5674362
2003-10-09,0.063717365
2003-10-10,0.07814169
2003-10-11,0.00085821375
2003-10-12,0.3771782
2003-10-13,5.004883
2003-10-14,0.23114681
2003-10-15,0.0012870878
2003-10-16,0.0025741756
2003-10-17,0.92315674
2003-10-18,0.0021457672
2003-10-19,6.084442
2003-10-20,4.1542053
2003-10-21,0.25248528
2003-10-22,3.955841
2003-10-23,3.3855438
2003-10-24,0.27227402
2003-10-25,0.002577901
2003-10-26,6.6604614
2003-10-27,0.00043516047
2003-10-28,8.735657
2003-10-29,12.992859
2003-10-30,31.707764
2003-10-31,15.617371
2003-11-01,3.440857
2003-11-02,0.005617738
2003-11-03,0.3774166
2003-11-04,0.004313886
2003-11-05,0.0017164275
2003-11-06,0.00043516047
2003-11-07,0.0017043203
2003-11-08,1.2226105
2003-11-09,5.809784
2003-11-10,0.60367584
2003-11-11,0.08267164
2003-11-12,2.0065308
2003-11-13,0.024229288
2003-11-14,5.8670044
2003-11-15,0.3106594
2003-11-16,0.14925003
2003-11-17,0.0021327287
2003-11-18,0.0034477562
2003-11-19,0.0043548644
2003-11-20,0.0
2003-11-21,0.0
2003-11-22,0.0
2003-11-23,6.0653687
2003-11-24,4.7035217
2003-11-25,1.2254715
2003-11-26,8.56781
2003-11-27,3.9405823
2003-11-28,0.37169456
2003-11-29,6.7825317
2003-11-30,19.53125
2003-12-01,3.6373138
2003-12-02,0.2374649
2003-12-03,13.160706
2003-12-04,0.8459091
2003-12-05,0.053167343
2003-12-06,0.0021345913
2003-12-07,0.0
2003-12-08,0.00085216016
2003-12-09,0.00085821375
2003-12-10,0.0012908131
2003-12-11,0.8196831
2003-12-12,0.3414154
2003-12-13,0.26369095
2003-12-14,2.544403
2003-12-15,0.010766089
2003-12-16,0.0017164275
2003-12-17,0.00085216016
2003-12-18,0.80013275
2003-12-19,2.9850006
2003-12-20,0.52022934
2003-12-21,8.552551
2003-12-22,1.0719299
2003-12-23,1.8997192
2003-12-24,1.5077591
2003-12-25,0.023663044
2003-12-26,0.0026170164
2003-12-27,1.6021729
2003-12-28,4.2533875
2003-12-29,13.85498
2003-12-30,0.3824234
2003-12-31,0.688076
2004-01-01,2.9964447
2004-01-02,0.98514557
2004-01-03,0.004488975
2004-01-04,0.00047683716
2004-01-05,0.0038854778
2004-01-06,0.0
2004-01-07,0.0012908131
2004-01-08,3.1051636
2004-01-09,26.168823
2004-01-10,4.9362183
2004-01-11,3.6392212
2004-01-12,8.018494
2004-01-13,0.5364418
2004-01-14,4.623413
2004-01-15,0.19168854
2004-01-16,9.735107
2004-01-17,15.2282715
2004-01-18,0.7967949
2004-01-19,0.008583069
2004-01-20,0.5493164
2004-01-21,0.31089783
2004-01-22,5.268097
2004-01-23,5.8898926
2004-01-24,8.560181
2004-01-25,7.419586
2004-01-26,8.552551
2004-01-27,0.09262562
2004-01-28,2.439499
2004-01-29,1.9645691
2004-01-30,0.043541193
2004-01-31,2.3231506
2004-02-01,0.00085216016
2004-02-02,0.00043516047
2004-02-03,0.0012814999
2004-02-04,0.0
2004-02-05,0.00085216016
2004-02-06,0.00085821375
2004-02-07,0.32305717
2004-02-08,0.08833408
2004-02-09,0.002173707
2004-02-10,0.00085216016
2004-02-11,0.00085216016
2004-02-12,0.0
2004-02-13,0.0008554198
2004-02-14,0.0021345913
2004-02-15,0.040262938
2004-02-16,2.8972626
2004-02-17,0.062465668
2004-02-18,0.98896027
2004-02-19,5.1727295
2004-02-20,2.7694702
2004-02-21,1.2836456
2004-02-22,5.935669
2004-02-23,0.018194318
2004-02-24,0.0
2004-02-25,0.00043516047
2004-02-26,0.21493435
2004-02-27,4.6958923
2004-02-28,2.4871826
2004-02-29,0.21290779
2004-03-01,0.025331974
2004-03-02,0.0025704503
2004-03-03,0.0
2004-03-04,4.72641
2004-03-05,1.3179779
2004-03-06,3.774643
2004-03-07,0.27656555
2004-03-08,0.04336238
2004-03-09,0.00043516047
2004-03-10,0.0012870878
2004-03-11,0.5092621
2004-03-12,18.203735
2004-03-13,4.585266
2004-03-14,0.0012814999
2004-03-15,0.00085216016
2004-03-16,2.9802322e-05
2004-03-17,0.00085216016
2004-03-18,0.002188608
2004-03-19,0.30088425
2004-03-20,0.5145073
2004-03-21,2.8686523
2004-03-22,4.2037964
2004-03-23,3.232956
2004-03-24,0.123500824
2004-03-25,0.6084442
2004-03-26,0.09971857
2004-03-27,0.9522438
2004-03-28,0.0
2004-03-29,0.0012880191
2004-03-30,7.4424744
2004-03-31,4.9972534
2004-04-01,5.8555603
2004-04-02,1.4896393
2004-04-03,0.083982944
2004-04-04,0.41747093
2004-04-05,0.43153763
2004-04-06,2.122879
2004-04-07,0.5030632
2004-04-08,0.8134842
2004-04-09,1.1501312
2004-04-10,0.20158291
2004-04-11,1.4095306
2004-04-12,0.4081726
2004-04-13,0.500679
2004-04-14,2.4585724
2004-04-15,0.13256073
2004-04-16,3.9978027
2004-04-17,1.0614395
2004-04-18,6.1302185
2004-04-19,12.611389
2004-04-20,1.4400482
2004-04-21,3.4656525
2004-04-22,22.094727
2004-04-23,0.008717179
2004-04-24,0.00085216016
2004-04-25,0.0008554198
2004-04-26,0.0
2004-04-27,0.13518333
2004-04-28,7.205963
2004-04-29,0.6971359
2004-04-30,4.119873
2004-05-01,2.7046204
2004-05-02,5.1612854
2004-05-03,0.4529953
2004-05-04,8.590698
2004-05-05,9.95636
2004-05-06,5.180359
2004-05-07,4.333496
2004-05-08,1.2798309
2004-05-09,0.102996826
2004-05-10,0.73337555
2004-05-11,0.9832382
2004-05-12,0.7982254
2004-05-13,0.083863735
2004-05-14,0.0069849193
2004-05-15,0.0
2004-05-16,0.00042608008
2004-05-17,0.0017117709
2004-05-18,0.27775764
2004-05-19,0.0013653189
2004-05-20,4.9476624
2004-05-21,2.3212433
2004-05-22,0.1655817
2004-05-23,0.0
2004-05-24,0.0012861565
2004-05-25,0.0
2004-05-26,1.543045
2004-05-27,0.5273819
2004-05-28,0.03528595
2004-05-29,0.104010105
2004-05-30,8.613586
2004-05-31,2.3212433
2004-06-01,1.616478
2004-06-02,0.7338524
2004-06-03,0.0
2004-06-04,0.00042608008
2004-06-05,0.010073185
2004-06-06,0.0008554198
2004-06-07,0.00085821375
2004-06-08,0.002115965
2004-06-09,0.021100044
2004-06-10,2.254486
2004-06-11,3.047943
2004-06-12,0.00085821375
2004-06-13,0.00085821375
2004-06-14,0.00085821375
2004-06-15,0.0
2004-06-16,0.05158782
2004-06-17,0.0008530915
2004-06-18,0.0
2004-06-19,0.58603287
2004-06-20,0.07241964
2004-06-21,0.73957443
2004-06-22,3.2157898
2004-06-23,0.7185936
2004-06-24,0.88357925
2004-06-25,0.0
2004-06-26,0.0017173588
2004-06-27,0.0021457672
2004-06-28,0.0017108396
2004-06-29,0.0012870878
2004-06-30,0.00085216016
2004-07-01,0.7381439
2004-07-02,0.2810955
2004-07-03,0.03489852
2004-07-04,0.19550323
2004-07-05,0.8096695
2004-07-06,2.89917
2004-07-07,11.192322
2004-07-08,1.4390945
2004-07-09,1.8281937
2004-07-10,0.4143715
2004-07-11,0.32520294
2004-07-12,1.1863708
2004-07-13,0.0038295984
2004-07-14,0.0
2004-07-15,0.0017229468
2004-07-16,0.54883957
2004-07-17,1.9359589
2004-07-18,10.681152
2004-07-19,15.2282715
2004-07-20,1.4410019
2004-07-21,0.49352646
2004-07-22,1.124382
2004-07-23,0.8788109
2004-07-24,0.0008554198
2004-07-25,0.00085216016
2004-07-26,0.00042608008
2004-07-27,0.058174133
2004-07-28,0.00085728243
2004-07-29,0.00085821375
2004-07-30,0.0021588057
2004-07-31,0.00085216016
2004-08-01,0.0009834766
2004-08-02,0.0010579824
2004-08-03,1.2197495
2004-08-04,25.45166
2004-08-05,0.279665
2004-08-06,0.0
2004-08-07,0.046998262
2004-08-08,5.0086975
2004-08-09,2.7217865
2004-08-10,0.2655983
2004-08-11,0.0008614734
2004-08-12,8.872986
2004-08-13,0.20861626
2004-08-14,0.002572313
2004-08-15,1.3790131
2004-08-16,7.4539185
2004-08-17,10.978699
2004-08-18,3.879547
2004-08-19,0.6842613
2004-08-20,4.901886
2004-08-21,0.40078163
2004-08-22,0.00042608008
2004-08-23,3.6888123
2004-08-24,15.731812
2004-08-25,0.6465912
2004-08-26,0.32138824
2004-08-27,0.030010939
2004-08-28,0.033646822
2004-08-29,0.2760887
2004-08-30,0.17428398
2004-08-31,0.0017080456
2004-09-01,0.0
2004-09-02,0.096321106
2004-09-03,0.0015050173
2004-09-04,0.0017108396
2004-09-05,0.0
2004-09-06,0.34499168
2004-09-07,0.0
2004-09-08,0.00085448846
2004-09-09,0.40769577
2004-09-10,1.5459061
2004-09-11,3.3092499
2004-09-12,0.006131828
2004-09-13,0.4658699
2004-09-14,4.852295
2004-09-15,0.8096695
2004-09-16,0.00085821375
2004-09-17,0.001729466
2004-09-18,0.0017164275
2004-09-19,0.6489754
2004-09-20,0.0
2004-09-21,0.42510033
2004-09-22,0.00042608008
2004-09-23,0.3297329
2004-09-24,2.2621155
2004-09-25,0.0
2004-09-26,0.310421
2004-09-27,0.0017462298
2004-09-28,0.06997585
2004-09-29,0.016570091
2004-09-30,0.035494566
2004-10-01,0.48041344
2004-10-02,0.009633601
2004-10-03,0.00087032095
2004-10-04,0.0
2004-10-05,0.016316772
2004-10-06,1.2159348
2004-10-07,0.58841705
2004-10-08,0.0011920929
2004-10-09,0.08833408
2004-10-10,0.00085821375
2004-10-11,1.6670227
2004-10-12,0.54073334
2004-10-13,1.3237
2004-10-14,12.878418
2004-10-15,11.367798
2004-10-16,17.39502
2004-10-17,1.5192032
2004-10-18,2.3918152
2004-10-19,5.2261353
2004-10-20,6.9084167
2004-10-21,0.80013275
2004-10-22,0.0017173588
2004-10-23,0.00043516047
2004-10-24,2.0809174
2004-10-25,0.21409988
2004-10-26,0.70858
2004-10-27,5.9432983
2004-10-28,0.48065186
2004-10-29,0.0016093254
2004-10-30,0.003427267
2004-10-31,0.6260872
2004-11-01,0.012911856
2004-11-02,0.00043516047
2004-11-03,0.0017527491
2004-11-04,0.028446317
2004-11-05,0.002115965
2004-11-06,0.0017434359
2004-11-07,0.021085143
2004-11-08,3.0918121
2004-11-09,1.6937256
2004-11-10,1.7852783
2004-11-11,2.4204254
2004-11-12,0.00085588545
2004-11-13,0.10615587
2004-11-14,0.04583597
2004-11-15,0.011384487
2004-11-16,0.626564
2004-11-17,0.0071898103
2004-11-18,0.33855438
2004-11-19,2.0713806
2004-11-20,0.00085216016
2004-11-21,0.00087032095
2004-11-22,0.0
2004-11-23,0.008195639
2004-11-24,0.006467104
2004-11-25,0.01873076
2004-11-26,0.025585294
2004-11-27,0.051170588
2004-11-28,5.443573
2004-11-29,0.15926361
2004-11-30,0.01770258
2004-12-01,0.00085216016
2004-12-02,20.965576
2004-12-03,0.08291006
2004-12-04,0.015184283
2004-12-05,0.036776066
2004-12-06,0.069618225
2004-12-07,1.0995865
2004-12-08,0.00085216016
2004-12-09,0.015735626
2004-12-10,0.0111833215
2004-12-11,0.06312132
2004-12-12,0.0
2004-12-13,0.00085216016
2004-12-14,0.0
2004-12-15,0.002566725
2004-12-16,3.4122467
2004-12-17,3.5533905
2004-12-18,2.1915436
2004-12-19,6.137848
2004-12-20,0.012367964
2004-12-21,2.2029877
2004-12-22,1.3828278
2004-12-23,1.5592575
2004-12-24,0.19693375
2004-12-25,5.6762695
2004-12-26,0.43272972
2004-12-27,0.093877316
2004-12-28,7.1144104
2004-12-29,0.016614795
2004-12-30,0.667572
2004-12-31,0.60272217
2005-01-01,0.9794235
2005-01-02,1.3990402
2005-01-03,0.005610287
2005-01-04,0.028565526
2005-01-05,0.06467104
2005-01-06,0.13780594
2005-01-07,0.067174435
2005-01-08,0.00043516047
2005-01-09,0.00085448846
2005-01-10,0.00043516047
2005-01-11,0.0021457672
2005-01-12,1.9073486
2005-01-13,0.02515316
2005-01-14,0.0008465722
2005-01-15,0.0017182902
2005-01-16,0.0025816262
2005-01-17,0.2732277
2005-01-18,9.338379
2005-01-19,5.3710938
2005-01-20,1.0318756
2005-01-21,1.0700226
2005-01-22,0.30708313
2005-01-23,5.180359
2005-01-24,1.0700226
2005-01-25,0.0179708
2005-01-26,0.5311966
2005-01-27,0.0038035214
2005-01-28,1.6431808
2005-01-29,0.059098005
2005-01-30,0.027045608
2005-01-31,0.36168098
2005-02-01,0.3976822
2005-02-02,0.01731515
2005-02-03,0.8530617
2005-02-04,0.0
2005-02-05,0.0
2005-02-06,0.6246567
2005-02-07,0.07009506
2005-02-08,0.011205673
2005-02-09,0.00086426735
2005-02-10,0.010363758
2005-02-11,5.6533813
2005-02-12,1.7662048
2005-02-13,4.3296814
2005-02-14,0.020056963
2005-02-15,0.44345856
2005-02-16,0.1296997
2005-02-17,0.0075772405
2005-02-18,0.2937317
2005-02-19,1.5602112
2005-02-20,0.24175644
2005-02-21,0.71811676
2005-02-22,0.054180622
2005-02-23,0.034570694
2005-02-24,0.14436245
2005-02-25,0.33974648
2005-02-26,0.75531006
2005-02-27,0.36406517
2005-02-28,0.0008554198
2005-03-01,0.0008479692
2005-03-02,0.12028217
2005-03-03,0.6275177
2005-03-04,1.6584396
2005-03-05,3.370285
2005-03-06,0.279665
2005-03-07,0.028282404
2005-03-08,0.025078654
2005-03-09,0.0
2005-03-10,0.0012870878
2005-03-11,0.013433397
2005-03-12,0.0
2005-03-13,0.00044098124
2005-03-14,0.007260591
2005-03-15,0.0
2005-03-16,0.002142042
2005-03-17,0.0
2005-03-18,0.00043516047
2005-03-19,0.00085216016
2005-03-20,0.0012814999
2005-03-21,0.87690353
2005-03-22,3.5305023
2005-03-23,0.25701523
2005-03-24,6.2942505
2005-03-25,2.199173
2005-03-26,5.470276
2005-03-27,6.2713623
2005-03-28,1.4429092
2005-03-29,12.47406
2005-03-30,3.6754608
2005-03-31,0.14185905
2005-04-01,0.0017108396
2005-04-02,0.1320839
2005-04-03,1.0089874
2005-04-04,2.8457642
2005-04-05,0.9250641
2005-04-06,2.210617
2005-04-07,13.809204
2005-04-08,3.7117004
2005-04-09,0.31852722
2005-04-10,0.9946823
2005-04-11,0.0
2005-04-12,0.19466877
2005-04-13,0.58698654
2005-04-14,8.216858
2005-04-15,5.1002502
2005-04-16,3.5362244
2005-04-17,0.83732605
2005-04-18,13.35907
2005-04-19,7.1411133
2005-04-20,3.4236908
2005-04-21,0.0125691295
2005-04-22,6.3591003
2005-04-23,18.38684
2005-04-24,13.046265
2005-04-25,1.9645691
2005-04-26,0.436306
2005-04-27,0.73957443
2005-04-28,0.02092123
2005-04-29,0.00042608008
2005-04-30,0.0
2005-05-01,0.00086426735
2005-05-02,3.353119
2005-05-03,0.90932846
2005-05-04,4.081726
2005-05-05,2.368927
2005-05-06,0.51784515
2005-05-07,0.08738041
2005-05-08,0.11378527
2005-05-09,0.00016391277
2005-05-10,0.030502677
2005-05-11,0.13816357
2005-05-12,3.686905
2005-05-13,16.37268
2005-05-14,0.94747543
2005-05-15,1.6002655
2005-05-16,5.317688
2005-05-17,0.26130676
2005-05-18,0.19216537
2005-05-19,0.0017108396
2005-05-20,0.5965233
2005-05-21,1.9302368
2005-05-22,3.3473969
2005-05-23,0.1116395
2005-05-24,0.0017229468
2005-05-25,0.00085448846
2005-05-26,0.0017164275
2005-05-27,0.00042608008
2005-05-28,0.0012842938
2005-05-29,2.2354126
2005-05-30,0.42676926
2005-05-31,0.00042980537
2005-06-01,0.0
2005-06-02,0.0
2005-06-03,0.6761551
2005-06-04,0.14483929
2005-06-05,0.0021457672
2005-06-06,0.0025629997
2005-06-07,0.050842762
2005-06-08,0.0
2005-06-09,0.00085961074
2005-06-10,0.0
2005-06-11,0.00011920929
2005-06-12,0.58221817
2005-06-13,6.511688
2005-06-14,0.10341406
2005-06-15,0.028580427
2005-06-16,0.29993057
2005-06-17,0.00085216016
2005-06-18,0.00085821375
2005-06-19,0.0061020255
2005-06-20,0.058680773
2005-06-21,2.7675629
2005-06-22,0.4477501
2005-06-23,1.4476776
2005-06-24,6.626129
2005-06-25,12.718201
2005-06-26,0.3681183
2005-06-27,6.05011
2005-06-28,10.047913
2005-06-29,5.3596497
2005-06-30,1.8291473
2005-07-01,0.17929077
2005-07-02,0.00043516047
2005-07-03,0.07802248
2005-07-04,7.091522
2005-07-05,0.0026226044
2005-07-06,0.7033348
2005-07-07,0.3540516
2005-07-08,0.37026405
2005-07-09,6.8206787
2005-07-10,0.09727478
2005-07-11,0.0012908131
2005-07-12,0.00042608008
2005-07-13,0.003002584
2005-07-14,0.0
2005-07-15,0.00085216016
2005-07-16,0.72050095
2005-07-17,0.0
2005-07-18,0.35262108
2005-07-19,0.37240982
2005-07-20,0.0
2005-07-21,0.00042608008
2005-07-22,0.0008768402
2005-07-23,0.00085216016
2005-07-24,0.0040084124
2005-07-25,0.022441149
2005-07-26,1.1234283
2005-07-27,2.0694733
2005-07-28,2.9735565
2005-07-29,3.9672852
2005-07-30,0.23424625
2005-07-31,0.13113022
2005-08-01,0.0017881393
2005-08-02,0.10848045
2005-08-03,0.00087032095
2005-08-04,0.0
2005-08-05,0.0
2005-08-06,0.4415512
2005-08-07,0.0
2005-08-08,0.00085821375
2005-08-09,0.052392483
2005-08-10,0.38266182
2005-08-11,0.0
2005-08-12,0.0012796372
2005-08-13,0.0
2005-08-14,0.37193298
2005-08-15,0.0
2005-08-16,0.0012870878
2005-08-17,1.0881424
2005-08-18,2.2201538
2005-08-19,0.9069443
2005-08-20,4.4288635
2005-08-21,0.13613701
2005-08-22,0.11765957
2005-08-23,1.4629364
2005-08-24,0.0056400895
2005-08-25,2.6397705
2005-08-26,0.0071004033
2005-08-27,0.58984756
2005-08-28,0.0028070062
2005-08-29,0.0
2005-08-30,0.00042608008
2005-08-31,7.637024
2005-09-01,0.8673668
2005-09-02,0.00085588545
2005-09-03,0.0
2005-09-04,0.00821054
2005-09-05,1.3484955
2005-09-06,2.0580292
2005-09-07,0.6389618
2005-09-08,2.0713806
2005-09-09,6.6566467
2005-09-10,9.811401
2005-09-11,3.1356812
2005-09-12,7.5950623
2005-09-13,0.5784035
2005-09-14,0.0603199
2005-09-15,0.0004172325
2005-09-16,0.5841255
2005-09-17,0.00086193904
2005-09-18,0.0
2005-09-19,0.0
2005-09-20,0.0
2005-09-21,0.000448199
2005-09-22,0.0
2005-09-23,0.0
2005-09-24,0.0047944486
2005-09-25,13.259888
2005-09-26,0.031769276
2005-09-27,0.028163195
2005-09-28,0.04053116
2005-09-29,0.49877167
2005-09-30,0.0025741756
2005-10-01,0.6017685
2005-10-02,0.2565384
2005-10-03,0.0065155327
2005-10-04,0.0008465722
2005-10-05,0.066399574
2005-10-06,0.007987022
2005-10-07,0.0012945384
2005-10-08,0.0021494925
2005-10-09,0.093758106
2005-10-10,0.070512295
2005-10-11,0.39219856
2005-10-12,8.491516
2005-10-13,7.6522827
2005-10-14,0.3695488
2005-10-15,7.1640015
2005-10-16,1.0061264
2005-10-17,0.007033348
2005-10-18,3.9672852
2005-10-19,0.0073499978
2005-10-20,0.012867153
2005-10-21,0.58174133
2005-10-22,4.6653748
2005-10-23,1.4886856
2005-10-24,0.003296882
2005-10-25,0.00085216016
2005-10-26,0.0
2005-10-27,0.00085216016
2005-10-28,0.6170273
2005-10-29,0.8673668
2005-10-30,0.14209747
2005-10-31,6.1187744
2005-11-01,0.28276443
2005-11-02,0.00085216016
2005-11-03,9.841919
2005-11-04,8.68988
2005-11-05,0.13303757
2005-11-06,0.001726672
2005-11-07,0.34475327
2005-11-08,0.00086426735
2005-11-09,3.5858154
2005-11-10,0.0012814999
2005-11-11,0.0
2005-11-12,2.565384
2005-11-13,7.583618
2005-11-14,0.020846725
2005-11-15,0.6289482
2005-11-16,0.40340424
2005-11-17,0.049203634
2005-11-18,0.00085216016
2005-11-19,0.0017164275
2005-11-20,0.0017154962
2005-11-21,0.0012973323
2005-11-22,0.00086426735
2005-11-23,0.00043516047
2005-11-24,0.45108795
2005-11-25,7.205963
2005-11-26,3.3512115
2005-11-27,4.9552917
2005-11-28,3.4599304
2005-11-29,0.41532516
2005-11-30,0.095665455
2005-12-01,0.45251846
2005-12-02,7.5187683
2005-12-03,2.9716492
2005-12-04,12.046814
2005-12-05,3.5972595
2005-12-06,1.6994476
2005-12-07,2.1133423
2005-12-08,7.7934265
2005-12-09,0.009149313
2005-12-10,0.00043516047
2005-12-11,0.0009117648
2005-12-12,0.0057406723
2005-12-13,0.13804436
2005-12-14,0.007964671
2005-12-15,0.2503395
2005-12-16,0.79345703
2005-12-17,0.43582916
2005-12-18,0.00085216016
2005-12-19,0.00043516047
2005-12-20,0.0012312084
2005-12-21,0.0028312206
2005-12-22,0.010214746
2005-12-23,0.009402633
2005-12-24,0.006966293
2005-12-25,0.17249584
2005-12-26,0.029593706
2005-12-27,0.0059232116
2005-12-28,0.01707673
2005-12-29,0.3437996
2005-12-30,2.8591156
2005-12-31,10.368347
2006-01-01,1.996994
2006-01-02,0.38695335
2006-01-03,0.4003048
2006-01-04,3.2253265
2006-01-05,0.0008670613
2006-01-06,0.19550323
2006-01-07,0.86021423
2006-01-08,8.766174
2006-01-09,13.09967
2006-01-10,0.021994114
2006-01-11,0.0017164275
2006-01-12,0.03284216
2006-01-13,0.00043516047
2006-01-14,0.0
2006-01-15,0.00085216016
2006-01-16,0.050514936
2006-01-17,2.9582977
2006-01-18,0.7171631
2006-01-19,0.036597252
2006-01-20,0.23210049
2006-01-21,0.88214874
2006-01-22,0.0
2006-01-23,0.0
2006-01-24,0.0
2006-01-25,0.00043516047
2006-01-26,0.004544854
2006-01-27,0.5812645
2006-01-28,1.6832352
2006-01-29,5.9013367
2006-01-30,0.6184578
2006-01-31,0.0243932
2006-02-01,0.10728836
2006-02-02,0.03924966
2006-02-03,0.22733212
2006-02-04,0.029101968
2006-02-05,0.0012908131
2006-02-06,0.0025816262
2006-02-07,0.012665987
2006-02-08,0.049233437
2006-02-09,0.2515316
2006-02-10,0.004284084
2006-02-11,0.00085216016
2006-02-12,0.00043516047
2006-02-13,0.0012908131
2006-02-14,0.46801567
2006-02-15,7.7285767
2006-02-16,8.850098
2006-02-17,17.76123
2006-02-18,1.613617
2006-02-19,5.279541
2006-02-20,2.9659271
2006-02-21,3.463745
2006-02-22,0.4618168
2006-02-23,0.008970499
2006-02-24,0.006467104
2006-02-25,0.0028014183
2006-02-26,0.0004945323
2006-02-27,0.003863126
2006-02-28,1.9330978
2006-03-01,1.4839172
2006-03-02,7.926941
2006-03-03,12.298584
2006-03-04,5.3710938
2006-03-05,0.55360794
2006-03-06,1.5735626
2006-03-07,6.7214966
2006-03-08,2.1438599
2006-03-09,3.2482147
2006-03-10,19.805908
2006-03-11,0.16701221
2006-03-12,0.094771385
2006-03-13,0.0012945384
2006-03-14,0.0012842938
2006-03-15,0.0012842938
2006-03-16,0.0
2006-03-17,0.0009117648
2006-03-18,6.351471
2006-03-19,0.7019043
2006-03-20,1.9197464
2006-03-21,4.211426
2006-03-22,4.180908
2006-03-23,3.7460327
2006-03-24,5.584717
2006-03-25,1.4810562
2006-03-26,0.0013429672
2006-03-27,1.9407272
2006-03-28,10.177612
2006-03-29,0.43988228
2006-03-30,7.05719
2006-03-31,1.0938644
2006-04-01,1.2931824
2006-04-02,1.8262863
2006-04-03,0.032037497
2006-04-04,4.2037964
2006-04-05,0.10126829
2006-04-06,0.00085216016
2006-04-07,0.00044098124
2006-04-08,0.054180622
2006-04-09,5.8784485
2006-04-10,1.0385513
2006-04-11,0.002577901
2006-04-12,0.29230118
2006-04-13,0.030845404
2006-04-14,0.00085216016
2006-04-15,2.1095276
2006-04-16,0.015631318
2006-04-17,0.09679794
2006-04-18,0.7519722
2006-04-19,0.0
2006-04-20,0.00086426735
2006-04-21,0.030472875
2006-04-22,0.008754432
2006-04-23,0.11694431
2006-04-24,8.659363
2006-04-25,0.954628
2006-04-26,0.0046119094
2006-04-27,7.4768066
2006-04-28,0.04401803
2006-04-29,0.0
2006-04-30,0.025600195
2006-05-01,0.00042608008
2006-05-02,0.012546778
2006-05-03,0.0
2006-05-04,0.0166893
2006-05-05,2.0046234
2006-05-06,6.0310364
2006-05-07,11.627197
2006-05-08,5.138397
2006-05-09,0.061005354
2006-05-10,0.00085821375
2006-05-11,0.0002682209
2006-05-12,13.015747
2006-05-13,18.463135
2006-05-14,0.0
2006-05-15,0.8678436
2006-05-16,2.1209717
2006-05-17,0.4222393
2006-05-18,18.188477
2006-05-19,0.21541119
2006-05-20,3.3893585
2006-05-21,1.1920929
2006-05-22,0.831604
2006-05-23,5.4893494
2006-05-24,0.002566725
2006-05-25,0.021353364
2006-05-26,0.09584427
2006-05-27,0.0026021153
2006-05-28,0.0063478947
2006-05-29,0.854969
2006-05-30,0.0017303973
2006-05-31,0.013098121
2006-06-01,0.00085216016
2006-06-02,0.0
2006-06-03,0.0008554198
2006-06-04,0.0
2006-06-05,0.00085216016
2006-06-06,0.00043516047
2006-06-07,0.00085216016
2006-06-08,0.00085216016
2006-06-09,0.00086426735
2006-06-10,0.100016594
2006-06-11,0.002561137
2006-06-12,0.0
2006-06-13,0.0
2006-06-14,0.0017071143
2006-06-15,0.0
2006-06-16,1.1997223
2006-06-17,17.333984
2006-06-18,0.6966591
2006-06-19,6.198883
2006-06-20,24.871826
2006-06-21,0.0564754
2006-06-22,0.43058395
2006-06-23,0.00085821375
2006-06-24,1.3237
2006-06-25,9.292603
2006-06-26,8.476257
2006-06-27,0.9279251
2006-06-28,0.0024437904
2006-06-29,0.0074096024
2006-06-30,0.0
2006-07-01,0.0017043203
2006-07-02,0.16093254
2006-07-03,0.61416626
2006-07-04,21.255493
2006-07-05,0.5745888
2006-07-06,5.2490234
2006-07-07,0.58603287
2006-07-08,0.0013997778
2006-07-09,0.03400445
2006-07-10,0.00086426735
2006-07-11,0.0053085387
2006-07-12,0.0025629997
2006-07-13,0.09530783
2006-07-14,0.0079497695
2006-07-15,0.44941902
2006-07-16,0.28300285
2006-07-17,0.0056400895
2006-07-18,0.0017741695
2006-07-19,2.9830933
2006-07-20,1.8749237
2006-07-21,3.0384064
2006-07-22,7.8201294
2006-07-23,0.00086054206
2006-07-24,0.00086426735
2006-07-25,1.7843246
2006-07-26,0.0040382147
2006-07-27,21.66748
2006-07-28,11.619568
2006-07-29,0.0
2006-07-30,0.28157234
2006-07-31,0.0008046627
2006-08-01,0.37837029
2006-08-02,5.5007935
2006-08-03,2.2449493
2006-08-04,0.19657612
2006-08-05,0.25773048
2006-08-06,0.0
2006-08-07,0.05453825
2006-08-08,0.03606081
2006-08-09,0.0012814999
2006-08-10,0.07021427
2006-08-11,0.0017192215
2006-08-12,0.60510635
2006-08-13,0.32305717
2006-08-14,0.024735928
2006-08-15,1.8253326
2006-08-16,2.1381378
2006-08-17,7.24411
2006-08-18,0.4312992
2006-08-19,0.35738945
2006-08-20,0.99277496
2006-08-21,0.26631355
2006-08-22,0.008955598
2006-08-23,0.0052452087
2006-08-24,0.2245903
2006-08-25,12.969971
2006-08-26,0.84257126
2006-08-27,0.1705885
2006-08-28,1.080513
2006-08-29,1.7251968
2006-08-30,0.049114227
2006-08-31,0.0017108396
2006-09-01,0.016108155
2006-09-02,0.03248453
2006-09-03,0.0008754432
2006-09-04,0.012181699
2006-09-05,0.0012740493
2006-09-06,0.00085216016
2006-09-07,0.09512901
2006-09-08,0.01733005
2006-09-09,0.058591366
2006-09-10,0.25629997
2006-09-11,3.7059784
2006-09-12,0.6918907
2006-09-13,17.684937
2006-09-14,13.923645
2006-09-15,9.979248
2006-09-16,32.01294
2006-09-17,1.704216
2006-09-18,0.65755844
2006-09-19,0.6980896
2006-09-20,0.0017043203
2006-09-21,0.7133484
2006-09-22,16.12854
2006-09-23,1.3484955
2006-09-24,2.1247864
2006-09-25,0.34070015
2006-09-26,0.027433038
2006-09-27,0.0021457672
2006-09-28,0.00044098124
2006-09-29,1.2760162
2006-09-30,6.603241
2006-10-01,1.4457703
2006-10-02,0.18560886
2006-10-03,4.875183
2006-10-04,5.4512024
2006-10-05,0.14734268
2006-10-06,1.7404556
2006-10-07,0.76007843
2006-10-08,0.00042608008
2006-10-09,1.1138916
2006-10-10,1.5802383
2006-10-11,13.015747
2006-10-12,0.009194016
2006-10-13,0.00043516047
2006-10-14,0.0008600764
2006-10-15,0.00042608008
2006-10-16,0.00085821375
2006-10-17,0.100016594
2006-10-18,4.962921
2006-10-19,1.6307831
2006-10-20,9.223938
2006-10-21,2.3498535
2006-10-22,4.4822693
2006-10-23,0.7367134
2006-10-24,0.8010864
2006-10-25,0.002462417
2006-10-26,0.32877922
2006-10-27,0.0008554198
2006-10-28,0.00043516047
2006-10-29,0.050216913
2006-10-30,0.00042608008
2006-10-31,0.2734661
2006-11-01,0.17738342
2006-11-02,0.0
2006-11-03,0.0012861565
2006-11-04,0.0
2006-11-05,0.0
2006-11-06,0.0
2006-11-07,0.0021513551
2006-11-08,0.0017248094
2006-11-09,0.0017108396
2006-11-10,0.0025629997
2006-11-11,0.58841705
2006-11-12,1.124382
2006-11-13,0.3194809
2006-11-14,0.003432855
2006-11-15,0.0021513551
2006-11-16,12.771606
2006-11-17,0.3299713
2006-11-18,2.166748
2006-11-19,4.928589
2006-11-20,4.043579
2006-11-21,7.5263977
2006-11-22,7.4653625
2006-11-23,2.8648376
2006-11-24,5.065918
2006-11-25,1.3914108
2006-11-26,0.3888607
2006-11-27,0.001293607
2006-11-28,3.8700104
2006-11-29,0.029534101
2006-11-30,0.0
2006-12-01,0.00085216016
2006-12-02,0.12290478
2006-12-03,4.096985
2006-12-04,3.0155182
2006-12-05,3.5171509
2006-12-06,1.7232895
2006-12-07,6.9503784
2006-12-08,9.674072
2006-12-09,0.8044243
2006-12-10,0.009596348
2006-12-11,0.0
2006-12-12,0.5469322
2006-12-13,0.015854836
2006-12-14,0.0012759119
2006-12-15,0.00085216016
2006-12-16,0.073850155
2006-12-17,0.8406639
2006-12-18,0.6427765
2006-12-19,0.034570694
2006-12-20,0.0012908131
2006-12-21,0.00085216016
2006-12-22,0.008016825
2006-12-23,0.005286187
2006-12-24,0.06687641
2006-12-25,0.0063329935
2006-12-26,0.004224479
2006-12-27,0.002577901
2006-12-28,0.00087032095
2006-12-29,0.00085216016
2006-12-30,0.56552887
2006-12-31,1.9283295
2007-01-01,6.8893433
2007-01-02,0.3657341
2007-01-03,0.0034570694
2007-01-04,0.69999695
2007-01-05,0.2861023
2007-01-06,0.38862228
2007-01-07,0.64086914
2007-01-08,6.587982
2007-01-09,0.026777387
2007-01-10,0.0038594007
2007-01-11,0.08583069
2007-01-12,0.15985966
2007-01-13,0.067830086
2007-01-14,0.042140484
2007-01-15,0.001293607
2007-01-16,0.17535686
2007-01-17,0.3476143
2007-01-18,0.7791519
2007-01-19,0.330925
2007-01-20,0.037521124
2007-01-21,1.1081696
2007-01-22,12.519836
2007-01-23,10.772705
2007-01-24,5.1002502
2007-01-25,10.787964
2007-01-26,0.0
2007-01-27,0.0058300793
2007-01-28,0.0021494925
2007-01-29,0.00020861626
2007-01-30,0.019207597
2007-01-31,0.04121661
2007-02-01,0.008136034
2007-02-02,0.0
2007-02-03,0.00085216016
2007-02-04,0.019654632
2007-02-05,1.1348724
2007-02-06,2.7332306
2007-02-07,7.8582764
2007-02-08,5.115509
2007-02-09,5.5656433
2007-02-10,8.392334
2007-02-11,16.76941
2007-02-12,13.5269165
2007-02-13,0.14734268
2007-02-14,1.3961792
2007-02-15,0.00085216016
2007-02-16,0.0
2007-02-17,6.6871643
2007-02-18,1.0976791
2007-02-19,0.0030100346
2007-02-20,1.3475418
2007-02-21,2.1400452
2007-02-22,0.25343895
2007-02-23,4.7721863
2007-02-24,8.361816
2007-02-25,10.7421875
2007-02-26,2.4414062
2007-02-27,0.40006638
2007-02-28,2.2773743
2007-03-01,2.6130676
2007-03-02,6.4888
2007-03-03,8.270264
2007-03-04,5.264282
2007-03-05,0.6504059
2007-03-06,3.5514832
2007-03-07,9.384155
2007-03-08,0.3066063
2007-03-09,0.45371056
2007-03-10,0.0
2007-03-11,0.00085216016
2007-03-12,0.0
2007-03-13,0.0021494925
2007-03-14,0.0017108396
2007-03-15,0.00085216016
2007-03-16,0.0025741756
2007-03-17,0.053167343
2007-03-18,4.169464
2007-03-19,4.9819946
2007-03-20,0.64229965
2007-03-21,0.028923154
2007-03-22,0.0577271
2007-03-23,3.168106
2007-03-24,1.253128
2007-03-25,2.8362274
2007-03-26,0.26106834
2007-03-27,1.1930466
2007-03-28,1.6422272
2007-03-29,3.3798218
2007-03-30,13.2751465
2007-03-31,3.5438538
2007-04-01,5.4130554
2007-04-02,0.3054142
2007-04-03,0.3476143
2007-04-04,3.019333
2007-04-05,0.0008479692
2007-04-06,0.003941357
2007-04-07,0.0065416098
2007-04-08,1.7271042
2007-04-09,0.05891919
2007-04-10,0.10561943
2007-04-11,0.13530254
2007-04-12,2.9640198
2007-04-13,5.420685
2007-04-14,1.0099411
2007-04-15,0.10436773
2007-04-16,0.9036064
2007-04-17,0.77056885
2007-04-18,0.05760789
2007-04-19,0.0
2007-04-20,0.65660477
2007-04-21,0.0024326146
2007-04-22,0.2387762
2007-04-23,0.0025629997
2007-04-24,0.0021532178
2007-04-25,0.06788969
2007-04-26,1.5068054
2007-04-27,0.0487864
2007-04-28,0.080525875
2007-04-29,0.07122755
2007-04-30,6.855011
2007-05-01,29.632568
2007-05-02,5.088806
2007-05-03,1.616478
2007-05-04,0.6084442
2007-05-05,0.49114227
2007-05-06,0.025227666
2007-05-07,0.61511993
2007-05-08,0.38909912
2007-05-09,0.13756752
2007-05-10,0.035196543
2007-05-11,0.9050369
2007-05-12,0.0757575
2007-05-13,1.5544891
2007-05-14,14.99939
2007-05-15,2.3212433
2007-05-16,2.3155212
2007-05-17,5.1231384
2007-05-18,1.0004044
2007-05-19,0.22935867
2007-05-20,0.8893013
2007-05-21,0.69999695
2007-05-22,0.0026002526
2007-05-23,0.42629242
2007-05-24,7.6560974
2007-05-25,13.305664
2007-05-26,23.361206
2007-05-27,3.3340454
2007-05-28,8.979797
2007-05-29,0.21886826
2007-05-30,3.2215118
2007-05-31,0.9589195
2007-06-01,3.074646
2007-06-02,0.1335144
2007-06-03,0.09429455
2007-06-04,7.408142
2007-06-05,1.7738342
2007-06-06,6.0195923
2007-06-07,0.93078613
2007-06-08,0.00032782555
2007-06-09,0.0017043203
2007-06-10,4.146576
2007-06-11,0.14531612
2007-06-12,0.0030677766
2007-06-13,1.411438
2007-06-14,14.129639
2007-06-15,1.7995834
2007-06-16,0.16820431
2007-06-17,9.994507
2007-06-18,0.07271767
2007-06-19,1.335144
2007-06-20,2.986908
2007-06-21,0.65755844
2007-06-22,3.025055
2007-06-23,0.23257732
2007-06-24,6.5193176
2007-06-25,3.2672882
2007-06-26,1.1005402
2007-06-27,0.52022934
2007-06-28,0.041365623
2007-06-29,0.0034403056
2007-06-30,0.00011920929
2007-07-01,3.4046173
2007-07-02,0.40507317
2007-07-03,1.0995865
2007-07-04,1.2083054
2007-07-05,0.2963543
2007-07-06,0.49066544
2007-07-07,1.5974045
2007-07-08,8.583069
2007-07-09,3.1204224
2007-07-10,2.040863
2007-07-11,1.1053085
2007-07-12,0.09280443
2007-07-13,0.00085821375
2007-07-14,0.00042608008
2007-07-15,0.05143881
2007-07-16,5.1002502
2007-07-17,0.0077039003
2007-07-18,1.2569427
2007-07-19,8.56781
2007-07-20,2.3727417
2007-07-21,1.0976791
2007-07-22,0.52928925
2007-07-23,9.872437
2007-07-24,0.8096695
2007-07-25,0.0016093254
2007-07-26,0.0
2007-07-27,0.04568696
2007-07-28,0.5979538
2007-07-29,0.36358833
2007-07-30,1.0175705
2007-07-31,0.0012814999
2007-08-01,5.5160522
2007-08-02,0.00086426735
2007-08-03,0.00085216016
2007-08-04,0.0017089769
2007-08-05,0.047802925
2007-08-06,11.177063
2007-08-07,0.0028889626
2007-08-08,0.15902519
2007-08-09,0.00035762787
2007-08-10,0.0013010576
2007-08-11,0.0017285347
2007-08-12,0.0042393804
2007-08-13,0.011444092
2007-08-14,0.0016661361
2007-08-15,2.4433136
2007-08-16,0.98896027
2007-08-17,0.03606081
2007-08-18,0.00085821375
2007-08-19,2.0885468
2007-08-20,15.197754
2007-08-21,2.8972626
2007-08-22,5.7029724
2007-08-23,7.5798035
2007-08-24,3.4542084
2007-08-25,0.0
2007-08-26,0.09548664
2007-08-27,0.00085821375
2007-08-28,0.016510487
2007-08-29,8.117676
2007-08-30,0.02130866
2007-08-31,0.00043516047
2007-09-01,0.08690357
2007-09-02,0.00086426735
2007-09-03,0.025868416
2007-09-04,0.9326935
2007-09-05,0.00043516047
2007-09-06,0.0
2007-09-07,0.00086426735
2007-09-08,0.00085216016
2007-09-09,0.00042608008
2007-09-10,0.0012814999
2007-09-11,0.010475516
2007-09-12,0.00085216016
2007-09-13,0.00085821375
2007-09-14,0.58555603
2007-09-15,0.00043516047
2007-09-16,0.007070601
2007-09-17,9.933472
2007-09-18,0.4746914
2007-09-19,0.0
2007-09-20,0.0
2007-09-21,0.05632639
2007-09-22,5.1727295
2007-09-23,0.0
2007-09-24,0.25701523
2007-09-25,0.23078918
2007-09-26,1.9855499
2007-09-27,0.07683039
2007-09-28,0.0016866252
2007-09-29,1.045227
2007-09-30,0.0
2007-10-01,18.341064
2007-10-02,4.016876
2007-10-03,0.08934736
2007-10-04,1.0290146
2007-10-05,1.0156631
2007-10-06,2.8514862
2007-10-07,1.7328262
2007-10-08,1.958847
2007-10-09,0.1834631
2007-10-10,6.034851
2007-10-11,0.00086426735
2007-10-12,0.002676621
2007-10-13,0.002577901
2007-10-14,0.0017192215
2007-10-15,0.00085216016
2007-10-16,0.027865171
2007-10-17,0.075638294
2007-10-18,0.089645386
2007-10-19,0.0
2007-10-20,0.0
2007-10-21,0.0
2007-10-22,0.0025741756
2007-10-23,0.00044098124
2007-10-24,0.0030100346
2007-10-25,0.04312396
2007-10-26,0.0017192215
2007-10-27,0.0017173588
2007-10-28,0.0012814999
2007-10-29,1.663208
2007-10-30,0.26845932
2007-10-31,0.0
2007-11-01,0.001729466
2007-11-02,0.00085216016
2007-11-03,0.00085216016
2007-11-04,0.006072223
2007-11-05,0.00044167973
2007-11-06,0.08434057
2007-11-07,0.0
2007-11-08,0.02220273
2007-11-09,0.05337596
2007-11-10,0.0004649628
2007-11-11,0.21481514
2007-11-12,0.28252602
2007-11-13,0.026077032
2007-11-14,0.5493164
2007-11-15,0.0
2007-11-16,0.0025760382
2007-11-17,0.0021457672
2007-11-18,0.39935112
2007-11-19,6.0806274
2007-11-20,10.620117
2007-11-21,1.4247894
2007-11-22,1.2750626
2007-11-23,0.6532669
2007-11-24,0.023663044
2007-11-25,0.6093979
2007-11-26,0.014446676
2007-11-27,0.004708767
2007-11-28,0.00085216016
2007-11-29,0.014916062
2007-11-30,0.15830994
2007-12-01,2.9582977
2007-12-02,1.1110306
2007-12-03,1.7232895
2007-12-04,0.2360344
2007-12-05,0.9241104
2007-12-06,0.03835559
2007-12-07,3.7117004
2007-12-08,11.764526
2007-12-09,22.064209
2007-12-10,3.7174225
2007-12-11,0.0012712553
2007-12-12,0.0012908131
2007-12-13,0.00043516047
2007-12-14,0.00097136945
2007-12-15,0.0016568229
2007-12-16,0.00085216016
2007-12-17,0.0
2007-12-18,0.0012908131
2007-12-19,0.00043516047
2007-12-20,0.001293607
2007-12-21,0.00087032095
2007-12-22,0.0034309924
2007-12-23,0.13577938
2007-12-24,0.0667572
2007-12-25,0.008791685
2007-12-26,0.049442053
2007-12-27,0.023633242
2007-12-28,0.03029406
2007-12-29,0.3197193
2007-12-30,0.15187263
2007-12-31,0.005979091
2008-01-01,0.0014007092
2008-01-02,2.7751923
2008-01-03,8.201599
2008-01-04,4.108429
2008-01-05,9.597778
2008-01-06,8.06427
2008-01-07,1.2254715
2008-01-08,0.43964386
2008-01-09,4.047394
2008-01-10,0.70381165
2008-01-11,10.604858
2008-01-12,0.3244877
2008-01-13,0.17261505
2008-01-14,0.094771385
2008-01-15,7.0610046
2008-01-16,7.6828003
2008-01-17,13.877869
2008-01-18,0.84400177
2008-01-19,0.10633469
2008-01-20,0.00043516047
2008-01-21,0.036478043
2008-01-22,0.6814003
2008-01-23,0.022619963
2008-01-24,0.5493164
2008-01-25,0.0047795475
2008-01-26,0.0008591451
2008-01-27,0.0021513551
2008-01-28,0.007867813
2008-01-29,0.023454428
2008-01-30,3.4427643
2008-01-31,0.06234646
2008-02-01,5.012512
2008-02-02,0.014483929
2008-02-03,6.9885254
2008-02-04,1.8177032
2008-02-05,0.00085216016
2008-02-06,0.872612
2008-02-07,0.001299195
2008-02-08,0.0017303973
2008-02-09,0.0
2008-02-10,0.00086426735
2008-02-11,0.00043516047
2008-02-12,0.003863126
2008-02-13,0.0012814999
2008-02-14,0.00043516047
2008-02-15,0.0017406419
2008-02-16,0.00043516047
2008-02-17,0.0017108396
2008-02-18,0.0012814999
2008-02-19,0.00043516047
2008-02-20,0.0872612
2008-02-21,0.007763505
2008-02-22,0.0017210841
2008-02-23,0.0017089769
2008-02-24,0.0012814999
2008-02-25,0.0021401793
2008-02-26,1.3227463
2008-02-27,0.94127655
2008-02-28,0.71811676
2008-02-29,1.2683868
2008-03-01,0.53453445
2008-03-02,0.18525124
2008-03-03,1.9378662
2008-03-04,3.1776428
2008-03-05,0.00096298754
2008-03-06,0.103116035
2008-03-07,0.31471252
2008-03-08,0.8196831
2008-03-09,5.6037903
2008-03-10,8.125305
2008-03-11,8.644104
2008-03-12,0.72956085
2008-03-13,0.37574768
2008-03-14,0.0
2008-03-15,1.5134811
2008-03-16,3.686905
2008-03-17,0.34308434
2008-03-18,0.1988411
2008-03-19,0.0012880191
2008-03-20,0.0012861565
2008-03-21,5.4779053
2008-03-22,1.2102127
2008-03-23,2.105713
2008-03-24,2.2239685
2008-03-25,2.462387
2008-03-26,8.773804
2008-03-27,3.6258698
2008-03-28,0.9036064
2008-03-29,0.0744462
2008-03-30,6.5231323
2008-03-31,2.040863
2008-04-01,0.045627356
2008-04-02,0.11855364
2008-04-03,0.09167194
2008-04-04,0.0008456409
2008-04-05,0.00087032095
2008-04-06,1.0175705
2008-04-07,1.1711121
2008-04-08,3.4809113
2008-04-09,10.650635
2008-04-10,12.359619
2008-04-11,2.4299622
2008-04-12,4.4937134
2008-04-13,2.0389557
2008-04-14,0.7324219
2008-04-15,0.124812126
2008-04-16,0.00043516047
2008-04-17,11.909485
2008-04-18,10.383606
2008-04-19,0.80537796
2008-04-20,5.66864
2008-04-21,7.4768066
2008-04-22,0.6747246
2008-04-23,0.67710876
2008-04-24,0.0008614734
2008-04-25,0.00085216016
2008-04-26,0.0012824312
2008-04-27,2.6779175
2008-04-28,7.1411133
2008-04-29,2.2621155
2008-04-30,3.2444
2008-05-01,0.31232834
2008-05-02,0.0
2008-05-03,0.0017108396
2008-05-04,0.92077255
2008-05-05,18.936157
2008-05-06,0.4477501
2008-05-07,0.006683171
2008-05-08,1.1281967
2008-05-09,3.7078857
2008-05-10,0.664711
2008-05-11,0.5044937
2008-05-12,2.4967194
2008-05-13,0.038921833
2008-05-14,8.476257
2008-05-15,6.263733
2008-05-16,11.077881
2008-05-17,5.0849915
2008-05-18,0.9202957
2008-05-19,5.4397583
2008-05-20,0.1629591
2008-05-21,0.0025741756
2008-05-22,0.10371208
2008-05-23,9.002686
2008-05-24,17.578125
2008-05-25,13.694763
2008-05-26,1.1854172
2008-05-27,9.773254
2008-05-28,0.7328987
2008-05-29,0.25963783
2008-05-30,0.103116035
2008-05-31,12.145996
2008-06-01,6.652832
2008-06-02,2.6607513
2008-06-03,3.4980774
2008-06-04,0.004116446
2008-06-05,1.0347366
2008-06-06,1.0824203
2008-06-07,0.11944771
2008-06-08,1.2960434
2008-06-09,6.668091
2008-06-10,3.6964417
2008-06-11,6.084442
2008-06-12,0.22017956
2008-06-13,6.2332153
2008-06-14,0.3581047
2008-06-15,0.3285408
2008-06-16,13.214111
2008-06-17,1.9760132
2008-06-18,0.00085216016
2008-06-19,0.0017229468
2008-06-20,0.0
2008-06-21,0.0012926757
2008-06-22,0.47016144
2008-06-23,0.15854836
2008-06-24,4.1122437
2008-06-25,0.005234033
2008-06-26,2.1514893
2008-06-27,0.00086287037
2008-06-28,0.00085216016
2008-06-29,0.00085821375
2008-06-30,0.00085821375
2008-07-01,1.4123917
2008-07-02,6.614685
2008-07-03,0.81682205
2008-07-04,0.00085821375
2008-07-05,0.5426407
2008-07-06,7.9803467
2008-07-07,0.2387762
2008-07-08,0.0039823353
2008-07-09,0.00044098124
2008-07-10,0.088214874
2008-07-11,3.879547
2008-07-12,0.14817715
2008-07-13,1.1539459
2008-07-14,0.0008554198
2008-07-15,0.0017154962
2008-07-16,0.0021439046
2008-07-17,0.34332275
2008-07-18,0.0034421682
2008-07-19,0.0017164275
2008-07-20,0.011101365
2008-07-21,0.00044098124
2008-07-22,0.000864733
2008-07-23,0.0012908131
2008-07-24,0.009328127
2008-07-25,0.010706484
2008-07-26,4.5433044
2008-07-27,0.0
2008-07-28,1.7061234
2008-07-29,0.0020805746
2008-07-30,3.1108856
2008-07-31,0.5059242
2008-08-01,9.391785
2008-08-02,0.07253885
2008-08-03,0.1013875
2008-08-04,0.11897087
2008-08-05,0.5993843
2008-08-06,10.772705
2008-08-07,9.056091
2008-08-08,0.3142357
2008-08-09,0.020310283
2008-08-10,0.0
2008-08-11,6.717682
2008-08-12,7.9421997
2008-08-13,0.10514259
2008-08-14,2.544403
2008-08-15,1.5363693
2008-08-16,0.0036098063
2008-08-17,0.40721893
2008-08-18,0.3848076
2008-08-19,0.23567677
2008-08-20,0.13840199
2008-08-21,0.067293644
2008-08-22,11.726379
2008-08-23,0.46730042
2008-08-24,0.20194054
2008-08-25,0.3709793
2008-08-26,0.0021457672
2008-08-27,0.0
2008-08-28,0.0008591451
2008-08-29,0.0
2008-08-30,2.412796
2008-08-31,1.502037
2008-09-01,0.3631115
2008-09-02,0.10627508
2008-09-03,5.0697327
2008-09-04,3.5324097
2008-09-05,4.0512085
2008-09-06,1.1034012
2008-09-07,0.187397
2008-09-08,0.0012917444
2008-09-09,7.6675415
2008-09-10,1.6727448
2008-09-11,0.6222725
2008-09-12,2.922058
2008-09-13,3.326416
2008-09-14,0.031471252
2008-09-15,0.00043516047
2008-09-16,0.00044098124
2008-09-17,0.001293607
2008-09-18,12.802124
2008-09-19,0.35762787
2008-09-20,0.0025760382
2008-09-21,0.00085821375
2008-09-22,0.00044098124
2008-09-23,0.00173226
2008-09-24,0.0
2008-09-25,0.008605421
2008-09-26,0.00085216016
2008-09-27,0.00042677857
2008-09-28,0.0
2008-09-29,0.0008614734
2008-09-30,0.15926361
2008-10-01,0.69856644
2008-10-02,2.8305054
2008-10-03,1.3637543
2008-10-04,0.0
2008-10-05,2.2716522
2008-10-06,0.025391579
2008-10-07,13.48877
2008-10-08,0.55360794
2008-10-09,0.020861626
2008-10-10,0.0017229468
2008-10-11,0.00042608008
2008-10-12,0.017821789
2008-10-13,4.6424866
2008-10-14,0.53310394
2008-10-15,0.29587746
2008-10-16,4.34494
2008-10-17,0.0
2008-10-18,0.0
2008-10-19,0.002566725
2008-10-20,0.043213367
2008-10-21,18.234253
2008-10-22,2.1324158
2008-10-23,0.0017285347
2008-10-24,0.002566725
2008-10-25,0.030994415
2008-10-26,0.0017136335
2008-10-27,7.9193115
2008-10-28,0.21088123
2008-10-29,0.18036366
2008-10-30,22.476196
2008-10-31,4.8713684
2008-11-01,0.50735474
2008-11-02,7.2250366
2008-11-03,9.460449
2008-11-04,0.67424774
2008-11-05,10.772705
2008-11-06,1.1281967
2008-11-07,5.5236816
2008-11-08,1.9493103
2008-11-09,0.20694733
2008-11-10,0.0
2008-11-11,0.3669262
2008-11-12,3.33786
2008-11-13,0.051617622
2008-11-14,0.08845329
2008-11-15,0.15890598
2008-11-16,0.13518333
2008-11-17,0.3979206
2008-11-18,5.619049
2008-11-19,0.11956692
2008-11-20,0.22602081
2008-11-21,1.2493134
2008-11-22,0.3311634
2008-11-23,6.1302185
2008-11-24,0.81682205
2008-11-25,0.0025629997
2008-11-26,0.08738041
2008-11-27,0.0022742897
2008-11-28,0.13589859
2008-11-29,4.8828125
2008-11-30,5.519867
2008-12-01,0.8840561
2008-12-02,1.2712479
2008-12-03,20.980835
2008-12-04,5.088806
2008-12-05,7.789612
2008-12-06,0.5865097
2008-12-07,0.00085216016
2008-12-08,1.4734268
2008-12-09,4.7454834
2008-12-10,0.43272972
2008-12-11,0.11599064
2008-12-12,0.13518333
2008-12-13,12.435913
2008-12-14,0.3809929
2008-12-15,0.24914742
2008-12-16,0.187397
2008-12-17,1.6002655
2008-12-18,0.064730644
2008-12-19,0.19693375
2008-12-20,0.14424324
2008-12-21,0.022605062
2008-12-22,0.00043516047
2008-12-23,0.0012870878
2008-12-24,0.040739775
2008-12-25,0.071406364
2008-12-26,1.8062592
2008-12-27,0.0
2008-12-28,0.29945374
2008-12-29,8.514404
2008-12-30,1.1615753
2008-12-31,0.0008614734
2009-01-01,0.006545335
2009-01-02,0.06341934
2009-01-03,0.012241304
2009-01-04,0.07456541
2009-01-05,0.81539154
2009-01-06,1.1396408
2009-01-07,0.053703785
2009-01-08,0.11098385
2009-01-09,1.7995834
2009-01-10,0.0017164275
2009-01-11,0.016182661
2009-01-12,0.016704202
2009-01-13,4.501343
2009-01-14,0.037014484
2009-01-15,0.0
2009-01-16,0.0047795475
2009-01-17,0.010117888
2009-01-18,2.008438
2009-01-19,12.260437
2009-01-20,1.1863708
2009-01-21,2.2678375
2009-01-22,17.318726
2009-01-23,22.30835
2009-01-24,20.629883
2009-01-25,3.2138824
2009-01-26,1.2407303
2009-01-27,0.4553795
2009-01-28,3.0326843
2009-01-29,0.7829666
2009-01-30,0.00085216016
2009-01-31,0.009447336
2009-02-01,1.124382
2009-02-02,3.6029816
2009-02-03,0.0009452924
2009-02-04,1.8978119
2009-02-05,0.12755394
2009-02-06,2.2659302
2009-02-07,0.3399849
2009-02-08,0.59223175
2009-02-09,1.8348694
2009-02-10,6.832123
2009-02-11,5.8784485
2009-02-12,0.71668625
2009-02-13,0.05364418
2009-02-14,0.09918213
2009-02-15,0.001293607
2009-02-16,0.0
2009-02-17,0.012598932
2009-02-18,0.13291836
2009-02-19,0.01564622
2009-02-20,0.0
2009-02-21,0.00087032095
2009-02-22,0.10448694
2009-02-23,0.24437904
2009-02-24,0.00583753
2009-02-25,0.0012870878
2009-02-26,0.0021401793
2009-02-27,0.0012824312
2009-02-28,0.00085216016
2009-03-01,0.121474266
2009-03-02,0.021889806
2009-03-03,0.0
2009-03-04,10.1623535
2009-03-05,3.671646
2009-03-06,0.016063452
2009-03-07,0.6070137
2009-03-08,1.625061
2009-03-09,0.6971359
2009-03-10,0.05352497
2009-03-11,0.8749962
2009-03-12,0.00085216016
2009-03-13,0.0012908131
2009-03-14,0.053167343
2009-03-15,0.009268522
2009-03-16,0.00085216016
2009-03-17,0.0021550804
2009-03-18,0.00085216016
2009-03-19,0.0012861565
2009-03-20,0.00043516047
2009-03-21,0.00085216016
2009-03-22,0.00085216016
2009-03-23,0.0025704503
2009-03-24,0.21290779
2009-03-25,0.19037724
2009-03-26,0.006660819
2009-03-27,0.22912025
2009-03-28,5.73349
2009-03-29,5.9604645e-05
2009-03-30,0.0
2009-03-31,0.0109523535
2009-04-01,0.052064657
2009-04-02,0.003265217
2009-04-03,1.4696121
2009-04-04,0.151515
2009-04-05,0.059366226
2009-04-06,8.049011
2009-04-07,13.061523
2009-04-08,0.11128187
2009-04-09,0.0
2009-04-10,22.93396
2009-04-11,12.390137
2009-04-12,5.6266785
2009-04-13,0.079512596
2009-04-14,1.6374588
2009-04-15,19.134521
2009-04-16,1.9340515
2009-04-17,7.095337
2009-04-18,0.5135536
2009-04-19,3.7765503
2009-04-20,0.05403161
2009-04-21,0.063717365
2009-04-22,0.00043516047
2009-04-23,0.0
2009-04-24,1.8939972
2009-04-25,14.3966675
2009-04-26,3.1108856
2009-04-27,6.6604614
2009-04-28,8.628845
2009-04-29,4.0397644
2009-04-30,3.1261444
2009-05-01,1.1482239
2009-05-02,0.00085821375
2009-05-03,0.004131347
2009-05-04,0.2207756
2009-05-05,0.0
2009-05-06,0.0
2009-05-07,0.13566017
2009-05-08,4.0664673
2009-05-09,4.470825
2009-05-10,11.482239
2009-05-11,24.68872
2009-05-12,0.579834
2009-05-13,12.199402
2009-05-14,2.0523071
2009-05-15,1.9836426
2009-05-16,0.13720989
2009-05-17,0.21398067
2009-05-18,0.08279085
2009-05-19,0.55122375
2009-05-20,5.5885315
2009-05-21,0.37670135
2009-05-22,0.2553463
2009-05-23,0.3888607
2009-05-24,1.2588501
2009-05-25,6.095886
2009-05-26,0.3464222
2009-05-27,0.0012814999
2009-05-28,0.0
2009-05-29,0.0021457672
2009-05-30,0.00085821375
2009-05-31,0.3812313
2009-06-01,0.00043516047
2009-06-02,0.029921532
2009-06-03,0.0025685877
2009-06-04,0.0017695129
2009-06-05,11.535645
2009-06-06,1.1548996
2009-06-07,1.8825531
2009-06-08,3.0975342
2009-06-09,4.7454834
2009-06-10,6.3438416
2009-06-11,1.0623932
2009-06-12,0.0025741756
2009-06-13,0.0
2009-06-14,0.57935715
2009-06-15,3.932953
2009-06-16,0.0012908131
2009-06-17,3.4999847
2009-06-18,0.021919608
2009-06-19,0.23686886
2009-06-20,0.003438443
2009-06-21,0.0100284815
2009-06-22,0.0
2009-06-23,0.00043516047
2009-06-24,0.001293607
2009-06-25,0.279665
2009-06-26,0.954628
2009-06-27,0.00085821375
2009-06-28,0.001299195
2009-06-29,0.020772219
2009-06-30,0.6828308
2009-07-01,0.03886223
2009-07-02,12.168884
2009-07-03,0.093996525
2009-07-04,0.81825256
2009-07-05,0.26774406
2009-07-06,1.8072128
2009-07-07,0.18024445
2009-07-08,0.3349781
2009-07-09,0.03683567
2009-07-10,0.25248528
2009-07-11,0.0
2009-07-12,0.0037308782
2009-07-13,22.04895
2009-07-14,7.118225
2009-07-15,0.00085821375
2009-07-16,5.4855347
2009-07-17,2.4089813
2009-07-18,0.45323372
2009-07-19,0.16748905
2009-07-20,0.0036899
2009-07-21,1.1768341
2009-07-22,0.15294552
2009-07-23,6.198883
2009-07-24,0.009350479
2009-07-25,0.014901161
2009-07-26,0.00085821375
2009-07-27,0.00044098124
2009-07-28,0.0
2009-07-29,0.0011920929
2009-07-30,0.07164478
2009-07-31,0.0
2009-08-01,1.4362335
2009-08-02,0.18811226
2009-08-03,0.105679035
2009-08-04,0.00085216016
2009-08-05,0.00086054206
2009-08-06,1.4190674
2009-08-07,2.17247
2009-08-08,0.78487396
2009-08-09,21.331787
2009-08-10,0.018298626
2009-08-11,0.0
2009-08-12,0.00085216016
2009-08-13,0.001293607
2009-08-14,0.0017285347
2009-08-15,0.008791685
2009-08-16,0.13279915
2009-08-17,0.0045895576
2009-08-18,0.0023599714
2009-08-19,0.7724762
2009-08-20,0.17511845
2009-08-21,2.9640198
2009-08-22,0.0
2009-08-23,0.0008600764
2009-08-24,0.26154518
2009-08-25,2.1266937
2009-08-26,0.00237301
2009-08-27,0.00044098124
2009-08-28,0.248909
2009-08-29,0.00699237
2009-08-30,0.0017285347
2009-08-31,0.0
2009-09-01,3.0498505
2009-09-02,0.005595386
2009-09-03,0.18072128
2009-09-04,2.1266937
2009-09-05,0.0
2009-09-06,0.00043516047
2009-09-07,0.0
2009-09-08,0.00085216016
2009-09-09,0.00085216016
2009-09-10,0.0025741756
2009-09-11,0.00043516047
2009-09-12,0.0017043203
2009-09-13,0.00042608008
2009-09-14,0.0017136335
2009-09-15,4.79126
2009-09-16,0.012487173
2009-09-17,0.0013066456
2009-09-18,8.026123
2009-09-19,13.2369995
2009-09-20,9.216309
2009-09-21,0.06520748
2009-09-22,0.001697801
2009-09-23,0.0
2009-09-24,0.0
2009-09-25,0.0021476299
2009-09-26,0.0
2009-09-27,0.0
2009-09-28,0.020802021
2009-09-29,0.0
2009-09-30,2.9802322e-05
2009-10-01,0.0
2009-10-02,0.00086426735
2009-10-03,0.006068498
2009-10-04,0.00043516047
2009-10-05,0.0
2009-10-06,0.0013438985
2009-10-07,3.004074
2009-10-08,6.931305
2009-10-09,1.3198853
2009-10-10,1.3227463
2009-10-11,0.35476685
2009-10-12,0.6861687
2009-10-13,0.0021532178
2009-10-14,0.00086287037
2009-10-15,0.0
2009-10-16,0.00042608008
2009-10-17,0.0043809414
2009-10-18,0.0
2009-10-19,0.00043516047
2009-10-20,4.4441223
2009-10-21,15.487671
2009-10-22,4.890442
2009-10-23,1.0519028
2009-10-24,3.3054352
2009-10-25,1.0099411
2009-10-26,0.00782311
2009-10-27,0.00082841143
2009-10-28,0.00085216016
2009-10-29,0.00085216016
2009-10-30,0.0025704503
2009-10-31,0.0
2009-11-01,15.914917
2009-11-02,18.02063
2009-11-03,4.989624
2009-11-04,8.308411
2009-11-05,0.9469986
2009-11-06,2.9010773
2009-11-07,11.253357
2009-11-08,3.6621094
2009-11-09,0.00085216016
2009-11-10,3.0021667
2009-11-11,7.9421997
2009-11-12,2.6721954
2009-11-13,0.0
2009-11-14,2.1743774
2009-11-15,0.44441223
2009-11-16,0.4427433
2009-11-17,0.18119812
2009-11-18,0.006966293
2009-11-19,0.00085216016
2009-11-20,0.00085216016
2009-11-21,2.8209686
2009-11-22,3.6315918
2009-11-23,1.8978119
2009-11-24,0.013321638
2009-11-25,0.121593475
2009-11-26,0.04518032
2009-11-27,2.8476715
2009-11-28,0.3736019
2009-11-29,11.535645
2009-11-30,0.35905838
2009-12-01,0.24461746
2009-12-02,5.3482056
2009-12-03,8.056641
2009-12-04,12.924194
2009-12-05,0.07677078
2009-12-06,2.2335052
2009-12-07,8.773804
2009-12-08,0.45990944
2009-12-09,0.0
2009-12-10,0.0021494925
2009-12-11,0.0025741756
2009-12-12,0.00085216016
2009-12-13,0.043541193
2009-12-14,0.0032875687
2009-12-15,0.020772219
2009-12-16,0.001007691
2009-12-17,0.84781647
2009-12-18,3.0708313
2009-12-19,0.0988245
2009-12-20,0.0006109476
2009-12-21,1.5411377
2009-12-22,7.30896
2009-12-23,7.3165894
2009-12-24,2.161026
2009-12-25,1.6345978
2009-12-26,0.0012954697
2009-12-27,2.702713
2009-12-28,6.6184998
2009-12-29,11.665344
2009-12-30,4.2266846
2009-12-31,7.6026917
2010-01-01,0.5836487
2010-01-02,1.4133453
2010-01-03,7.827759
2010-01-04,0.09161234
2010-01-05,0.2501011
2010-01-06,1.1558533
2010-01-07,0.38266182
2010-01-08,0.29706955
2010-01-09,1.4247894
2010-01-10,0.030726194
2010-01-11,0.011339784
2010-01-12,10.391235
2010-01-13,2.3479462
2010-01-14,14.503479
2010-01-15,0.01731515
2010-01-16,6.755829
2010-01-17,0.052541494
2010-01-18,0.0
2010-01-19,2.9850006
2010-01-20,6.126404
2010-01-21,0.0037550926
2010-01-22,0.00085216016
2010-01-23,0.09018183
2010-01-24,1.0309219
2010-01-25,0.04172325
2010-01-26,0.0032372773
2010-01-27,0.0010849908
2010-01-28,0.872612
2010-01-29,3.1166077
2010-01-30,2.8457642
2010-01-31,0.0025685877
2010-02-01,0.0030007213
2010-02-02,0.0042393804
2010-02-03,0.003874302
2010-02-04,5.1460266
2010-02-05,10.040283
2010-02-06,8.644104
2010-02-07,0.054717064
2010-02-08,0.00020861626
2010-02-09,0.49877167
2010-02-10,0.65279007
2010-02-11,1.0576248
2010-02-12,0.13256073
2010-02-13,0.046163797
2010-02-14,0.03516674
2010-02-15,0.00042608008
2010-02-16,1.4657974
2010-02-17,5.088806
2010-02-18,0.20337105
2010-02-19,0.06210804
2010-02-20,2.4929047
2010-02-21,1.3589859
2010-02-22,1.9054413
2010-02-23,1.1396408
2010-02-24,3.6888123
2010-02-25,8.2473755
2010-02-26,1.7795563
2010-02-27,2.99263
2010-02-28,2.1781921
2010-03-01,3.982544
2010-03-02,0.0
2010-03-03,1.1539459
2010-03-04,2.2449493
2010-03-05,0.00043516047
2010-03-06,0.0017201528
2010-03-07,0.0
2010-03-08,2.456665
2010-03-09,0.0
2010-03-10,0.10716915
2010-03-11,0.034570694
2010-03-12,0.0
2010-03-13,0.019282103
2010-03-14,0.0025816262
2010-03-15,0.0012945384
2010-03-16,0.00044098124
2010-03-17,0.0
2010-03-18,0.02670288
2010-03-19,2.4280548
2010-03-20,5.7907104
2010-03-21,2.3593903
2010-03-22,0.00062864274
2010-03-23,0.00085216016
2010-03-24,2.7618408
2010-03-25,11.520386
2010-03-26,1.8701553
2010-03-27,5.4397583
2010-03-28,0.24986267
2010-03-29,6.3972473
2010-03-30,5.3749084
2010-03-31,8.148193
2010-04-01,4.4059753
2010-04-02,1.8539429
2010-04-03,10.971069
2010-04-04,1.8835068
2010-04-05,0.0016270205
2010-04-06,0.00085216016
2010-04-07,3.1089783
2010-04-08,0.34618378
2010-04-09,0.03170967
2010-04-10,0.0017182902
2010-04-11,0.0
2010-04-12,0.0034254044
2010-04-13,0.37121773
2010-04-14,0.108122826
2010-04-15,0.00085216016
2010-04-16,0.00085216016
2010-04-17,0.00085216016
2010-04-18,0.00043516047
2010-04-19,6.374359
2010-04-20,0.013515353
2010-04-21,0.0017108396
2010-04-22,1.3685226
2010-04-23,3.1528473
2010-04-24,0.013791025
2010-04-25,0.14853477
2010-04-26,0.0035073608
2010-04-27,0.00085216016
2010-04-28,0.0
2010-04-29,1.912117
2010-04-30,2.1800995
2010-05-01,0.6251335
2010-05-02,0.62179565
2010-05-03,3.414154
2010-05-04,18.325806
2010-05-05,7.987976
2010-05-06,0.43463707
2010-05-07,0.4169941
2010-05-08,2.746582
2010-05-09,6.1569214
2010-05-10,0.14853477
2010-05-11,1.0814667
2010-05-12,0.6327629
2010-05-13,0.21851063
2010-05-14,0.12934208
2010-05-15,0.27823448
2010-05-16,0.7662773
2010-05-17,0.78105927
2010-05-18,0.0017145649
2010-05-19,0.0
2010-05-20,0.00085821375
2010-05-21,0.00085216016
2010-05-22,0.0034421682
2010-05-23,0.00085216016
2010-05-24,0.00085216016
2010-05-25,2.6397705
2010-05-26,2.1858215
2010-05-27,0.25844574
2010-05-28,0.17178059
2010-05-29,2.6245117
2010-05-30,2.0542145
2010-05-31,0.78201294
2010-06-01,0.40650368
2010-06-02,0.46348572
2010-06-03,0.00085821375
2010-06-04,0.0038594007
2010-06-05,0.00085821375
2010-06-06,8.201599
2010-06-07,5.9604645e-05
2010-06-08,16.647339
2010-06-09,6.134033
2010-06-10,7.106781
2010-06-11,1.2893677
2010-06-12,0.32877922
2010-06-13,4.2152405
2010-06-14,3.753662
2010-06-15,5.9280396
2010-06-16,21.850586
2010-06-17,0.2670288
2010-06-18,0.849247
2010-06-19,7.6179504
2010-06-20,0.34499168
2010-06-21,0.0012787059
2010-06-22,0.00085216016
2010-06-23,0.0021457672
2010-06-24,0.0017145649
2010-06-25,0.0021401793
2010-06-26,0.0008489005
2010-06-27,0.23066998
2010-06-28,5.9432983
2010-06-29,1.0538101
2010-06-30,0.06771088
2010-07-01,0.0017303973
2010-07-02,0.29683113
2010-07-03,9.559631
2010-07-04,0.06699562
2010-07-05,0.001735054
2010-07-06,0.042647123
2010-07-07,0.0
2010-07-08,0.0
2010-07-09,0.41031837
2010-07-10,0.00513345
2010-07-11,0.039368868
2010-07-12,0.015221536
2010-07-13,0.1975298
2010-07-14,0.6098747
2010-07-15,0.00043516047
2010-07-16,0.0032372773
2010-07-17,0.13947487
2010-07-18,0.0017127022
2010-07-19,0.00084610656
2010-07-20,0.31137466
2010-07-21,15.823364
2010-07-22,1.698494
2010-07-23,0.094890594
2010-07-24,0.060737133
2010-07-25,0.35715103
2010-07-26,0.03552437
2010-07-27,0.08302927
2010-07-28,0.0
2010-07-29,0.48208237
2010-07-30,0.016450882
2010-07-31,0.00085821375
2010-08-01,19.714355
2010-08-02,0.18024445
2010-08-03,0.3669262
2010-08-04,1.1739731
2010-08-05,0.15759468
2010-08-06,0.0025946647
2010-08-07,0.00044098124
2010-08-08,0.0008586794
2010-08-09,0.00017881393
2010-08-10,0.02168119
2010-08-11,1.045227
2010-08-12,0.015377998
2010-08-13,0.09417534
2010-08-14,0.2963543
2010-08-15,1.9264221
2010-08-16,0.0049471855
2010-08-17,0.00085216016
2010-08-18,0.14030933
2010-08-19,0.013485551
2010-08-20,0.0057034194
2010-08-21,0.0017071143
2010-08-22,1.8520355
2010-08-23,1.9340515
2010-08-24,0.1629591
2010-08-25,0.0
2010-08-26,0.02066791
2010-08-27,0.25463104
2010-08-28,0.156641
2010-08-29,0.00085821375
2010-08-30,0.0025629997
2010-08-31,0.0
2010-09-01,0.0
2010-09-02,0.0
2010-09-03,0.0008940697
2010-09-04,0.0030044466
2010-09-05,0.0012759119
2010-09-06,2.4719238
2010-09-07,10.055542
2010-09-08,5.9318542
2010-09-09,0.66423416
2010-09-10,0.0205338
2010-09-11,0.0
2010-09-12,0.07688999
2010-09-13,0.00043516047
2010-09-14,0.0
2010-09-15,0.0008554198
2010-09-16,1.6288757
2010-09-17,0.003911555
2010-09-18,0.0017676502
2010-09-19,0.0
2010-09-20,0.0017359853
2010-09-21,0.014156103
2010-09-22,0.002592802
2010-09-23,7.5149536
2010-09-24,4.6157837
2010-09-25,0.33855438
2010-09-26,0.00846386
2010-09-27,0.15425682
2010-09-28,0.001293607
2010-09-29,0.00043516047
2010-09-30,5.0964355
2010-10-01,0.00043516047
2010-10-02,0.42939186
2010-10-03,0.5707741
2010-10-04,14.007568
2010-10-05,0.0025816262
2010-10-06,0.0017182902
2010-10-07,0.03376603
2010-10-08,0.00085122883
2010-10-09,2.5558472
2010-10-10,33.355713
2010-10-11,7.297516
2010-10-12,0.00043516047
2010-10-13,0.0017127022
2010-10-14,0.0012870878
2010-10-15,0.0063851476
2010-10-16,0.7042885
2010-10-17,0.0025704503
2010-10-18,0.021725893
2010-10-19,0.521183
2010-10-20,0.21350384
2010-10-21,0.0
2010-10-22,0.0012889504
2010-10-23,7.0533752
2010-10-24,22.277832
2010-10-25,0.022411346
2010-10-26,0.00042608008
2010-10-27,0.0012759119
2010-10-28,0.054240227
2010-10-29,5.039215
2010-10-30,9.353638
2010-10-31,3.6144257
2010-11-01,0.66661835
2010-11-02,0.17940998
2010-11-03,0.8068085
2010-11-04,1.8072128
2010-11-05,0.38647652
2010-11-06,0.65898895
2010-11-07,8.4991455
2010-11-08,20.736694
2010-11-09,6.3934326
2010-11-10,1.0166168
2010-11-11,3.3721924
2010-11-12,5.191803
2010-11-13,0.006698072
2010-11-14,9.384155
2010-11-15,2.6245117
2010-11-16,0.010795891
2010-11-17,7.587433
2010-11-18,1.6212463
2010-11-19,0.01052767
2010-11-20,15.159607
2010-11-21,7.659912
2010-11-22,1.0032654
2010-11-23,0.13649464
2010-11-24,0.2887249
2010-11-25,2.653122
2010-11-26,1.4257431
2010-11-27,2.7198792
2010-11-28,0.6585121
2010-11-29,0.005438924
2010-11-30,4.020691
2010-12-01,1.5029907
2010-12-02,0.45013428
2010-12-03,0.14293194
2010-12-04,0.0042952597
2010-12-05,7.549286
2010-12-06,9.979248
2010-12-07,6.252289
2010-12-08,0.99277496
2010-12-09,0.0010309741
2010-12-10,0.0012814999
2010-12-11,0.0017043203
2010-12-12,0.00085216016
2010-12-13,0.00043516047
2010-12-14,0.00085216016
2010-12-15,0.005915761
2010-12-16,1.8424988
2010-12-17,5.2871704
2010-12-18,0.330925
2010-12-19,0.11265278
2010-12-20,0.0
2010-12-21,6.05011
2010-12-22,1.745224
2010-12-23,19.65332
2010-12-24,1.077652
2010-12-25,0.014305115
2010-12-26,0.00085821375
2010-12-27,0.0
2010-12-28,0.004094094
2010-12-29,1.5230179
2010-12-30,0.89740753
2010-12-31,0.10484457
2011-01-01,0.017806888
2011-01-02,0.02092123
2011-01-03,0.0010188669
2011-01-04,0.2772808
2011-01-05,2.4147034
2011-01-06,14.801025
2011-01-07,1.6908646
2011-01-08,2.6626587
2011-01-09,0.039607286
2011-01-10,0.916481
2011-01-11,3.4065247
2011-01-12,0.2515316
2011-01-13,0.26488304
2011-01-14,0.0033862889
2011-01-15,0.0021345913
2011-01-16,0.0029988587
2011-01-17,0.0072941184
2011-01-18,1.045227
2011-01-19,0.0021699816
2011-01-20,0.0012908131
2011-01-21,0.00086193904
2011-01-22,0.033199787
2011-01-23,0.01552701
2011-01-24,0.0
2011-01-25,0.013820827
2011-01-26,0.039964914
2011-01-27,0.0020973384
2011-01-28,2.2239685
2011-01-29,1.8081665
2011-01-30,0.0034458935
2011-01-31,0.025168061
2011-02-01,0.048965216
2011-02-02,0.17893314
2011-02-03,0.59747696
2011-02-04,0.3311634
2011-02-05,0.004284084
2011-02-06,0.0
2011-02-07,0.0021513551
2011-02-08,0.0012814999
2011-02-09,0.0017108396
2011-02-10,0.0017127022
2011-02-11,0.003438443
2011-02-12,0.21851063
2011-02-13,4.032135
2011-02-14,3.8146973
2011-02-15,1.9140244
2011-02-16,1.0509491
2011-02-17,0.48208237
2011-02-18,0.012747943
2011-02-19,2.073288
2011-02-20,0.17094612
2011-02-21,9.429932
2011-02-22,3.2196045
2011-02-23,0.13160706
2011-02-24,0.1603365
2011-02-25,0.04786253
2011-02-26,1.8663406
2011-02-27,0.53310394
2011-02-28,5.004883
2011-03-01,0.38290024
2011-03-02,0.061035156
2011-03-03,0.7100105
2011-03-04,0.0067427754
2011-03-05,0.0017816201
2011-03-06,0.00044098124
2011-03-07,0.00043516047
2011-03-08,0.0021401793
2011-03-09,0.0017229468
2011-03-10,0.003427267
2011-03-11,0.00043516047
2011-03-12,4.135132
2011-03-13,3.9367676
2011-03-14,0.02284348
2011-03-15,4.135132
2011-03-16,5.8631897
2011-03-17,1.0814667
2011-03-18,0.48923492
2011-03-19,0.7328987
2011-03-20,0.0008540228
2011-03-21,0.0
2011-03-22,0.0086426735
2011-03-23,0.0
2011-03-24,0.00043516047
2011-03-25,0.0017238781
2011-03-26,0.023275614
2011-03-27,14.877319
2011-03-28,2.6226044
2011-03-29,8.117676
2011-03-30,2.6569366
2011-03-31,0.49448013
2011-04-01,0.0
2011-04-02,3.9291382
2011-04-03,4.7302246
2011-04-04,0.07659197
2011-04-05,0.0017043203
2011-04-06,0.00042608008
2011-04-07,0.0017192215
2011-04-08,0.0
2011-04-09,0.007659197
2011-04-10,1.2617111
2011-04-11,0.114262104
2011-04-12,0.25844574
2011-04-13,0.00043516047
2011-04-14,0.00085821375
2011-04-15,0.0017015263
2011-04-16,0.0012945384
2011-04-17,0.0008554198
2011-04-18,8.940697e-05
2011-04-19,0.00043516047
2011-04-20,0.13113022
2011-04-21,0.32639503
2011-04-22,0.6093979
2011-04-23,1.7557144
2011-04-24,0.098109245
2011-04-25,7.335663
2011-04-26,0.00097136945
2011-04-27,0.23984909
2011-04-28,0.8816719
2011-04-29,0.25606155
2011-04-30,0.047296286
2011-05-01,0.52690506
2011-05-02,0.9608269
2011-05-03,0.5559921
2011-05-04,0.25343895
2011-05-05,0.0
2011-05-06,0.25486946
2011-05-07,0.4181862
2011-05-08,0.05683303
2011-05-09,0.0025629997
2011-05-10,1.4410019
2011-05-11,3.4046173
2011-05-12,1.4505386
2011-05-13,0.0038444996
2011-05-14,2.1076202
2011-05-15,0.0021513551
2011-05-16,0.0
2011-05-17,0.00085821375
2011-05-18,0.0010728836
2011-05-19,1.0538101
2011-05-20,3.156662
2011-05-21,0.1270771
2011-05-22,0.3786087
2011-05-23,0.0
2011-05-24,0.0
2011-05-25,0.0012870878
2011-05-26,0.06270409
2011-05-27,0.2706051
2011-05-28,0.0
2011-05-29,0.035375357
2011-05-30,7.1525574
2011-05-31,0.24604797
2011-06-01,0.0
2011-06-02,0.03761053
2011-06-03,0.008635223
2011-06-04,0.4234314
2011-06-05,7.62558
2011-06-06,12.878418
2011-06-07,8.895874
2011-06-08,0.43344498
2011-06-09,0.37026405
2011-06-10,0.8587837
2011-06-11,0.4477501
2011-06-12,0.3657341
2011-06-13,2.3384094
2011-06-14,0.052452087
2011-06-15,0.011265278
2011-06-16,1.8787384
2011-06-17,2.073288
2011-06-18,1.3666153
2011-06-19,0.11014938
2011-06-20,0.0
2011-06-21,5.9604645e-05
2011-06-22,0.98514557
2011-06-23,0.24294853
2011-06-24,0.0012759119
2011-06-25,0.0
2011-06-26,0.0017201528
2011-06-27,0.30827522
2011-06-28,0.5021095
2011-06-29,0.03656745
2011-06-30,0.0025741756
2011-07-01,0.0012973323
2011-07-02,0.000867527
2011-07-03,0.0052414834
2011-07-04,0.00028312206
2011-07-05,0.0004172325
2011-07-06,0.08660555
2011-07-07,0.011064112
2011-07-08,0.20325184
2011-07-09,3.5476685
2011-07-10,11.352539
2011-07-11,0.00085216016
2011-07-12,9.20105
2011-07-13,2.7828217
2011-07-14,0.06818771
2011-07-15,0.01886487
2011-07-16,1.0147095
2011-07-17,7.949829
2011-07-18,2.336502
2011-07-19,10.910034
2011-07-20,1.4266968
2011-07-21,0.9908676
2011-07-22,0.67567825
2011-07-23,1.21212
2011-07-24,0.688076
2011-07-25,3.2310486
2011-07-26,7.949829
2011-07-27,0.58698654
2011-07-28,0.030398369
2011-07-29,0.0
2011-07-30,0.027537346
2011-07-31,0.001299195
2011-08-01,0.0
2011-08-02,16.571045
2011-08-03,0.78487396
2011-08-04,0.0
2011-08-05,4.6653748
2011-08-06,5.203247
2011-08-07,0.054717064
2011-08-08,0.2822876
2011-08-09,0.3478527
2011-08-10,0.00041117892
2011-08-11,0.00085821375
2011-08-12,0.00043516047
2011-08-13,0.018700957
2011-08-14,1.502037
2011-08-15,0.9551048
2011-08-16,0.08034706
2011-08-17,1.376152
2011-08-18,0.7305145
2011-08-19,0.0050887465
2011-08-20,0.84781647
2011-08-21,2.0313263
2011-08-22,8.331299
2011-08-23,5.73349
2011-08-24,13.755798
2011-08-25,1.3275146
2011-08-26,7.511139
2011-08-27,0.22387505
2011-08-28,0.0038594007
2011-08-29,0.0012870878
2011-08-30,0.00042608008
2011-08-31,0.0641942
2011-09-01,3.0994415
2011-09-02,0.6122589
2011-09-03,9.460449
2011-09-04,6.5460205
2011-09-05,0.061392784
2011-09-06,0.00085216016
2011-09-07,0.644207
2011-09-08,0.20289421
2011-09-09,0.00043516047
2011-09-10,0.4336834
2011-09-11,0.7362366
2011-09-12,0.024348497
2011-09-13,0.002592802
2011-09-14,0.0056810677
2011-09-15,0.00043516047
2011-09-16,0.008948147
2011-09-17,0.40984154
2011-09-18,2.2506714
2011-09-19,0.83112717
2011-09-20,0.00086426735
2011-09-21,0.0012870878
2011-09-22,0.0
2011-09-23,0.0
2011-09-24,1.449585
2011-09-25,0.083863735
2011-09-26,0.00085216016
2011-09-27,0.00085216016
2011-09-28,0.0012814999
2011-09-29,0.0017359853
2011-09-30,0.0008465722
2011-10-01,0.00043516047
2011-10-02,0.0012814999
2011-10-03,0.0
2011-10-04,0.0033918768
2011-10-05,0.0021383166
2011-10-06,0.82302094
2011-10-07,0.021353364
2011-10-08,0.008612871
2011-10-09,0.037252903
2011-10-10,0.0069625676
2011-10-11,0.0
2011-10-12,0.0120177865
2011-10-13,0.0052265823
2011-10-14,0.00085821375
2011-10-15,0.00085821375
2011-10-16,0.00087032095
2011-10-17,0.0073835254
2011-10-18,0.46873093
2011-10-19,5.5999756
2011-10-20,0.0034235418
2011-10-21,0.0
2011-10-22,0.00085821375
2011-10-23,0.00086426735
2011-10-24,7.9574585
2011-10-25,0.45990944
2011-10-26,0.00086193904
2011-10-27,5.4626465
2011-10-28,1.9321442
2011-10-29,0.019147992
2011-10-30,0.33712387
2011-10-31,0.00044098124
2011-11-01,9.0789795
2011-11-02,0.00062584877
2011-11-03,14.892578
2011-11-04,8.888245
2011-11-05,8.285522
2011-11-06,15.670776
2011-11-07,0.13542175
2011-11-08,0.4324913
2011-11-09,0.0012759119
2011-11-10,4.9934387
2011-11-11,0.0012833625
2011-11-12,0.0
2011-11-13,0.0
2011-11-14,0.00085216016
2011-11-15,1.3399124
2011-11-16,0.7376671
2011-11-17,0.0005243346
2011-11-18,0.0017145649
2011-11-19,0.0008591451
2011-11-20,0.0034458935
2011-11-21,0.0030100346
2011-11-22,0.2682209
2011-11-23,0.009864569
2011-11-24,0.009380281
2011-11-25,0.01770258
2011-11-26,0.010535121
2011-11-27,0.20766258
2011-11-28,0.14746189
2011-11-29,0.0021513551
2011-11-30,0.007212162
2011-12-01,0.00087032095
2011-12-02,9.552002
2011-12-03,3.6964417
2011-12-04,5.1193237
2011-12-05,3.622055
2011-12-06,3.5629272
2011-12-07,1.0271072
2011-12-08,0.0744462
2011-12-09,0.7147789
2011-12-10,0.110030174
2011-12-11,3.4217834
2011-12-12,5.836487
2011-12-13,3.1414032
2011-12-14,7.774353
2011-12-15,7.4424744
2011-12-16,15.586853
2011-12-17,2.2411346
2011-12-18,0.096559525
2011-12-19,4.1007996
2011-12-20,4.2915344
2011-12-21,2.8324127
2011-12-22,0.895977
2011-12-23,0.8535385
2011-12-24,0.0
2011-12-25,0.0010607764
2011-12-26,0.0012870878
2011-12-27,0.00043516047
2011-12-28,0.91409683
2011-12-29,0.87451935
2011-12-30,3.698349
2011-12-31,3.0288696
2012-01-01,1.0023117
2012-01-02,11.71875
2012-01-03,0.029101968
2012-01-04,5.1651
2012-01-05,1.8043518
2012-01-06,0.012539327
2012-01-07,0.19717216
2012-01-08,0.3142357
2012-01-09,0.003427267
2012-01-10,0.0
2012-01-11,0.0115558505
2012-01-12,0.037163496
2012-01-13,0.09101629
2012-01-14,0.00086426735
2012-01-15,0.004950911
2012-01-16,0.0060647726
2012-01-17,0.024825335
2012-01-18,0.0320673
2012-01-19,0.6260872
2012-01-20,0.64611435
2012-01-21,0.26798248
2012-01-22,0.6322861
2012-01-23,0.32877922
2012-01-24,0.00086426735
2012-01-25,0.0042542815
2012-01-26,2.128601
2012-01-27,0.0027064234
2012-01-28,3.250122
2012-01-29,0.32019615
2012-01-30,1.4305115
2012-01-31,7.7552795
2012-02-01,0.05567074
2012-02-02,0.04312396
2012-02-03,0.00043516047
2012-02-04,0.021666288
2012-02-05,8.44574
2012-02-06,0.0010784715
2012-02-07,0.013507903
2012-02-08,0.028565526
2012-02-09,0.0017229468
2012-02-10,0.0021494925
2012-02-11,0.0012917444
2012-02-12,0.0012814999
2012-02-13,0.42891502
2012-02-14,2.407074
2012-02-15,0.56266785
2012-02-16,0.021263957
2012-02-17,0.003773719
2012-02-18,0.018075109
2012-02-19,1.6450882
2012-02-20,0.0
2012-02-21,0.00085216016
2012-02-22,0.00085216016
2012-02-23,0.0205338
2012-02-24,0.119030476
2012-02-25,0.04300475
2012-02-26,0.113248825
2012-02-27,0.0021401793
2012-02-28,0.0
2012-02-29,0.00086426735
2012-03-01,0.00043516047
2012-03-02,0.00043516047
2012-03-03,0.099897385
2012-03-04,2.5863647
2012-03-05,0.09447336
2012-03-06,0.3876686
2012-03-07,0.076413155
2012-03-08,0.014387071
2012-03-09,0.0
2012-03-10,0.00085216016
2012-03-11,0.0021401793
2012-03-12,0.0
2012-03-13,0.004284084
2012-03-14,0.0021401793
2012-03-15,0.0021401793
2012-03-16,0.00085216016
2012-03-17,2.7828217
2012-03-18,5.0697327
2012-03-19,0.06058812
2012-03-20,0.34689903
2012-03-21,2.2182465
2012-03-22,4.8828125
2012-03-23,0.0008554198
2012-03-24,0.0030007213
2012-03-25,0.0021457672
2012-03-26,0.0
2012-03-27,0.0012814999
2012-03-28,0.0008586794
2012-03-29,0.0012852252
2012-03-30,0.0
2012-03-31,0.00043516047
2012-04-01,0.0017201528
2012-04-02,0.0018840656
2012-04-03,1.0738373
2012-04-04,0.67043304
2012-04-05,1.5792847
2012-04-06,9.017944
2012-04-07,9.773254
2012-04-08,0.46110153
2012-04-09,0.0025685877
2012-04-10,5.6381226
2012-04-11,6.263733
2012-04-12,2.2144318
2012-04-13,2.380371
2012-04-14,3.7555695
2012-04-15,0.3683567
2012-04-16,0.0017229468
2012-04-17,2.2277832
2012-04-18,14.160156
2012-04-19,10.047913
2012-04-20,5.004883
2012-04-21,9.857178
2012-04-22,3.3931732
2012-04-23,3.0002594
2012-04-24,3.8280487
2012-04-25,7.9574585
2012-04-26,13.168335
2012-04-27,6.954193
2012-04-28,46.14258
2012-04-29,6.801605
2012-04-30,12.09259
2012-05-01,0.6685257
2012-05-02,0.18072128
2012-05-03,1.8081665
2012-05-04,7.6560974
2012-05-05,5.393982
2012-05-06,1.9989014
2012-05-07,0.20515919
2012-05-08,10.368347
2012-05-09,5.0849915
2012-05-10,0.0017108396
2012-05-11,0.10204315
2012-05-12,1.8005371
2012-05-13,0.00043516047
2012-05-14,0.00085216016
2012-05-15,0.5173683
2012-05-16,0.0012814999
2012-05-17,2.2830963
2012-05-18,0.3271103
2012-05-19,17.791748
2012-05-20,18.1427
2012-05-21,8.483887
2012-05-22,1.4238358
2012-05-23,0.03749132
2012-05-24,0.0026021153
2012-05-25,0.0012908131
2012-05-26,0.104904175
2012-05-27,0.002156943
2012-05-28,0.0008610077
2012-05-29,0.004403293
2012-05-30,0.49972534
2012-05-31,0.0017229468
2012-06-01,0.00085216016
2012-06-02,6.717682
2012-06-03,6.816864
2012-06-04,0.19490719
2012-06-05,1.2578964
2012-06-06,2.9735565
2012-06-07,1.0461807
2012-06-08,0.02297759
2012-06-09,2.6760101
2012-06-10,18.249512
2012-06-11,6.92749
2012-06-12,3.5057068
2012-06-13,1.3237
2012-06-14,0.0012870878
2012-06-15,0.07772446
2012-06-16,0.041484833
2012-06-17,0.32424927
2012-06-18,0.0054761767
2012-06-19,7.5531006
2012-06-20,0.80156326
2012-06-21,0.4761219
2012-06-22,0.00085216016
2012-06-23,0.0
2012-06-24,0.0008465722
2012-06-25,0.07337332
2012-06-26,0.019550323
2012-06-27,0.0
2012-06-28,0.0
2012-06-29,0.13446808
2012-06-30,0.8597374
2012-07-01,0.5965233
2012-07-02,0.03504753
2012-07-03,0.0021476299
2012-07-04,7.1372986
2012-07-05,3.6296844
2012-07-06,0.4518032
2012-07-07,13.061523
2012-07-08,0.7753372
2012-07-09,0.40626526
2012-07-10,0.2579689
2012-07-11,0.008866191
2012-07-12,0.3836155
2012-07-13,5.4512024
2012-07-14,0.71048737
2012-07-15,0.3566742
2012-07-16,0.00044098124
2012-07-17,0.00042608008
2012-07-18,0.0017052516
2012-07-19,0.27036667
2012-07-20,0.61655045
2012-07-21,0.00086426735
2012-07-22,0.0021345913
2012-07-23,0.00042608008
2012-07-24,0.0
2012-07-25,0.0008554198
2012-07-26,0.57554245
2012-07-27,8.010864
2012-07-28,0.89740753
2012-07-29,0.00085216016
2012-07-30,0.0
2012-07-31,0.00042608008
2012-08-01,0.26631355
2012-08-02,0.027507544
2012-08-03,0.002462417
2012-08-04,0.24914742
2012-08-05,7.3776245
2012-08-06,0.30517578
2012-08-07,0.0004414469
2012-08-08,0.00042608008
2012-08-09,0.0
2012-08-10,0.00085216016
2012-08-11,0.00085216016
2012-08-12,0.10406971
2012-08-13,0.0004172325
2012-08-14,0.038594007
2012-08-15,1.250267
2012-08-16,0.00042608008
2012-08-17,0.00085216016
2012-08-18,0.0
2012-08-19,0.03015995
2012-08-20,0.00085821375
2012-08-21,0.00085821375
2012-08-22,0.000431668
2012-08-23,1.4925003
2012-08-24,1.11866
2012-08-25,2.2583008
2012-08-26,0.13327599
2012-08-27,0.0006197952
2012-08-28,0.38862228
2012-08-29,3.6907196
2012-08-30,0.03322959
2012-08-31,0.0026337802
2012-09-01,0.0025853515
2012-09-02,0.0
2012-09-03,0.026881695
2012-09-04,0.00085122883
2012-09-05,0.0017136335
2012-09-06,0.0021439046
2012-09-07,0.00085821375
2012-09-08,0.0019408762
2012-09-09,0.003427267
2012-09-10,0.21517277
2012-09-11,0.48661232
2012-09-12,0.031203032
2012-09-13,1.2636185
2012-09-14,0.0008554198
2012-09-15,0.054836273
2012-09-16,0.0017201528
2012-09-17,0.00043516047
2012-09-18,1.6641617
2012-09-19,0.00138022
2012-09-20,0.0012880191
2012-09-21,3.8375854
2012-09-22,2.6397705
2012-09-23,0.6594658
2012-09-24,1.3074875
2012-09-25,19.821167
2012-09-26,8.399963
2012-09-27,0.58221817
2012-09-28,0.0011352822
2012-09-29,2.0389557
2012-09-30,0.0008684583
2012-10-01,0.0034347177
2012-10-02,0.026360154
2012-10-03,0.29301643
2012-10-04,0.16248226
2012-10-05,0.00085821375
2012-10-06,1.4467239
2012-10-07,4.501343
2012-10-08,2.5291443
2012-10-09,1.1291504
2012-10-10,0.07009506
2012-10-11,3.5552979
2012-10-12,0.09012222
2012-10-13,0.17344952
2012-10-14,5.088806
2012-10-15,0.0077188015
2012-10-16,4.966736
2012-10-17,1.1224747
2012-10-18,0.023260713
2012-10-19,32.440186
2012-10-20,12.557983
2012-10-21,2.4528503
2012-10-22,0.20933151
2012-10-23,0.0017108396
2012-10-24,0.04425645
2012-10-25,3.3130646
2012-10-26,1.5630722
2012-10-27,0.67949295
2012-10-28,0.00173226
2012-10-29,0.00043516047
2012-10-30,0.00044098124
2012-10-31,0.0104010105
2012-11-01,7.259369
2012-11-02,1.414299
2012-11-03,3.6506653
2012-11-04,3.8070679
2012-11-05,3.6964417
2012-11-06,0.18692017
2012-11-07,0.00085821375
2012-11-08,0.00043516047
2012-11-09,1.750946
2012-11-10,11.810303
2012-11-11,0.5455017
2012-11-12,0.0025685877
2012-11-13,0.00085821375
2012-11-14,0.0
2012-11-15,0.0
2012-11-16,0.0012908131
2012-11-17,0.0013113022
2012-11-18,0.9384155
2012-11-19,0.3426075
2012-11-20,0.008635223
2012-11-21,2.008438
2012-11-22,0.011108816
2012-11-23,0.0
2012-11-24,0.0012246892
2012-11-25,4.1542053
2012-11-26,6.74057
2012-11-27,2.0980835
2012-11-28,0.22089481
2012-11-29,0.001186505
2012-11-30,0.0
2012-12-01,0.024333596
2012-12-02,5.6266785
2012-12-03,1.5707016
2012-12-04,9.712219
2012-12-05,0.8969307
2012-12-06,0.0017145649
2012-12-07,4.322052
2012-12-08,0.01937151
2012-12-09,0.0104010105
2012-12-10,0.53596497
2012-12-11,0.0
2012-12-12,0.11098385
2012-12-13,7.774353
2012-12-14,20.27893
2012-12-15,4.108429
2012-12-16,5.3253174
2012-12-17,5.657196
2012-12-18,1.7490387
2012-12-19,0.29587746
2012-12-20,3.81279
2012-12-21,8.743286
2012-12-22,0.092983246
2012-12-23,0.00043516047
2012-12-24,0.00043516047
2012-12-25,2.3078918
2012-12-26,0.21111965
2012-12-27,2.313614
2012-12-28,0.0016093254
2012-12-29,1.958847
2012-12-30,0.71907043
2012-12-31,3.5629272
2013-01-01,6.6719055
2013-01-02,0.012874603
2013-01-03,0.0074096024
2013-01-04,0.028580427
2013-01-05,0.009588897
2013-01-06,0.002503395
2013-01-07,0.106453896
2013-01-08,0.20039082
2013-01-09,0.30708313
2013-01-10,1.6593933
2013-01-11,0.0018235296
2013-01-12,6.652832
2013-01-13,4.6463013
2013-01-14,2.8190613
2013-01-15,4.1618347
2013-01-16,30.273438
2013-01-17,0.20241737
2013-01-18,10.726929
2013-01-19,15.670776
2013-01-20,6.965637
2013-01-21,3.2043457
2013-01-22,1.3494492
2013-01-23,1.4591217
2013-01-24,4.283905
2013-01-25,0.934124
2013-01-26,7.2784424
2013-01-27,12.489319
2013-01-28,1.7766953
2013-01-29,0.0
2013-01-30,1.0576248
2013-01-31,0.66947937
2013-02-01,3.6201477
2013-02-02,1.1663437
2013-02-03,0.07528067
2013-02-04,0.40745735
2013-02-05,5.22995
2013-02-06,2.7446747
2013-02-07,0.48589706
2013-02-08,1.3570786
2013-02-09,4.0016174
2013-02-10,6.9122314
2013-02-11,4.070282
2013-02-12,0.31471252
2013-02-13,0.767231
2013-02-14,3.025055
2013-02-15,0.06479025
2013-02-16,0.0017164275
2013-02-17,0.0
2013-02-18,0.002104789
2013-02-19,0.00086426735
2013-02-20,0.00043516047
2013-02-21,0.0012852252
2013-02-22,0.0021718442
2013-02-23,0.13101101
2013-02-24,0.29683113
2013-02-25,2.7275085
2013-02-26,0.030636787
2013-02-27,0.0
2013-02-28,0.001301989
2013-03-01,0.0017164275
2013-03-02,0.00043516047
2013-03-03,0.0
2013-03-04,0.0025816262
2013-03-05,0.19049644
2013-03-06,2.6741028
2013-03-07,2.9010773
2013-03-08,4.535675
2013-03-09,4.5700073
2013-03-10,0.3540516
2013-03-11,3.370285
2013-03-12,1.3360977
2013-03-13,0.92315674
2013-03-14,1.0576248
2013-03-15,0.0017173588
2013-03-16,5.1727295
2013-03-17,6.4582825
2013-03-18,3.90625
2013-03-19,1.6441345
2013-03-20,1.7127991
2013-03-21,0.015929341
2013-03-22,3.4008026
2013-03-23,0.6699562
2013-03-24,0.68998337
2013-03-25,3.8433075
2013-03-26,0.037670135
2013-03-27,0.14543533
2013-03-28,2.0599365
2013-03-29,13.587952
2013-03-30,3.3054352
2013-03-31,0.0127106905
2013-04-01,4.1160583
2013-04-02,0.50640106
2013-04-03,0.025495887
2013-04-04,2.9182434
2013-04-05,3.1166077
2013-04-06,0.19049644
2013-04-07,0.00085216016
2013-04-08,3.8337708
2013-04-09,7.007599
2013-04-10,2.0771027
2013-04-11,9.506226
2013-04-12,4.1389465
2013-04-13,0.045865774
2013-04-14,0.00085821375
2013-04-15,5.268097
2013-04-16,0.001763925
2013-04-17,0.0008586794
2013-04-18,0.036507845
2013-04-19,0.5116463
2013-04-20,0.0008046627
2013-04-21,0.00043516047
2013-04-22,0.10102987
2013-04-23,0.0025685877
2013-04-24,0.0
2013-04-25,0.0025127083
2013-04-26,4.337311
2013-04-27,1.4066696
2013-04-28,0.065386295
2013-04-29,3.2997131
2013-04-30,2.1362305
2013-05-01,10.543823
2013-05-02,1.4696121
2013-05-03,0.3774166
2013-05-04,0.0045746565
2013-05-05,0.00097882
2013-05-06,0.00044098124
2013-05-07,0.172019
2013-05-08,0.6785393
2013-05-09,9.750366
2013-05-10,0.0007925555
2013-05-11,0.40006638
2013-05-12,0.6804466
2013-05-13,0.013396144
2013-05-14,3.1661987
2013-05-15,3.894806
2013-05-16,4.764557
2013-05-17,1.0023117
2013-05-18,7.537842
2013-05-19,2.204895
2013-05-20,1.0547638
2013-05-21,7.9421997
2013-05-22,2.1095276
2013-05-23,0.45681
2013-05-24,2.2907257
2013-05-25,1.6412735
2013-05-26,0.0017164275
2013-05-27,0.56648254
2013-05-28,11.09314
2013-05-29,4.760742
2013-05-30,11.306763
2013-05-31,7.686615
2013-06-01,0.7581711
2013-06-02,0.26130676
2013-06-03,0.0
2013-06-04,0.0
2013-06-05,0.0017192215
2013-06-06,0.14340878
2013-06-07,0.24843216
2013-06-08,15.777588
2013-06-09,2.2583008
2013-06-10,1.8672943
2013-06-11,0.40483475
2013-06-12,0.00461936
2013-06-13,8.277893
2013-06-14,0.0020563602
2013-06-15,0.004798174
2013-06-16,0.0017331913
2013-06-17,15.930176
2013-06-18,40.130615
2013-06-19,1.4476776
2013-06-20,6.6223145
2013-06-21,5.504608
2013-06-22,0.647068
2013-06-23,0.7996559
2013-06-24,0.08946657
2013-06-25,0.015601516
2013-06-26,0.00044098124
2013-06-27,0.0
2013-06-28,0.29730797
2013-06-29,0.24139881
2013-06-30,0.1449585
2013-07-01,0.0004945323
2013-07-02,3.545761
2013-07-03,1.7166138
2013-07-04,0.12290478
2013-07-05,0.019088387
2013-07-06,0.00085821375
2013-07-07,0.00042608008
2013-07-08,0.00043516047
2013-07-09,0.0015189871
2013-07-10,0.00085216016
2013-07-11,0.00085448846
2013-07-12,0.0
2013-07-13,0.0008549541
2013-07-14,0.00044098124
2013-07-15,0.0012852252
2013-07-16,0.061511993
2013-07-17,0.16057491
2013-07-18,0.045984983
2013-07-19,0.45633316
2013-07-20,2.6931763
2013-07-21,0.009536743
2013-07-22,0.10585785
2013-07-23,3.7212372
2013-07-24,1.1749268
2013-07-25,2.1038055
2013-07-26,0.7801056
2013-07-27,0.5044937
2013-07-28,0.20766258
2013-07-29,0.48446655
2013-07-30,0.00043516047
2013-07-31,0.0
2013-08-01,0.0030938536
2013-08-02,11.802673
2013-08-03,0.14424324
2013-08-04,0.18930435
2013-08-05,0.014483929
2013-08-06,9.483337
2013-08-07,1.9550323
2013-08-08,0.08833408
2013-08-09,0.43463707
2013-08-10,0.012986362
2013-08-11,0.0
2013-08-12,0.0052042305
2013-08-13,0.00044098124
2013-08-14,0.0021401793
2013-08-15,0.0012842938
2013-08-16,0.50878525
2013-08-17,0.006157905
2013-08-18,0.00085216016
2013-08-19,0.35881996
2013-08-20,0.0
2013-08-21,0.00083679333
2013-08-22,0.000864733
2013-08-23,0.022292137
2013-08-24,0.5736351
2013-08-25,7.0648193
2013-08-26,0.36096573
2013-08-27,0.18012524
2013-08-28,0.0124797225
2013-08-29,0.0017192215
2013-08-30,0.0017229468
2013-08-31,0.0004414469
2013-09-01,0.0030156225
2013-09-02,0.0
2013-09-03,0.002136454
2013-09-04,0.0008549541
2013-09-05,2.4547577
2013-09-06,7.6141357
2013-09-07,3.2424927
2013-09-08,0.7214546
2013-09-09,0.705719
2013-09-10,0.6866455
2013-09-11,0.015243888
2013-09-12,1.2388229
2013-09-13,0.12266636
2013-09-14,14.465332
2013-09-15,0.47922134
2013-09-16,5.9814453
2013-09-17,0.31805038
2013-09-18,2.2850037
2013-09-19,0.22745132
2013-09-20,0.33020973
2013-09-21,0.006996095
2013-09-22,0.00085821375
2013-09-23,0.00044098124
2013-09-24,0.00085216016
2013-09-25,0.014863908
2013-09-26,5.9604645e-05
2013-09-27,0.00044098124
2013-09-28,19.180298
2013-09-29,4.1542053
2013-09-30,2.1533966
2013-10-01,6.6223145
2013-10-02,1.7375946
2013-10-03,2.7103424
2013-10-04,23.239136
2013-10-05,3.9978027
2013-10-06,0.16236305
2013-10-07,0.032037497
2013-10-08,0.12075901
2013-10-09,0.054478645
2013-10-10,0.56505203
2013-10-11,0.14197826
2013-10-12,8.7890625
2013-10-13,1.0442734
2013-10-14,1.3694763
2013-10-15,2.8057098
2013-10-16,1.9187927
2013-10-17,0.16379356
2013-10-18,0.07677078
2013-10-19,1.4333725
2013-10-20,0.007890165
2013-10-21,0.0024680048
2013-10-22,0.16856194
2013-10-23,0.31781197
2013-10-24,1.2893677
2013-10-25,3.6411285
2013-10-26,0.81300735
2013-10-27,0.00085961074
2013-10-28,4.0779114
2013-10-29,0.5054474
2013-10-30,0.0018179417
2013-10-31,0.00044098124
2013-11-01,5.092621
2013-11-02,10.025024
2013-11-03,2.6683807
2013-11-04,33.966064
2013-11-05,7.007599
2013-11-06,0.7286072
2013-11-07,0.6351471
2013-11-08,5.218506
2013-11-09,9.780884
2013-11-10,8.018494
2013-11-11,0.20754337
2013-11-12,3.5972595
2013-11-13,0.10091066
2013-11-14,1.6899109
2013-11-15,3.4275055
2013-11-16,0.00085216016
2013-11-17,0.9484291
2013-11-18,3.829956
2013-11-19,0.8149147
2013-11-20,5.3100586
2013-11-21,6.1035156
2013-11-22,0.44178963
2013-11-23,0.25558472
2013-11-24,0.048160553
2013-11-25,0.014439225
2013-11-26,0.046133995
2013-11-27,0.0025704503
2013-11-28,0.00085216016
2013-11-29,0.49448013
2013-11-30,1.6899109
2013-12-01,0.0
2013-12-02,0.0
2013-12-03,0.0017229468
2013-12-04,0.0
2013-12-05,0.0072978437
2013-12-06,0.213027
2013-12-07,0.0008563511
2013-12-08,0.00085216016
2013-12-09,0.00085821375
2013-12-10,0.0
2013-12-11,0.00085216016
2013-12-12,0.00043516047
2013-12-13,3.370285
2013-12-14,0.11008978
2013-12-15,0.0017164275
2013-12-16,0.00042608008
2013-12-17,0.0
2013-12-18,1.2836456
2013-12-19,16.220093
2013-12-20,0.00087032095
2013-12-21,0.0017173588
2013-12-22,0.14328957
2013-12-23,0.00085216016
2013-12-24,10.002136
2013-12-25,14.24408
2013-12-26,2.1209717
2013-12-27,0.34976006
2013-12-28,10.284424
2013-12-29,1.7366409
2013-12-30,0.0068694353
2013-12-31,1.5268326
2014-01-01,1.7900467
2014-01-02,5.718231
2014-01-03,3.5362244
2014-01-04,11.688232
2014-01-05,4.5433044
2014-01-06,0.8215904
2014-01-07,0.7362366
2014-01-08,0.00043516047
2014-01-09,0.055015087
2014-01-10,0.021249056
2014-01-11,0.1436472
2014-01-12,0.1604557
2014-01-13,3.40271
2014-01-14,9.559631
2014-01-15,2.401352
2014-01-16,3.3493042
2014-01-17,0.00043516047
2014-01-18,3.8700104
2014-01-19,1.9741058
2014-01-20,3.063202
2014-01-21,0.003889203
2014-01-22,8.491516
2014-01-23,1.906395
2014-01-24,22.491455
2014-01-25,5.420685
2014-01-26,5.420685
2014-01-27,7.9727173
2014-01-28,10.780334
2014-01-29,3.1223297
2014-01-30,2.8533936
2014-01-31,0.031501055
2014-02-01,12.809753
2014-02-02,1.7576218
2014-02-03,2.6168823
2014-02-04,1.3332367
2014-02-05,7.1983337
2014-02-06,1.0633469
2014-02-07,1.4886856
2014-02-08,10.375977
2014-02-09,2.8800964
2014-02-10,3.835678
2014-02-11,4.3945312
2014-02-12,0.5989075
2014-02-13,6.7634583
2014-02-14,3.4885406
2014-02-15,10.467529
2014-02-16,2.6397705
2014-02-17,0.0012833625
2014-02-18,0.18882751
2014-02-19,0.76818466
2014-02-20,3.709793
2014-02-21,3.9863586
2014-02-22,0.70858
2014-02-23,0.0042915344
2014-02-24,0.28896332
2014-02-25,2.576828
2014-02-26,2.046585
2014-02-27,2.8896332
2014-02-28,16.540527
2014-03-01,0.30708313
2014-03-02,3.917694
2014-03-03,6.088257
2014-03-04,6.324768
2014-03-05,0.7619858
2014-03-06,0.0008600764
2014-03-07,0.0
2014-03-08,0.00085216016
2014-03-09,0.0017164275
2014-03-10,0.00043516047
2014-03-11,0.0
2014-03-12,0.0
2014-03-13,0.0025816262
2014-03-14,0.00087032095
2014-03-15,0.03552437
2014-03-16,0.016465783
2014-03-17,0.0030137599
2014-03-18,0.12373924
2014-03-19,0.26154518
2014-03-20,0.00043516047
2014-03-21,6.3209534
2014-03-22,5.428314
2014-03-23,4.009247
2014-03-24,5.584717
2014-03-25,9.223938
2014-03-26,2.1820068
2014-03-27,1.8348694
2014-03-28,0.00016391277
2014-03-29,0.14305115
2014-03-30,0.50640106
2014-03-31,1.1415482
2014-04-01,0.0041127205
2014-04-02,8.850098
2014-04-03,27.22168
2014-04-04,3.0937195
2014-04-05,0.031411648
2014-04-06,0.21016598
2014-04-07,0.11193752
2014-04-08,1.1091232
2014-04-09,0.0
2014-04-10,0.00085216016
2014-04-11,0.12433529
2014-04-12,0.24211407
2014-04-13,0.005953014
2014-04-14,0.0017192215
2014-04-15,0.0
2014-04-16,0.0017201528
2014-04-17,0.00085216016
2014-04-18,0.00085216016
2014-04-19,0.0
2014-04-20,2.4299622
2014-04-21,0.22482872
2014-04-22,0.9508133
2014-04-23,0.09059906
2014-04-24,17.37976
2014-04-25,2.3975372
2014-04-26,5.3520203
2014-04-27,2.7866364
2014-04-28,3.3836365
2014-04-29,4.180908
2014-04-30,0.36239624
2014-05-01,2.5672913
2014-05-02,1.789093
2014-05-03,0.14054775
2014-05-04,0.00085216016
2014-05-05,0.00085216016
2014-05-06,0.4553795
2014-05-07,0.7405281
2014-05-08,0.06812811
2014-05-09,0.46348572
2014-05-10,0.065624714
2014-05-11,0.5283356
2014-05-12,0.23281574
2014-05-13,0.7286072
2014-05-14,0.013440847
2014-05-15,0.0
2014-05-16,0.00042608008
2014-05-17,0.0
2014-05-18,0.0021476299
2014-05-19,0.48422813
2014-05-20,13.389587
2014-05-21,28.48816
2014-05-22,3.2844543
2014-05-23,2.9754639
2014-05-24,6.084442
2014-05-25,13.092041
2014-05-26,9.048462
2014-05-27,0.58317184
2014-05-28,0.55933
2014-05-29,0.3144741
2014-05-30,2.3784637
2014-05-31,0.58555603
2014-06-01,0.057786703
2014-06-02,0.14531612
2014-06-03,0.14269352
2014-06-04,5.2871704
2014-06-05,0.00086193904
2014-06-06,0.22292137
2014-06-07,0.7200241
2014-06-08,0.86164474
2014-06-09,5.794525
2014-06-10,0.031411648
2014-06-11,0.016584992
2014-06-12,0.68998337
2014-06-13,0.21016598
2014-06-14,0.014483929
2014-06-15,0.008136034
2014-06-16,0.010430813
2014-06-17,0.001787208
2014-06-18,0.016331673
2014-06-19,0.0
2014-06-20,0.0008530915
2014-06-21,0.24724007
2014-06-22,3.8604736
2014-06-23,2.6855469
2014-06-24,0.013142824
2014-06-25,0.0
2014-06-26,0.729084
2014-06-27,1.159668
2014-06-28,6.816864
2014-06-29,1.329422
2014-06-30,0.16415119
2014-07-01,2.7236938
2014-07-02,0.8454323
2014-07-03,1.3713837
2014-07-04,5.79834
2014-07-05,1.2254715
2014-07-06,4.5394897
2014-07-07,1.0795593
2014-07-08,0.6542206
2014-07-09,0.30207634
2014-07-10,0.04801154
2014-07-11,0.027418137
2014-07-12,0.688076
2014-07-13,6.9465637
2014-07-14,0.14865398
2014-07-15,0.0012777746
2014-07-16,0.0
2014-07-17,0.00043516047
2014-07-18,0.10216236
2014-07-19,11.657715
2014-07-20,9.353638
2014-07-21,0.34213066
2014-07-22,0.025585294
2014-07-23,0.043690205
2014-07-24,0.039070845
2014-07-25,11.97052
2014-07-26,0.22649765
2014-07-27,0.00085821375
2014-07-28,10.246277
2014-07-29,0.23448467
2014-07-30,0.3054142
2014-07-31,0.002162531
2014-08-01,0.7715225
2014-08-02,4.84848
2014-08-03,1.7547607
2014-08-04,0.0680089
2014-08-05,0.002572313
2014-08-06,0.005632639
2014-08-07,1.3523102
2014-08-08,6.061554
2014-08-09,0.42819977
2014-08-10,2.8877258
2014-08-11,1.537323
2014-08-12,3.019333
2014-08-13,12.786865
2014-08-14,0.34594536
2014-08-15,0.5502701
2014-08-16,0.24080276
2014-08-17,0.0
2014-08-18,0.0021383166
2014-08-19,0.003432855
2014-08-20,0.78868866
2014-08-21,0.0
2014-08-22,0.0017108396
2014-08-23,0.2799034
2014-08-24,0.0
2014-08-25,0.008516014
2014-08-26,3.8757324
2014-08-27,0.7123947
2014-08-28,0.9622574
2014-08-29,7.888794
2014-08-30,0.00086287037
2014-08-31,0.003863126
2014-09-01,0.0012852252
2014-09-02,0.0017359853
2014-09-03,0.002142042
2014-09-04,1.1558533
2014-09-05,0.056415796
2014-09-06,0.00085355714
2014-09-07,5.859375
2014-09-08,2.527237
2014-09-09,0.06210804
2014-09-10,0.00044098124
2014-09-11,0.0
2014-09-12,0.00043516047
2014-09-13,0.001296401
2014-09-14,0.0
2014-09-15,1.6050339
2014-09-16,0.30851364
2014-09-17,0.114023685
2014-09-18,5.6495667
2014-09-19,1.7766953
2014-09-20,1.7242432
2014-09-21,0.22387505
2014-09-22,0.0030174851
2014-09-23,0.0
2014-09-24,0.00085216016
2014-09-25,0.13363361
2014-09-26,0.00087637454
2014-09-27,0.0
2014-09-28,1.9016266
2014-09-29,2.254486
2014-09-30,2.5043488
2014-10-01,0.0008363277
2014-10-02,0.0021439046
2014-10-03,0.0029988587
2014-10-04,6.9389343
2014-10-05,0.14972687
2014-10-06,4.032135
2014-10-07,1.6489029
2014-10-08,7.6789856
2014-10-09,5.9051514
2014-10-10,0.12755394
2014-10-11,0.010877848
2014-10-12,0.41413307
2014-10-13,2.3231506
2014-10-14,0.16748905
2014-10-15,0.01296401
2014-10-16,0.3809929
2014-10-17,0.00086287037
2014-10-18,0.0
2014-10-19,0.0017108396
2014-10-20,0.0008554198
2014-10-21,0.38433075
2014-10-22,0.00085216016
2014-10-23,0.00043516047
2014-10-24,0.00043516047
2014-10-25,0.0032261014
2014-10-26,0.0152513385
2014-10-27,0.0
2014-10-28,0.00085216016
2014-10-29,0.0
2014-10-30,0.00085216016
2014-10-31,0.00044098124
2014-11-01,0.0013075769
2014-11-02,7.9727173
2014-11-03,9.338379
2014-11-04,3.7879944
2014-11-05,0.23639202
2014-11-06,0.0017164275
2014-11-07,1.6956329
2014-11-08,0.006966293
2014-11-09,1.5745163
2014-11-10,0.0320673
2014-11-11,2.2907257
2014-11-12,2.0809174
2014-11-13,0.19085407
2014-11-14,10.276794
2014-11-15,1.9683838
2014-11-16,14.472961
2014-11-17,3.1929016
2014-11-18,1.1768341
2014-11-19,0.0021401793
2014-11-20,0.00043516047
2014-11-21,0.0025741756
2014-11-22,0.054210424
2014-11-23,0.056684017
2014-11-24,1.1787415
2014-11-25,4.2648315
2014-11-26,6.538391
2014-11-27,0.025823712
2014-11-28,0.14305115
2014-11-29,3.4732819
2014-11-30,3.8890839
2014-12-01,1.5039444
2014-12-02,0.29802322
2014-12-03,0.13434887
2014-12-04,0.02336502
2014-12-05,0.8149147
2014-12-06,0.036001205
2014-12-07,0.13530254
2014-12-08,2.2087097
2014-12-09,0.0004232861
2014-12-10,1.4104843
2014-12-11,0.37145615
2014-12-12,0.009119511
2014-12-13,0.0008465722
2014-12-14,1.0995865
2014-12-15,0.29206276
2014-12-16,3.282547
2014-12-17,1.5516281
2014-12-18,0.6155968
2014-12-19,0.41985512
2014-12-20,1.461029
2014-12-21,0.0012870878
2014-12-22,0.0021234155
2014-12-23,0.09202957
2014-12-24,0.043272972
2014-12-25,0.333786
2014-12-26,0.5578995
2014-12-27,8.979797
2014-12-28,0.20742416
2014-12-29,0.00085216016
2014-12-30,0.0046677887
2014-12-31,0.0012870878
2015-01-01,0.0021457672
2015-01-02,0.001299195
2015-01-03,0.27918816
2015-01-04,0.9441376
2015-01-05,0.0068843365
2015-01-06,0.40769577
2015-01-07,0.018626451
2015-01-08,0.2105236
2015-01-09,0.12862682
2015-01-10,1.200676
2015-01-11,2.5100708
2015-01-12,0.0021513551
2015-01-13,1.4028549
2015-01-14,0.2641678
2015-01-15,4.207611
2015-01-16,5.821228
2015-01-17,0.77581406
2015-01-18,3.4732819
2015-01-19,5.432129
2015-01-20,0.009812415
2015-01-21,2.4681091
2015-01-22,0.2065897
2015-01-23,0.027775764
2015-01-24,0.7953644
2015-01-25,0.00085216016
2015-01-26,0.49972534
2015-01-27,1.1339188
2015-01-28,3.616333
2015-01-29,19.638062
2015-01-30,6.412506
2015-01-31,2.2354126
2015-02-01,0.31352043
2015-02-02,0.29301643
2015-02-03,1.9102097
2015-02-04,0.09518862
2015-02-05,0.10740757
2015-02-06,0.41246414
2015-02-07,0.0012814999
2015-02-08,0.00086054206
2015-02-09,0.00085216016
2015-02-10,0.0
2015-02-11,0.0012777746
2015-02-12,0.51498413
2015-02-13,2.6493073
2015-02-14,7.3242188
2015-02-15,0.03862381
2015-02-16,5.1002502
2015-02-17,1.1777878
2015-02-18,0.011250377
2015-02-19,0.00085216016
2015-02-20,6.980896
2015-02-21,6.6871643
2015-02-22,0.00821054
2015-02-23,4.432678
2015-02-24,1.7242432
2015-02-25,7.4653625
2015-02-26,7.9345703
2015-02-27,0.4043579
2015-02-28,2.3822784
2015-03-01,6.3095093
2015-03-02,3.370285
2015-03-03,4.081726
2015-03-04,1.2922287
2015-03-05,0.001293607
2015-03-06,0.002142042
2015-03-07,0.0008479692
2015-03-08,0.0012814999
2015-03-09,0.0
2015-03-10,0.00043516047
2015-03-11,0.3681183
2015-03-12,0.03555417
2015-03-13,2.4604797
2015-03-14,1.9273758
2015-03-15,0.46229362
2015-03-16,0.92458725
2015-03-17,0.0061281025
2015-03-18,0.20134449
2015-03-19,0.064492226
2015-03-20,5.0201416
2015-03-21,2.5596619
2015-03-22,0.45514107
2015-03-23,0.17857552
2015-03-24,2.0160675
2015-03-25,0.5097389
2015-03-26,0.37622452
2015-03-27,1.616478
2015-03-28,2.4986267
2015-03-29,1.2187958
2015-03-30,0.89645386
2015-03-31,0.7724762
2015-04-01,0.07402897
2015-04-02,0.011257827
2015-04-03,0.49304962
2015-04-04,0.8773804
2015-04-05,0.0017462298
2015-04-06,0.0
2015-04-07,0.0
2015-04-08,0.0034421682
2015-04-09,0.00085961074
2015-04-10,1.4390945
2015-04-11,0.6451607
2015-04-12,0.0019799918
2015-04-13,0.003002584
2015-04-14,0.0008554198
2015-04-15,0.00085216016
2015-04-16,1.5201569
2015-04-17,0.5297661
2015-04-18,17.196655
2015-04-19,8.377075
2015-04-20,0.0008046627
2015-04-21,0.0025741756
2015-04-22,0.28514862
2015-04-23,3.4809113
2015-04-24,1.1196136
2015-04-25,5.809784
2015-04-26,12.786865
2015-04-27,4.760742
2015-04-28,0.0017881393
2015-04-29,0.0017788261
2015-04-30,2.1247864
2015-05-01,8.125305
2015-05-02,7.1754456
2015-05-03,3.6125183
2015-05-04,1.5945435
2015-05-05,0.07510185
2015-05-06,0.13709068
2015-05-07,0.20205975
2015-05-08,6.046295
2015-05-09,0.3221035
2015-05-10,0.00085216016
2015-05-11,0.002592802
2015-05-12,0.00086426735
2015-05-13,0.00085216016
2015-05-14,2.9582977
2015-05-15,1.9016266
2015-05-16,0.06854534
2015-05-17,0.22244453
2015-05-18,0.0024735928
2015-05-19,0.49686432
2015-05-20,1.2550354
2015-05-21,0.00017881393
2015-05-22,0.0
2015-05-23,0.5607605
2015-05-24,0.0808835
2015-05-25,0.81443787
2015-05-26,0.0962019
2015-05-27,0.00086426735
2015-05-28,0.00085821375
2015-05-29,0.0074096024
2015-05-30,0.088989735
2015-05-31,0.7138252
2015-06-01,0.62942505
2015-06-02,0.0008614734
2015-06-03,0.00085821375
2015-06-04,0.007882714
2015-06-05,0.09638071
2015-06-06,0.0017238781
2015-06-07,0.34165382
2015-06-08,0.022932887
2015-06-09,0.2758503
2015-06-10,13.504028
2015-06-11,12.397766
2015-06-12,7.37381
2015-06-13,10.726929
2015-06-14,5.912781
2015-06-15,2.0599365
2015-06-16,2.7866364
2015-06-17,0.00085821375
2015-06-18,0.03182888
2015-06-19,1.2683868
2015-06-20,0.0017043203
2015-06-21,0.0
2015-06-22,0.0
2015-06-23,0.024199486
2015-06-24,0.0
2015-06-25,0.00085216016
2015-06-26,0.00086426735
2015-06-27,0.3156662
2015-06-28,0.0
2015-06-29,0.0
2015-06-30,0.00085821375
2015-07-01,1.2130737
2015-07-02,0.0006495975
2015-07-03,0.2720356
2015-07-04,0.00043516047
2015-07-05,0.0018300489
2015-07-06,0.00085588545
2015-07-07,0.0069327652
2015-07-08,0.010445714
2015-07-09,0.022217631
2015-07-10,0.031352043
2015-07-11,0.66804886
2015-07-12,0.008240342
2015-07-13,0.0021401793
2015-07-14,0.0021457672
2015-07-15,0.0012759119
2015-07-16,0.5712509
2015-07-17,1.0995865
2015-07-18,2.8591156
2015-07-19,0.38170815
2015-07-20,0.0033266842
2015-07-21,1.3818741
2015-07-22,0.8006096
2015-07-23,0.01218915
2015-07-24,0.113368034
2015-07-25,0.58221817
2015-07-26,0.72574615
2015-07-27,0.61511993
2015-07-28,0.23019314
2015-07-29,1.0309219
2015-07-30,0.0021476299
2015-07-31,3.08609
2015-08-01,0.0
2015-08-02,0.0021439046
2015-08-03,34.75952
2015-08-04,21.316528
2015-08-05,0.07086992
2015-08-06,0.0026021153
2015-08-07,0.010430813
2015-08-08,17.990112
2015-08-09,2.122879
2015-08-10,0.0008530915
2015-08-11,0.00043516047
2015-08-12,7.3051453
2015-08-13,27.496338
2015-08-14,6.67572
2015-08-15,0.71525574
2015-08-16,0.23984909
2015-08-17,0.016495585
2015-08-18,0.040650368
2015-08-19,0.0
2015-08-20,0.0017136335
2015-08-21,0.0
2015-08-22,2.439499
2015-08-23,5.8174133
2015-08-24,2.0484924
2015-08-25,0.0017229468
2015-08-26,0.038951635
2015-08-27,0.00085821375
2015-08-28,0.0
2015-08-29,0.00085216016
2015-08-30,0.004373491
2015-08-31,4.837036
2015-09-01,0.33307076
2015-09-02,0.00085216016
2015-09-03,0.029921532
2015-09-04,0.0017229468
2015-09-05,0.03129244
2015-09-06,0.0065863132
2015-09-07,0.0
2015-09-08,0.0012954697
2015-09-09,0.0
2015-09-10,0.1937151
2015-09-11,0.049054623
2015-09-12,17.044067
2015-09-13,3.276825
2015-09-14,1.0223389
2015-09-15,3.0155182
2015-09-16,5.104065
2015-09-17,8.102417
2015-09-18,0.3285408
2015-09-19,0.36239624
2015-09-20,0.0
2015-09-21,0.00872463
2015-09-22,2.9716492
2015-09-23,0.01835823
2015-09-24,0.0017080456
2015-09-25,0.004723668
2015-09-26,0.00085216016
2015-09-27,0.0025853515
2015-09-28,0.00084517524
2015-09-29,0.45919418
2015-09-30,0.00085216016
2015-10-01,0.0
2015-10-02,0.8869171
2015-10-03,8.270264
2015-10-04,0.8158684
2015-10-05,6.2561035
2015-10-06,4.8942566
2015-10-07,0.57554245
2015-10-08,0.0021401793
2015-10-09,0.00042608008
2015-10-10,0.00085216016
2015-10-11,2.9563904
2015-10-12,1.7671585
2015-10-13,1.7251968
2015-10-14,0.00086426735
2015-10-15,0.26726723
2015-10-16,0.0017117709
2015-10-17,0.0017248094
2015-10-18,10.032654
2015-10-19,0.0
2015-10-20,0.00085216016
2015-10-21,0.0017164275
2015-10-22,0.23519993
2015-10-23,0.0218153
2015-10-24,0.0025741756
2015-10-25,0.007674098
2015-10-26,0.0
2015-10-27,10.360718
2015-10-28,0.77676773
2015-10-29,0.00043516047
2015-10-30,0.00085216016
2015-10-31,0.00085216016
2015-11-01,0.0
2015-11-02,8.19397
2015-11-03,1.534462
2015-11-04,0.07009506
2015-11-05,0.48017502
2015-11-06,0.14901161
2015-11-07,0.0
2015-11-08,0.004351139
2015-11-09,0.0021755695
2015-11-10,0.0029988587
2015-11-11,0.06586313
2015-11-12,0.17893314
2015-11-13,1.0328293
2015-11-14,0.002624467
2015-11-15,0.0
2015-11-16,0.21469593
2015-11-17,0.22864342
2015-11-18,0.7419586
2015-11-19,1.1177063
2015-11-20,9.628296
2015-11-21,7.8430176
2015-11-22,0.00085821375
2015-11-23,0.21100044
2015-11-24,2.3517609
2015-11-25,2.4967194
2015-11-26,2.6016235
2015-11-27,0.667572
2015-11-28,0.5941391
2015-11-29,0.207901
2015-11-30,0.010408461
2015-12-01,0.0008046627
2015-12-02,0.0047162175
2015-12-03,0.0
2015-12-04,0.05733967
2015-12-05,0.061154366
2015-12-06,0.001706183
2015-12-07,0.00085216016
2015-12-08,0.11962652
2015-12-09,0.0017136335
2015-12-10,0.00085216016
2015-12-11,0.22363663
2015-12-12,0.004284084
2015-12-13,0.0016931444
2015-12-14,0.00043516047
2015-12-15,0.35572052
2015-12-16,0.11706352
2015-12-17,0.0
2015-12-18,0.00085821375
2015-12-19,0.0
2015-12-20,0.4041195
2015-12-21,0.0059343874
2015-12-22,0.00043516047
2015-12-23,1.7404556
2015-12-24,0.00085216016
2015-12-25,0.00085216016
2015-12-26,0.00085216016
2015-12-27,0.00085216016
2015-12-28,0.5803108
2015-12-29,2.2392273
2015-12-30,2.4929047
2015-12-31,1.7786026
2016-01-01,6.30188
2016-01-02,5.180359
2016-01-03,17.654419
2016-01-04,12.962341
2016-01-05,1.4162064
2016-01-06,15.113831
2016-01-07,19.561768
2016-01-08,6.2789917
2016-01-09,3.1700134
2016-01-10,31.677246
2016-01-11,5.8517456
2016-01-12,11.871338
2016-01-13,3.7498474
2016-01-14,10.505676
2016-01-15,0.10114908
2016-01-16,0.0
2016-01-17,0.01167506
2016-01-18,6.790161
2016-01-19,4.5051575
2016-01-20,0.11354685
2016-01-21,0.0017043203
2016-01-22,4.558563
2016-01-23,0.1705885
2016-01-24,0.00085216016
2016-01-25,0.0
2016-01-26,0.07611513
2016-01-27,0.018551946
2016-01-28,2.445221
2016-01-29,0.007007271
2016-01-30,3.2749176
2016-01-31,4.1007996
2016-02-01,0.30851364
2016-02-02,0.35643578
2016-02-03,3.1871796
2016-02-04,0.0017313287
2016-02-05,0.00043516047
2016-02-06,5.218506
2016-02-07,7.347107
2016-02-08,2.658844
2016-02-09,22.277832
2016-02-10,3.0002594
2016-02-11,4.573822
2016-02-12,17.807007
2016-02-13,13.282776
2016-02-14,13.412476
2016-02-15,0.48708916
2016-02-16,0.0008465722
2016-02-17,0.036001205
2016-02-18,2.2354126
2016-02-19,0.83208084
2016-02-20,0.03734231
2016-02-21,0.03787875
2016-02-22,0.08660555
2016-02-23,3.7612915
2016-02-24,0.35977364
2016-02-25,3.3893585
2016-02-26,0.019967556
2016-02-27,3.7078857
2016-02-28,0.07760525
2016-02-29,0.0026412308
2016-03-01,0.3540516
2016-03-02,5.493164
2016-03-03,3.8433075
2016-03-04,20.202637
2016-03-05,2.6187897
2016-03-06,1.4448166
2016-03-07,1.0957718
2016-03-08,0.13411045
2016-03-09,11.161804
2016-03-10,0.5197525
2016-03-11,0.004284084
2016-03-12,0.0021401793
2016-03-13,0.3297329
2016-03-14,0.12910366
2016-03-15,0.26893616
2016-03-16,0.5326271
2016-03-17,0.7004738
2016-03-18,3.5648346
2016-03-19,0.7982254
2016-03-20,6.839752
2016-03-21,0.1667738
2016-03-22,0.002572313
2016-03-23,0.00085216016
2016-03-24,0.0017164275
2016-03-25,2.254486
2016-03-26,1.7614365
2016-03-27,2.6416779
2016-03-28,1.4333725
2016-03-29,4.15802
2016-03-30,0.17488003
2016-03-31,8.972168
2016-04-01,0.0025816262
2016-04-02,0.00086566433
2016-04-03,2.3212433
2016-04-04,5.317688
2016-04-05,0.44107437
2016-04-06,0.05671382
2016-04-07,3.8433075
2016-04-08,1.1501312
2016-04-09,3.8051605
2016-04-10,3.8337708
2016-04-11,2.8533936
2016-04-12,3.7975311
2016-04-13,0.3271103
2016-04-14,8.361816
2016-04-15,15.930176
2016-04-16,10.520935
2016-04-17,1.5869141
2016-04-18,0.00085216016
2016-04-19,0.016853213
2016-04-20,1.6403198
2016-04-21,4.1618347
2016-04-22,0.89502335
2016-04-23,5.2986145
2016-04-24,0.055015087
2016-04-25,0.007778406
2016-04-26,1.6374588
2016-04-27,0.001697801
2016-04-28,0.0077188015
2016-04-29,0.0003874302
2016-04-30,6.629944
2016-05-01,0.00085216016
2016-05-02,0.00085216016
2016-05-03,0.100016594
2016-05-04,0.00085821375
2016-05-05,0.0016996637
2016-05-06,0.002656132
2016-05-07,1.7490387
2016-05-08,0.6341934
2016-05-09,20.324707
2016-05-10,0.22733212
2016-05-11,8.583069
2016-05-12,0.09447336
2016-05-13,1.2454987
2016-05-14,6.401062
2016-05-15,0.15854836
2016-05-16,0.20289421
2016-05-17,0.81539154
2016-05-18,0.4775524
2016-05-19,0.4823208
2016-05-20,0.51021576
2016-05-21,3.2043457
2016-05-22,14.717102
2016-05-23,2.4223328
2016-05-24,0.078737736
2016-05-25,4.7721863
2016-05-26,6.6947937
2016-05-27,2.1457672
2016-05-28,9.140015
2016-05-29,8.19397
2016-05-30,5.168915
2016-05-31,2.0008087
2016-06-01,4.3640137
2016-06-02,0.69999695
2016-06-03,0.45847893
2016-06-04,0.34189224
2016-06-05,0.32186508
2016-06-06,0.20623207
2016-06-07,1.0604858
2016-06-08,0.0033676624
2016-06-09,0.0
2016-06-10,18.478394
2016-06-11,0.2259016
2016-06-12,0.37837029
2016-06-13,1.6975403
2016-06-14,6.801605
2016-06-15,16.51001
2016-06-16,6.0043335
2016-06-17,3.408432
2016-06-18,4.1770935
2016-06-19,0.3516674
2016-06-20,0.0016540289
2016-06-21,0.0008614734
2016-06-22,0.00043516047
2016-06-23,0.65279007
2016-06-24,1.912117
2016-06-25,0.2872944
2016-06-26,0.028699636
2016-06-27,0.018149614
2016-06-28,0.002577901
2016-06-29,0.18787384
2016-06-30,0.26249886
2016-07-01,0.16963482
2016-07-02,0.21135807
2016-07-03,0.15640259
2016-07-04,0.17440319
2016-07-05,0.024542212
2016-07-06,0.002587214
2016-07-07,0.0021290034
2016-07-08,0.0016828999
2016-07-09,0.0025629997
2016-07-10,0.0
2016-07-11,0.30374527
2016-07-12,1.8291473
2016-07-13,0.17809868
2016-07-14,0.2629757
2016-07-15,0.0
2016-07-16,0.0
2016-07-17,0.0021345913
2016-07-18,0.00085216016
2016-07-19,0.0
2016-07-20,0.42653084
2016-07-21,0.18715858
2016-07-22,0.69475174
2016-07-23,0.29468536
2016-07-24,0.0
2016-07-25,0.0012945384
2016-07-26,0.00085216016
2016-07-27,0.0
2016-07-28,0.5559921
2016-07-29,0.046551228
2016-07-30,0.17237663
2016-07-31,0.4298687
2016-08-01,0.0021215528
2016-08-02,0.00085821375
2016-08-03,0.0012908131
2016-08-04,3.1738281
2016-08-05,0.0049360096
2016-08-06,0.0017164275
2016-08-07,0.0
2016-08-08,0.0008610077
2016-08-09,1.0414124
2016-08-10,0.0012870878
2016-08-11,0.0
2016-08-12,0.0017108396
2016-08-13,0.00085821375
2016-08-14,0.0008670613
2016-08-15,0.0026635826
2016-08-16,0.54359436
2016-08-17,0.07605553
2016-08-18,0.19419193
2016-08-19,1.0566711
2016-08-20,5.432129
2016-08-21,0.08815527
2016-08-22,0.0013047829
2016-08-23,0.0
2016-08-24,0.0067539513
2016-08-25,0.0025741756
2016-08-26,0.00085216016
2016-08-27,0.00085821375
2016-08-28,0.18429756
2016-08-29,0.5259514
2016-08-30,0.045001507
2016-08-31,0.00044098124
2016-09-01,0.00085821375
2016-09-02,0.00085216016
2016-09-03,0.00044424087
2016-09-04,0.00085821375
2016-09-05,0.0069327652
2016-09-06,0.0
2016-09-07,0.0017434359
2016-09-08,0.70524216
2016-09-09,0.55742264
2016-09-10,0.0
2016-09-11,0.0017359853
2016-09-12,0.04786253
2016-09-13,18.02063
2016-09-14,9.796143
2016-09-15,0.21600723
2016-09-16,3.873825
2016-09-17,0.075519085
2016-09-18,0.020563602
2016-09-19,0.31805038
2016-09-20,0.23496151
2016-09-21,0.0
2016-09-22,0.0017089769
2016-09-23,0.0
2016-09-24,0.0012898818
2016-09-25,0.22244453
2016-09-26,0.0
2016-09-27,0.0
2016-09-28,0.00085216016
2016-09-29,0.0
2016-09-30,1.8281937
2016-10-01,3.955841
2016-10-02,0.0018952414
2016-10-03,0.001293607
2016-10-04,0.0003874302
2016-10-05,0.04130602
2016-10-06,0.001847744
2016-10-07,0.00085216016
2016-10-08,0.0034309924
2016-10-09,0.0025741756
2016-10-10,0.001293607
2016-10-11,0.0025704503
2016-10-12,2.2640228
2016-10-13,5.3634644
2016-10-14,2.866745
2016-10-15,0.0017099082
2016-10-16,0.0048726797
2016-10-17,2.609253
2016-10-18,0.00086426735
2016-10-19,0.28014183
2016-10-20,0.035881996
2016-10-21,0.012531877
2016-10-22,0.00085216016
2016-10-23,8.926392
2016-10-24,10.902405
2016-10-25,2.0065308
2016-10-26,0.0
2016-10-27,0.00085216016
2016-10-28,0.014878809
2016-10-29,0.0039227307
2016-10-30,0.052809715
2016-10-31,0.0034421682
2016-11-01,0.0012814999
2016-11-02,0.00085821375
2016-11-03,0.0
2016-11-04,1.832962
2016-11-05,5.771637
2016-11-06,0.6117821
2016-11-07,0.09083748
2016-11-08,1.742363
2016-11-09,7.850647
2016-11-10,6.05011
2016-11-11,0.68998337
2016-11-12,0.98991394
2016-11-13,2.532959
2016-11-14,0.019058585
2016-11-15,0.0012917444
2016-11-16,0.14841557
2016-11-17,0.07098913
2016-11-18,2.9678345
2016-11-19,2.8629303
2016-11-20,6.465912
2016-11-21,2.1457672
2016-11-22,13.587952
2016-11-23,8.651733
2016-11-24,3.1814575
2016-11-25,5.3100586
2016-11-26,0.5507469
2016-11-27,0.0025816262
2016-11-28,0.001726672
2016-11-29,0.035196543
2016-11-30,0.0012814999
2016-12-01,0.00042910688
2016-12-02,0.012584031
2016-12-03,0.03746152
2016-12-04,0.0012814999
2016-12-05,0.0008046627
2016-12-06,0.00085216016
2016-12-07,0.0012852252
2016-12-08,0.0017154962
2016-12-09,0.0012870878
2016-12-10,0.0017136335
2016-12-11,0.00043516047
2016-12-12,0.0017108396
2016-12-13,0.0
2016-12-14,0.0012814999
2016-12-15,0.06818771
2016-12-16,0.0025741756
2016-12-17,0.0056922436
2016-12-18,0.00085216016
2016-12-19,0.0564456
2016-12-20,0.039428473
2016-12-21,0.00552088
2016-12-22,7.74765
2016-12-23,1.2798309
2016-12-24,0.23913383
2016-12-25,1.0471344
2016-12-26,1.7490387
2016-12-27,0.0021513551
2016-12-28,0.00085216016
2016-12-29,0.34308434
2016-12-30,0.218153
2016-12-31,0.09196997
2017-01-01,0.26273727
2017-01-02,0.0017099082
2017-01-03,0.0012842938
2017-01-04,0.0021345913
2017-01-05,0.074625015
2017-01-06,0.0008554198
2017-01-07,0.00043516047
2017-01-08,0.007290393
2017-01-09,1.077652
2017-01-10,4.5318604
2017-01-11,0.6327629
2017-01-12,4.184723
2017-01-13,1.6946793
2017-01-14,0.14340878
2017-01-15,3.545761
2017-01-16,1.9168854
2017-01-17,0.00043516047
2017-01-18,0.00043516047
2017-01-19,0.00043516047
2017-01-20,0.00085216016
2017-01-21,0.0
2017-01-22,0.13446808
2017-01-23,0.0017285347
2017-01-24,0.00085216016
2017-01-25,0.00032782555
2017-01-26,0.00043516047
2017-01-27,0.36382675
2017-01-28,1.0814667
2017-01-29,0.048607588
2017-01-30,3.168106
2017-01-31,0.0020824373
2017-02-01,2.4814606
2017-02-02,8.079529
2017-02-03,7.545471
2017-02-04,9.666443
2017-02-05,5.2452087
2017-02-06,1.0986328
2017-02-07,7.8811646
2017-02-08,1.5249252
2017-02-09,0.00085216016
2017-02-10,0.0
2017-02-11,0.51021576
2017-02-12,1.5182495
2017-02-13,4.8332214
2017-02-14,0.1103282
2017-02-15,0.004082918
2017-02-16,0.0025853515
2017-02-17,0.0025741756
2017-02-18,0.00085216016
2017-02-19,0.009611249
2017-02-20,0.052928925
2017-02-21,0.3042221
2017-02-22,0.20945072
2017-02-23,0.26845932
2017-02-24,0.12010336
2017-02-25,0.002572313
2017-02-26,0.21326542
2017-02-27,6.2446594
2017-02-28,17.608643
2017-03-01,0.5326271
2017-03-02,1.9874573
2017-03-03,17.13562
2017-03-04,7.9345703
2017-03-05,5.2871704
2017-03-06,2.7160645
2017-03-07,9.0408325
2017-03-08,0.82731247
2017-03-09,0.008046627
2017-03-10,0.0017117709
2017-03-11,0.16498566
2017-03-12,6.4582825
2017-03-13,3.2043457
2017-03-14,0.0021457672
2017-03-15,0.0021494925
2017-03-16,0.0012861565
2017-03-17,0.064730644
2017-03-18,0.18167496
2017-03-19,0.033706427
2017-03-20,0.20956993
2017-03-21,4.283905
2017-03-22,15.045166
2017-03-23,4.9057007
2017-03-24,2.33078
2017-03-25,0.3170967
2017-03-26,0.023797154
2017-03-27,1.3036728
2017-03-28,0.05298853
2017-03-29,0.0017229468
2017-03-30,0.0
2017-03-31,11.390686
2017-04-01,4.8828125
2017-04-02,1.4944077
2017-04-03,0.0021383166
2017-04-04,1.6908646
2017-04-05,0.57029724
2017-04-06,0.0
2017-04-07,0.00043516047
2017-04-08,0.0012814999
2017-04-09,0.0012908131
2017-04-10,0.00085216016
2017-04-11,0.1052022
2017-04-12,0.0025816262
2017-04-13,0.0008554198
2017-04-14,0.007342547
2017-04-15,0.25057793
2017-04-16,0.029608607
2017-04-17,0.0025816262
2017-04-18,0.00044098124
2017-04-19,0.00085216016
2017-04-20,0.00085821375
2017-04-21,0.0017248094
2017-04-22,0.0
2017-04-23,0.00042608008
2017-04-24,0.0017229468
2017-04-25,8.377075
2017-04-26,0.58078766
2017-04-27,0.05492568
2017-04-28,0.04249811
2017-04-29,0.0
2017-04-30,8.81958
2017-05-01,8.087158
2017-05-02,1.6908646
2017-05-03,0.22304058
2017-05-04,0.00085821375
2017-05-05,3.9367676
2017-05-06,4.0359497
2017-05-07,0.32234192
2017-05-08,0.10573864
2017-05-09,0.0008470379
2017-05-10,6.3972473
2017-05-11,8.155823
2017-05-12,0.31805038
2017-05-13,2.0599365
2017-05-14,0.022187829
2017-05-15,0.0
2017-05-16,0.00085216016
2017-05-17,1.9464493
2017-05-18,17.105103
2017-05-19,4.8065186
2017-05-20,2.1095276
2017-05-21,0.0
2017-05-22,0.30636787
2017-05-23,0.089645386
2017-05-24,0.0008554198
2017-05-25,0.0008526258
2017-05-26,1.3742447
2017-05-27,0.0017154962
2017-05-28,0.0
2017-05-29,5.3367615
2017-05-30,6.4315796
2017-05-31,4.2686462
2017-06-01,0.08267164
2017-06-02,1.9721985
2017-06-03,28.198242
2017-06-04,0.9455681
2017-06-05,0.04553795
2017-06-06,1.9054413
2017-06-07,0.18692017
2017-06-08,8.178711
2017-06-09,2.1781921
2017-06-10,0.00085216016
2017-06-11,5.9604645e-05
2017-06-12,0.00085216016
2017-06-13,0.084757805
2017-06-14,0.82969666
2017-06-15,0.071525574
2017-06-16,0.0021476299
2017-06-17,0.00085821375
2017-06-18,0.0
2017-06-19,0.0017136335
2017-06-20,1.789093
2017-06-21,0.08225441
2017-06-22,0.0065155327
2017-06-23,0.4940033
2017-06-24,0.023946166
2017-06-25,0.027865171
2017-06-26,7.2250366
2017-06-27,8.575439
2017-06-28,7.6141357
2017-06-29,7.621765
2017-06-30,10.07843
2017-07-01,2.3670197
2017-07-02,0.07623434
2017-07-03,0.09047985
2017-07-04,0.0
2017-07-05,0.0017182902
2017-07-06,0.0009536743
2017-07-07,0.01104176
2017-07-08,8.277893
2017-07-09,6.8893433
2017-07-10,4.169464
2017-07-11,0.2746582
2017-07-12,0.22006035
2017-07-13,0.5412102
2017-07-14,0.0052005053
2017-07-15,0.0034458935
2017-07-16,0.00085216016
2017-07-17,0.009588897
2017-07-18,1.2865067
2017-07-19,2.0370483
2017-07-20,0.21064281
2017-07-21,1.6832352
2017-07-22,0.16415119
2017-07-23,0.56552887
2017-07-24,1.3618469
2017-07-25,0.3504753
2017-07-26,0.24700165
2017-07-27,0.061631203
2017-07-28,0.018671155
2017-07-29,0.0885129
2017-07-30,3.0403137
2017-07-31,7.217407
2017-08-01,7.255554
2017-08-02,0.00085216016
2017-08-03,0.00085821375
2017-08-04,0.0
2017-08-05,0.77581406
2017-08-06,0.00085821375
2017-08-07,7.5263977
2017-08-08,5.6419373
2017-08-09,1.6069412
2017-08-10,3.1661987
2017-08-11,0.11700392
2017-08-12,0.008374453
2017-08-13,0.00085821375
2017-08-14,0.034034252
2017-08-15,0.60892105
2017-08-16,0.0022538006
2017-08-17,0.00043516047
2017-08-18,0.66423416
2017-08-19,0.0
2017-08-20,0.0
2017-08-21,0.00085216016
2017-08-22,0.10436773
2017-08-23,0.38290024
2017-08-24,0.14150143
2017-08-25,0.09423494
2017-08-26,1.909256
2017-08-27,3.1147003
2017-08-28,1.2302399
2017-08-29,0.37503242
2017-08-30,6.8855286
2017-08-31,0.019401312
2017-09-01,2.1705627
2017-09-02,0.07492304
2017-09-03,3.8986206
2017-09-04,3.7250519
2017-09-05,0.15902519
2017-09-06,0.19216537
2017-09-07,0.0030454248
2017-09-08,0.25582314
2017-09-09,14.312744
2017-09-10,1.4419556
2017-09-11,2.0046234
2017-09-12,0.56552887
2017-09-13,0.26226044
2017-09-14,3.1852722
2017-09-15,1.2598038
2017-09-16,3.452301
2017-09-17,4.84848
2017-09-18,2.6416779
2017-09-19,0.12898445
2017-09-20,0.0
2017-09-21,0.0
2017-09-22,0.2772808
2017-09-23,0.0
2017-09-24,0.0017285347
2017-09-25,10.032654
2017-09-26,0.92983246
2017-09-27,0.0
2017-09-28,0.0025760382
2017-09-29,0.050365925
2017-09-30,5.8174133
2017-10-01,2.708435
2017-10-02,0.92697144
2017-10-03,2.0828247
2017-10-04,0.0038817525
2017-10-05,0.104904175
2017-10-06,0.47636032
2017-10-07,0.00085821375
2017-10-08,0.0025834888
2017-10-09,0.34832954
2017-10-10,0.3759861
2017-10-11,0.045269728
2017-10-12,0.20503998
2017-10-13,0.00085216016
2017-10-14,0.0021699816
2017-10-15,0.0
2017-10-16,0.0030044466
2017-10-17,0.00043516047
2017-10-18,6.061554
2017-10-19,0.07122755
2017-10-20,0.017642975
2017-10-21,0.44107437
2017-10-22,0.27441978
2017-10-23,0.09649992
2017-10-24,0.00085216016
2017-10-25,0.0
2017-10-26,0.0
2017-10-27,0.5559921
2017-10-28,0.0009797513
2017-10-29,0.48160553
2017-10-30,0.12540817
2017-10-31,0.0
2017-11-01,0.00085216016
2017-11-02,0.0012908131
2017-11-03,0.00086426735
2017-11-04,3.3950806
2017-11-05,3.1852722
2017-11-06,0.00086566433
2017-11-07,1.3170242
2017-11-08,1.6908646
2017-11-09,2.0961761
2017-11-10,0.1924038
2017-11-11,0.42033195
2017-11-12,2.0503998
2017-11-13,0.0
2017-11-14,0.0
2017-11-15,0.001293607
2017-11-16,0.0017257407
2017-11-17,0.00085216016
2017-11-18,0.0021457672
2017-11-19,0.00043516047
2017-11-20,0.049829483
2017-11-21,0.00043516047
2017-11-22,0.0
2017-11-23,0.16474724
2017-11-24,7.2288513
2017-11-25,4.814148
2017-11-26,0.022217631
2017-11-27,0.00042608008
2017-11-28,5.794525
2017-11-29,0.51259995
2017-11-30,2.002716
2017-12-01,0.18668175
2017-12-02,0.016152859
2017-12-03,0.05558133
2017-12-04,0.020489097
2017-12-05,0.02399087
2017-12-06,0.016480684
2017-12-07,4.764557
2017-12-08,1.4457703
2017-12-09,7.293701
2017-12-10,28.427124
2017-12-11,8.232117
2017-12-12,1.1425018
2017-12-13,1.709938
2017-12-14,6.7253113
2017-12-15,5.531311
2017-12-16,0.03504753
2017-12-17,1.0004044
2017-12-18,2.2830963
2017-12-19,0.00044098124
2017-12-20,0.0003874302
2017-12-21,0.16200542
2017-12-22,0.72288513
2017-12-23,0.037521124
2017-12-24,0.030010939
2017-12-25,0.041663647
2017-12-26,10.96344
2017-12-27,9.307861
2017-12-28,2.0046234
2017-12-29,10.116577
2017-12-30,0.869751
2017-12-31,2.9067993
2018-01-01,8.483887
2018-01-02,7.698059
2018-01-03,4.47464
2018-01-04,1.958847
2018-01-05,6.3705444
2018-01-06,9.864807
2018-01-07,12.001038
2018-01-08,0.63085556
2018-01-09,0.6480217
2018-01-10,4.6081543
2018-01-11,0.68473816
2018-01-12,0.014439225
2018-01-13,0.03424287
2018-01-14,2.83432
2018-01-15,1.1720657
2018-01-16,3.019333
2018-01-17,1.7204285
2018-01-18,1.3856888
2018-01-19,3.4885406
2018-01-20,10.864258
2018-01-21,1.5630722
2018-01-22,1.8148422
2018-01-23,0.11742115
2018-01-24,0.0025834888
2018-01-25,7.7323914
2018-01-26,0.51546097
2018-01-27,2.9802322e-05
2018-01-28,0.0034216791
2018-01-29,0.05310774
2018-01-30,0.22447109
2018-01-31,2.1362305
2018-02-01,5.4130554
2018-02-02,0.0043436885
2018-02-03,2.3040771
2018-02-04,0.059962273
2018-02-05,0.8292198
2018-02-06,0.045508146
2018-02-07,0.50640106
2018-02-08,0.022783875
2018-02-09,1.6269684
2018-02-10,0.16236305
2018-02-11,2.7046204
2018-02-12,0.0014007092
2018-02-13,4.058838
2018-02-14,12.680054
2018-02-15,3.446579
2018-02-16,11.779785
2018-02-17,2.2888184
2018-02-18,3.9253235
2018-02-19,1.1501312
2018-02-20,4.6195984
2018-02-21,0.97846985
2018-02-22,0.0012814999
2018-02-23,0.00085216016
2018-02-24,0.0
2018-02-25,0.0
2018-02-26,0.0017043203
2018-02-27,0.0017173588
2018-02-28,8.468628
2018-03-01,6.3438416
2018-03-02,3.4923553
2018-03-03,4.562378
2018-03-04,4.4174194
2018-03-05,3.8986206
2018-03-06,1.209259
2018-03-07,3.1051636
2018-03-08,0.0017108396
2018-03-09,5.016327
2018-03-10,4.7340393
2018-03-11,0.3244877
2018-03-12,8.636475
2018-03-13,0.5803108
2018-03-14,4.2877197
2018-03-15,2.9315948
2018-03-16,6.290436
2018-03-17,5.695343
2018-03-18,2.784729
2018-03-19,6.752014
2018-03-20,0.20897388
2018-03-21,0.00043516047
2018-03-22,0.002577901
2018-03-23,1.3685226
2018-03-24,9.468079
2018-03-25,2.105713
2018-03-26,0.7786751
2018-03-27,2.9449463
2018-03-28,2.4585724
2018-03-29,0.3592968
2018-03-30,1.2369156
2018-03-31,5.657196
2018-04-01,0.0
2018-04-02,0.6465912
2018-04-03,7.8582764
2018-04-04,1.3933182
2018-04-05,0.16355515
2018-04-06,1.3694763
2018-04-07,11.276245
2018-04-08,7.4310303
2018-04-09,1.3904572
2018-04-10,5.054474
2018-04-11,3.9787292
2018-04-12,2.7770996
2018-04-13,1.0566711
2018-04-14,0.4415512
2018-04-15,0.08773804
2018-04-16,0.18179417
2018-04-17,0.00085821375
2018-04-18,0.0
2018-04-19,0.00043516047
2018-04-20,0.0021513551
2018-04-21,0.001273118
2018-04-22,0.11187792
2018-04-23,5.6877136
2018-04-24,0.013396144
2018-04-25,0.1348257
2018-04-26,0.008620322
2018-04-27,0.0061169267
2018-04-28,13.648987
2018-04-29,15.991211
2018-04-30,7.865906
2018-05-01,0.7238388
2018-05-02,0.55742264
2018-05-03,0.7286072
2018-05-04,0.00085216016
2018-05-05,0.46682358
2018-05-06,0.0017127022
2018-05-07,0.11628866
2018-05-08,0.3490448
2018-05-09,0.92315674
2018-05-10,0.5354881
2018-05-11,0.0017257407
2018-05-12,13.74054
2018-05-13,4.3563843
2018-05-14,7.4424744
2018-05-15,2.1648407
2018-05-16,1.3189316
2018-05-17,0.5865097
2018-05-18,0.03299117
2018-05-19,0.066161156
2018-05-20,0.010333955
2018-05-21,2.3727417
2018-05-22,0.3745556
2018-05-23,0.023037195
2018-05-24,0.39458275
2018-05-25,0.36382675
2018-05-26,8.369446
2018-05-27,3.7612915
2018-05-28,21.026611
2018-05-29,8.575439
2018-05-30,5.1956177
2018-05-31,1.455307
2018-06-01,0.5707741
2018-06-02,0.09191036
2018-06-03,1.7156601
2018-06-04,7.659912
2018-06-05,28.549194
2018-06-06,13.648987
2018-06-07,1.865387
2018-06-08,0.036388636
2018-06-09,3.9710999
2018-06-10,11.0321045
2018-06-11,9.155273
2018-06-12,15.533447
2018-06-13,0.85401535
2018-06-14,0.6160736
2018-06-15,0.32901764
2018-06-16,0.002199784
2018-06-17,0.65898895
2018-06-18,1.0185242
2018-06-19,0.0008591451
2018-06-20,0.0
2018-06-21,0.1707077
2018-06-22,0.00085821375
2018-06-23,0.00085216016
2018-06-24,0.0034421682
2018-06-25,0.0017043203
2018-06-26,0.003432855
2018-06-27,0.00043516047
2018-06-28,0.0073947012
2018-06-29,0.0030193478
2018-06-30,0.035881996
2018-07-01,5.558014
2018-07-02,6.603241
2018-07-03,0.031411648
2018-07-04,9.613037
2018-07-05,9.590149
2018-07-06,0.93221664
2018-07-07,0.008940697
2018-07-08,0.0
2018-07-09,0.0012852252
2018-07-10,0.0
2018-07-11,0.027552247
2018-07-12,0.0012908131
2018-07-13,0.00042608008
2018-07-14,0.027492642
2018-07-15,3.4732819
2018-07-16,10.696411
2018-07-17,0.5259514
2018-07-18,1.0919571
2018-07-19,0.5970001
2018-07-20,1.5268326
2018-07-21,0.21743774
2018-07-22,0.29730797
2018-07-23,0.002572313
2018-07-24,0.0016037375
2018-07-25,0.00085961074
2018-07-26,0.002982095
2018-07-27,0.16736984
2018-07-28,1.2254715
2018-07-29,0.0021401793
2018-07-30,0.0
2018-07-31,0.001007691
2018-08-01,0.00042608008
2018-08-02,0.00085821375
2018-08-03,0.00085821375
2018-08-04,0.0
2018-08-05,0.0008549541
2018-08-06,0.00086566433
2018-08-07,0.07021427
2018-08-08,3.1604767
2018-08-09,5.569458
2018-08-10,0.0
2018-08-11,0.00042608008
2018-08-12,0.7343292
2018-08-13,3.3836365
2018-08-14,0.07605553
2018-08-15,0.0012945384
2018-08-16,0.005554408
2018-08-17,0.25892258
2018-08-18,0.00044098124
2018-08-19,0.0
2018-08-20,0.09393692
2018-08-21,0.000949949
2018-08-22,1.1940002
2018-08-23,0.4632473
2018-08-24,0.99754333
2018-08-25,1.5382767
2018-08-26,0.08863211
2018-08-27,0.0
2018-08-28,13.656616
2018-08-29,0.23984909
2018-08-30,0.00085216016
2018-08-31,0.004488975
2018-09-01,0.0025704503
2018-09-02,0.0
2018-09-03,0.0021513551
2018-09-04,0.0
2018-09-05,3.0231476
2018-09-06,13.5269165
2018-09-07,0.0
2018-09-08,0.0
2018-09-09,0.034809113
2018-09-10,0.0034570694
2018-09-11,0.00044098124
2018-09-12,0.2758503
2018-09-13,0.15580654
2018-09-14,0.31208992
2018-09-15,0.00044098124
2018-09-16,0.0
2018-09-17,0.2503395
2018-09-18,0.065505505
2018-09-19,0.09572506
2018-09-20,0.0
2018-09-21,2.0713806
2018-09-22,0.0
2018-09-23,0.8511543
2018-09-24,0.0017164275
2018-09-25,0.00085821375
2018-09-26,0.00043516047
2018-09-27,0.0017117709
2018-09-28,0.0047571957
2018-09-29,0.0021476299
2018-09-30,0.00085821375
2018-10-01,0.081181526
2018-10-02,0.0017071143
2018-10-03,0.014185905
2018-10-04,0.0
2018-10-05,0.0017220154
2018-10-06,4.623413
2018-10-07,4.8217773
2018-10-08,0.11456013
2018-10-09,0.034213066
2018-10-10,10.4599
2018-10-11,1.4619827
2018-10-12,0.012084842
2018-10-13,0.0
2018-10-14,19.302368
2018-10-15,8.44574
2018-10-16,0.1912117
2018-10-17,0.14805794
2018-10-18,1.2903214
2018-10-19,0.0
2018-10-20,0.00044098124
2018-10-21,0.00085216016
2018-10-22,0.0
2018-10-23,0.0008614734
2018-10-24,0.00085821375
2018-10-25,0.0012833625
2018-10-26,0.019446015
2018-10-27,0.31375885
2018-10-28,7.987976
2018-10-29,0.51546097
2018-10-30,0.006698072
2018-10-31,1.2512207
2018-11-01,5.912781
2018-11-02,7.205963
2018-11-03,0.00087032095
2018-11-04,0.00043516047
2018-11-05,8.079529
2018-11-06,6.576538
2018-11-07,11.306763
2018-11-08,0.00085216016
2018-11-09,0.46420097
2018-11-10,16.403198
2018-11-11,0.057846308
2018-11-12,6.374359
2018-11-13,0.38552284
2018-11-14,0.0021457672
2018-11-15,0.001299195
2018-11-16,0.00085216016
2018-11-17,0.048160553
2018-11-18,0.08958578
2018-11-19,0.0017192215
2018-11-20,0.00043516047
2018-11-21,0.00010430813
2018-11-22,0.009685755
2018-11-23,0.6723404
2018-11-24,0.05710125
2018-11-25,3.004074
2018-11-26,0.1603365
2018-11-27,0.5545616
2018-11-28,0.0025946647
2018-11-29,8.392334
2018-11-30,7.286072
2018-12-01,6.4849854
2018-12-02,14.701843
2018-12-03,5.794525
2018-12-04,0.32782555
2018-12-05,0.23913383
2018-12-06,1.0347366
2018-12-07,0.7095337
2018-12-08,0.49114227
2018-12-09,0.91552734
2018-12-10,0.044852495
2018-12-11,0.0
2018-12-12,0.5636215
2018-12-13,8.834839
2018-12-14,0.04401803
2018-12-15,6.454468
2018-12-16,12.809753
2018-12-17,2.2563934
2018-12-18,1.6288757
2018-12-19,4.146576
2018-12-20,3.2367706
2018-12-21,4.40979
2018-12-22,2.7332306
2018-12-23,0.12165308
2018-12-24,0.5598068
2018-12-25,0.0012870878
2018-12-26,0.00042608008
2018-12-27,0.18179417
2018-12-28,0.15699863
2018-12-29,0.0123903155
2018-12-30,0.0017192215
2018-12-31,0.0017210841
2019-01-01,0.024199486
2019-01-02,0.04014373
2019-01-03,0.0
2019-01-04,0.00085216016
2019-01-05,0.0
2019-01-06,0.015057623
2019-01-07,0.12552738
2019-01-08,0.705719
2019-01-09,0.08946657
2019-01-10,0.0034458935
2019-01-11,0.08416176
2019-01-12,0.09256601
2019-01-13,0.4146099
2019-01-14,0.29993057
2019-01-15,0.0043958426
2019-01-16,0.23961067
2019-01-17,3.774643
2019-01-18,0.28681755
2019-01-19,1.8749237
2019-01-20,2.7713776
2019-01-21,0.3042221
2019-01-22,5.836487
2019-01-23,3.206253
2019-01-24,0.02810359
2019-01-25,1.0852814
2019-01-26,0.19073486
2019-01-27,3.8871765
2019-01-28,5.7907104
2019-01-29,7.37381
2019-01-30,6.515503
2019-01-31,19.53125
2019-02-01,18.02063
2019-02-02,3.9253235
2019-02-03,0.0
2019-02-04,5.3749084
2019-02-05,3.6678314
2019-02-06,0.41127205
2019-02-07,0.4210472
2019-02-08,0.001273118
2019-02-09,0.32806396
2019-02-10,2.5577545
2019-02-11,0.31089783
2019-02-12,0.0025816262
2019-02-13,0.0
2019-02-14,0.0008554198
2019-02-15,0.00085216016
2019-02-16,0.00043516047
2019-02-17,0.0
2019-02-18,0.00085216016
2019-02-19,0.004298985
2019-02-20,0.002566725
2019-02-21,0.00085216016
2019-02-22,0.0017229468
2019-02-23,0.003002584
2019-02-24,0.010788441
2019-02-25,0.00085216016
2019-02-26,0.003438443
2019-02-27,0.0
2019-02-28,0.044465065
2019-03-01,0.51546097
2019-03-02,0.916481
2019-03-03,0.010192394
2019-03-04,2.2449493
2019-03-05,0.10573864
2019-03-06,8.514404
2019-03-07,1.7719269
2019-03-08,2.2010803
2019-03-09,0.4029274
2019-03-10,0.9841919
2019-03-11,0.17118454
2019-03-12,0.88500977
2019-03-13,3.200531
2019-03-14,0.96321106
2019-03-15,0.42033195
2019-03-16,0.01385808
2019-03-17,1.3065338
2019-03-18,2.527237
2019-03-19,0.82302094
2019-03-20,0.0017164275
2019-03-21,0.0
2019-03-22,0.0017359853
2019-03-23,0.0034254044
2019-03-24,0.0
2019-03-25,0.0
2019-03-26,0.0
2019-03-27,0.0012814999
2019-03-28,0.00043516047
2019-03-29,0.0016959384
2019-03-30,0.0009117648
2019-03-31,0.0
2019-04-01,1.6288757
2019-04-02,1.5478134
2019-04-03,4.928589
2019-04-04,1.4352798
2019-04-05,1.6365051
2019-04-06,12.199402
2019-04-07,3.4561157
2019-04-08,1.0871887
2019-04-09,0.05120039
2019-04-10,0.7996559
2019-04-11,0.6489754
2019-04-12,0.00085821375
2019-04-13,0.00043516047
2019-04-14,0.37837029
2019-04-15,9.742737
2019-04-16,0.26535988
2019-04-17,0.00085216016
2019-04-18,0.001706183
2019-04-19,0.003008172
2019-04-20,0.07522106
2019-04-21,0.323534
2019-04-22,0.019043684
2019-04-23,14.259338
2019-04-24,9.986877
2019-04-25,7.183075
2019-04-26,4.886627
2019-04-27,1.745224
2019-04-28,0.31518936
2019-04-29,0.005271286
2019-04-30,0.00085216016
2019-05-01,1.5258789
2019-05-02,0.42128563
2019-05-03,2.2735596
2019-05-04,1.6851425
2019-05-05,0.0
2019-05-06,0.00085216016
2019-05-07,0.24175644
2019-05-08,5.41687
2019-05-09,4.2533875
2019-05-10,0.24557114
2019-05-11,1.1301041
2019-05-12,0.0012842938
2019-05-13,0.00085216016
2019-05-14,0.00085821375
2019-05-15,0.00085821375
2019-05-16,0.6842613
2019-05-17,14.778137
2019-05-18,6.477356
2019-05-19,7.293701
2019-05-20,2.5024414
2019-05-21,0.344038
2019-05-22,0.008173287
2019-05-23,2.0523071
2019-05-24,5.870819
2019-05-25,0.22041798
2019-05-26,0.27441978
2019-05-27,0.9498596
2019-05-28,0.5569458
2019-05-29,0.33783913
2019-05-30,0.017821789
2019-05-31,0.002156943
2019-06-01,0.0012870878
2019-06-02,0.0
2019-06-03,0.046908855
2019-06-04,9.3688965
2019-06-05,22.506714
2019-06-06,0.2272129
2019-06-07,3.3092499
2019-06-08,0.081300735
2019-06-09,1.2741089
2019-06-10,0.04184246
2019-06-11,4.776001
2019-06-12,1.5678406
2019-06-13,0.6117821
2019-06-14,0.04848838
2019-06-15,3.4103394
2019-06-16,0.00085821375
2019-06-17,0.0017089769
2019-06-18,3.288269
2019-06-19,2.5558472
2019-06-20,0.9074211
2019-06-21,6.793976
2019-06-22,0.004887581
2019-06-23,0.0017127022
2019-06-24,0.0019241124
2019-06-25,0.0017108396
2019-06-26,0.0
2019-06-27,0.0
2019-06-28,0.0034365803
2019-06-29,0.005580485
2019-06-30,0.026077032
2019-07-01,0.4389286
2019-07-02,0.4374981
2019-07-03,0.42366982
2019-07-04,0.14555454
2019-07-05,0.010155141
2019-07-06,0.18203259
2019-07-07,0.002939254
2019-07-08,0.2603531
2019-07-09,0.18155575
2019-07-10,0.0017117709
2019-07-11,0.0013047829
2019-07-12,0.00085216016
2019-07-13,0.0149309635
2019-07-14,0.00085821375
2019-07-15,0.0
2019-07-16,0.001293607
2019-07-17,0.0017192215
2019-07-18,0.036597252
2019-07-19,0.0041797757
2019-07-20,8.468628
2019-07-21,0.021964312
2019-07-22,0.0022687018
2019-07-23,0.12397766
2019-07-24,1.3074875
2019-07-25,1.1577606
2019-07-26,21.438599
2019-07-27,7.6141357
2019-07-28,0.06097555
2019-07-29,0.15628338
2019-07-30,0.9469986
2019-07-31,0.008232892
2019-08-01,5.065918
2019-08-02,0.00085821375
2019-08-03,0.0
2019-08-04,0.00071525574
2019-08-05,0.0030044466
2019-08-06,0.47683716
2019-08-07,3.8032532
2019-08-08,0.08583069
2019-08-09,0.31518936
2019-08-10,0.0037103891
2019-08-11,14.022827
2019-08-12,0.25320053
2019-08-13,0.062406063
2019-08-14,0.0
2019-08-15,1.1053085
2019-08-16,0.00042608008
2019-08-17,0.0016093254
2019-08-18,0.06604195
2019-08-19,1.5220642
2019-08-20,0.44751167
2019-08-21,0.0021327287
2019-08-22,0.0
2019-08-23,0.001299195
2019-08-24,0.00085821375
2019-08-25,0.01128763
2019-08-26,0.03054738
2019-08-27,8.483887
2019-08-28,0.04172325
2019-08-29,0.011309981
2019-08-30,0.0023450702
2019-08-31,0.35476685
2019-09-01,0.6365776
2019-09-02,0.00085216016
2019-09-03,0.0
2019-09-04,0.0052526593
2019-09-05,0.010572374
2019-09-06,0.00042910688
2019-09-07,0.18191338
2019-09-08,0.00085821375
2019-09-09,0.25844574
2019-09-10,1.5277863
2019-09-11,0.0
2019-09-12,0.00043516047
2019-09-13,0.0
2019-09-14,0.00085216016
2019-09-15,5.9604645e-05
2019-09-16,0.01065433
2019-09-17,0.0017024577
2019-09-18,0.0009178184
2019-09-19,0.0
2019-09-20,0.105679035
2019-09-21,2.0503998
2019-09-22,16.937256
2019-09-23,0.53596497
2019-09-24,9.185791
2019-09-25,4.6310425
2019-09-26,0.15556812
2019-09-27,0.7548332
2019-09-28,0.06467104
2019-09-29,0.03132224
2019-09-30,0.5750656
2019-10-01,4.535675
2019-10-02,0.42581558
2019-10-03,0.060796738
2019-10-04,0.37503242
2019-10-05,0.3402233
2019-10-06,1.1472702
2019-10-07,0.00043213367
2019-10-08,0.098228455
2019-10-09,0.8201599
2019-10-10,0.1411438
2019-10-11,0.0021401793
2019-10-12,1.0766983
2019-10-13,0.0020563602
2019-10-14,19.973755
2019-10-15,4.3678284
2019-10-16,0.28824806
2019-10-17,7.2135925
2019-10-18,1.3723373
2019-10-19,6.6719055
2019-10-20,9.277344
2019-10-21,0.3361702
2019-10-22,11.009216
2019-10-23,15.571594
2019-10-24,6.7214966
2019-10-25,0.003438443
2019-10-26,0.0
2019-10-27,0.0641942
2019-10-28,0.16832352
2019-10-29,0.00085821375
2019-10-30,2.735138
2019-10-31,0.6990433
2019-11-01,7.6942444
2019-11-02,15.312195
2019-11-03,17.227173
2019-11-04,25.054932
2019-11-05,3.9482117
2019-11-06,3.4942627
2019-11-07,4.3144226
2019-11-08,3.5076141
2019-11-09,3.0269623
2019-11-10,0.48279762
2019-11-11,1.9035339
2019-11-12,1.6851425
2019-11-13,3.9596558
2019-11-14,7.713318
2019-11-15,9.658813
2019-11-16,9.162903
2019-11-17,1.4400482
2019-11-18,0.19526482
2019-11-19,0.00086426735
2019-11-20,0.0
2019-11-21,0.88357925
2019-11-22,3.835678
2019-11-23,8.155823
2019-11-24,1.4295578
2019-11-25,2.4356842
2019-11-26,6.664276
2019-11-27,5.3138733
2019-11-28,8.277893
2019-11-29,0.42009354
2019-11-30,7.671356
2019-12-01,0.15854836
2019-12-02,0.0025816262
2019-12-03,0.0017043203
2019-12-04,0.0
2019-12-05,0.0
2019-12-06,0.626564
2019-12-07,0.24139881
2019-12-08,3.7555695
2019-12-09,2.7542114
2019-12-10,0.0
2019-12-11,4.7187805
2019-12-12,16.494751
2019-12-13,11.558533
2019-12-14,0.77581406
2019-12-15,0.1320839
2019-12-16,0.0012870878
2019-12-17,3.2424927
2019-12-18,0.0015888363
2019-12-19,4.2648315
2019-12-20,13.412476
2019-12-21,10.116577
2019-12-22,18.203735
2019-12-23,1.2950897
2019-12-24,0.14781952
2019-12-25,0.0666976
2019-12-26,0.0
2019-12-27,0.0029988587
2019-12-28,0.034868717
2019-12-29,0.030905008
2019-12-30,0.0025816262
2019-12-31,0.16057491
2020-01-01,1.6708374
2020-01-02,0.01783669
2020-01-03,0.09584427
2020-01-04,0.2925396
2020-01-05,0.0017192215
2020-01-06,0.043302774
2020-01-07,0.20432472
2020-01-08,0.0017136335
2020-01-09,3.9253235
2020-01-10,0.54216385
2020-01-11,0.06258488
2020-01-12,0.0004172325
2020-01-13,0.0032689422
2020-01-14,0.0
2020-01-15,0.60653687
2020-01-16,0.0016968697
2020-01-17,8.369446
2020-01-18,3.5514832
2020-01-19,0.088751316
2020-01-20,0.00042608008
2020-01-21,0.0017164275
2020-01-22,6.462097
2020-01-23,3.8928986
2020-01-24,0.024080276
2020-01-25,0.0
2020-01-26,2.0885468
2020-01-27,13.053894
2020-01-28,3.419876
2020-01-29,0.82588196
2020-01-30,11.291504
2020-01-31,1.3189316
2020-02-01,6.515503
2020-02-02,0.88882446
2020-02-03,0.005148351
2020-02-04,0.17309189
2020-02-05,0.0017210841
2020-02-06,0.00043516047
2020-02-07,0.0
2020-02-08,0.007096678
2020-02-09,0.032275915
2020-02-10,1.0185242
2020-02-11,0.5850792
2020-02-12,0.025942922
2020-02-13,1.0728836
2020-02-14,0.030368567
2020-02-15,0.00085821375
2020-02-16,0.0012870878
2020-02-17,3.5247803
2020-02-18,0.31590462
2020-02-19,0.2501011
2020-02-20,0.0
2020-02-21,0.00085216016
2020-02-22,0.00085216016
2020-02-23,0.040233135
2020-02-24,0.13113022
2020-02-25,4.096985
2020-02-26,3.0059814
2020-02-27,15.052795
2020-02-28,0.7839203
2020-02-29,2.008438
2020-03-01,6.4201355
2020-03-02,10.704041
2020-03-03,18.066406
2020-03-04,3.7937164
2020-03-05,8.285522
2020-03-06,9.254456
2020-03-07,0.01680851
2020-03-08,1.1806488
2020-03-09,4.234314
2020-03-10,1.3504028
2020-03-11,0.21719933
2020-03-12,3.074646
2020-03-13,0.0
2020-03-14,0.045776367
2020-03-15,3.0097961
2020-03-16,8.216858
2020-03-17,0.074744225
2020-03-18,0.0008549541
2020-03-19,0.0017164275
2020-03-20,0.00085216016
2020-03-21,0.0017154962
2020-03-22,0.013157725
2020-03-23,0.039190054
2020-03-24,0.0
2020-03-25,0.00086426735
2020-03-26,0.6966591
2020-03-27,0.014036894
2020-03-28,0.00087032095
2020-03-29,1.9016266
2020-03-30,2.6721954
2020-03-31,0.0013001263
2020-04-01,0.0
2020-04-02,0.021278858
2020-04-03,0.0008540228
2020-04-04,0.0017071143
2020-04-05,0.00085216016
2020-04-06,3.3340454
2020-04-07,0.43082237
2020-04-08,0.38838387
2020-04-09,0.0
2020-04-10,0.0013010576
2020-04-11,0.0
2020-04-12,0.7247925
2020-04-13,0.43153763
2020-04-14,0.0
2020-04-15,0.43559074
2020-04-16,0.8072853
2020-04-17,8.399963
2020-04-18,2.2716522
2020-04-19,7.7209473
2020-04-20,1.6479492
2020-04-21,7.232666
2020-04-22,3.6468506
2020-04-23,0.8735657
2020-04-24,0.07915497
2020-04-25,6.7367554
2020-04-26,0.6837845
2020-04-27,8.651733
2020-04-28,4.3029785
2020-04-29,3.0937195
2020-04-30,14.213562
2020-05-01,12.107849
2020-05-02,6.1912537
2020-05-03,0.034570694
2020-05-04,4.6691895
2020-05-05,1.5172958
2020-05-06,5.9604645e-05
2020-05-07,0.0
2020-05-08,0.97322464
2020-05-09,9.567261
2020-05-10,38.81836
2020-05-11,17.349243
2020-05-12,3.7403107
2020-05-13,11.993408
2020-05-14,0.9441376
2020-05-15,0.01566112
2020-05-16,0.0
2020-05-17,0.00085821375
2020-05-18,0.0
2020-05-19,0.0
2020-05-20,0.0017229468
2020-05-21,0.0
2020-05-22,0.027090311
2020-05-23,1.8634796
2020-05-24,0.0008624047
2020-05-25,0.0
2020-05-26,0.001726672
2020-05-27,0.0008819625
2020-05-28,0.0008600764
2020-05-29,0.0
2020-05-30,0.00085216016
2020-05-31,0.00044098124
2020-06-01,10.276794
2020-06-02,0.011838973
2020-06-03,0.46896935
2020-06-04,8.216858
2020-06-05,0.90789795
2020-06-06,2.2144318
2020-06-07,2.664566
2020-06-08,4.550934
2020-06-09,3.0899048
2020-06-10,1.909256
2020-06-11,17.89856
2020-06-12,2.5482178
2020-06-13,1.6088486
2020-06-14,0.2014637
2020-06-15,3.0899048
2020-06-16,4.91333
2020-06-17,1.8320084
2020-06-18,8.163452
2020-06-19,0.0059455633
2020-06-20,0.04684925
2020-06-21,0.015750527
2020-06-22,0.13935566
2020-06-23,0.0
2020-06-24,0.0
2020-06-25,1.0786057
2020-06-26,10.917664
2020-06-27,2.281189
2020-06-28,0.6489754
2020-06-29,0.043720007
2020-06-30,0.00085821375
2020-07-01,0.10043383
2020-07-02,0.39720535
2020-07-03,0.0577271
2020-07-04,0.00043516047
2020-07-05,0.01295656
2020-07-06,0.17035007
2020-07-07,0.0
2020-07-08,0.0
2020-07-09,0.002566725
2020-07-10,0.036537647
2020-07-11,0.0008819625
2020-07-12,0.00085216016
2020-07-13,0.0017229468
2020-07-14,0.00042608008
2020-07-15,0.33044815
2020-07-16,0.15258789
2020-07-17,0.49066544
2020-07-18,0.0
2020-07-19,0.0
2020-07-20,0.07033348
2020-07-21,0.0011418015
2020-07-22,0.518322
2020-07-23,0.31232834
2020-07-24,0.00044098124
2020-07-25,0.0
2020-07-26,0.31781197
2020-07-27,0.00085821375
2020-07-28,0.23841858
2020-07-29,0.001299195
2020-07-30,0.27942657
2020-07-31,0.9274483
2020-08-01,0.4119873
2020-08-02,1.2044907
2020-08-03,0.2194643
2020-08-04,0.0008591451
2020-08-05,0.0
2020-08-06,0.00085681677
2020-08-07,0.0023841858
2020-08-08,0.0
2020-08-09,0.3733635
2020-08-10,0.38695335
2020-08-11,0.8482933
2020-08-12,12.59613
2020-08-13,3.65448
2020-08-14,0.03349781
2020-08-15,10.4522705
2020-08-16,1.9989014
2020-08-17,0.35858154
2020-08-18,0.20349026
2020-08-19,0.0021588057
2020-08-20,0.06902218
2020-08-21,14.793396
2020-08-22,0.052452087
2020-08-23,0.808239
2020-08-24,0.00086426735
2020-08-25,0.000834465
2020-08-26,0.16283989
2020-08-27,0.0050850213
2020-08-28,3.0975342
2020-08-29,9.559631
2020-08-30,1.0499954
2020-08-31,0.08434057
2020-09-01,0.0
2020-09-02,0.0
2020-09-03,0.0
2020-09-04,0.00085681677
2020-09-05,0.0017089769
2020-09-06,0.02670288
2020-09-07,0.00085821375
2020-09-08,0.00043516047
2020-09-09,0.0017108396
2020-09-10,0.00086426735
2020-09-11,0.0017881393
2020-09-12,0.0
2020-09-13,0.0
2020-09-14,0.00085216016
2020-09-15,0.45108795
2020-09-16,0.0012218952
2020-09-17,0.00085821375
2020-09-18,1.1501312
2020-09-19,9.529114
2020-09-20,5.2261353
2020-09-21,20.78247
2020-09-22,6.7825317
2020-09-23,1.0080338
2020-09-24,6.2446594
2020-09-25,3.3779144
2020-09-26,14.663696
2020-09-27,0.7739067
2020-09-28,0.015616417
2020-09-29,0.022649765
2020-09-30,0.0021494925
2020-10-01,6.378174
2020-10-02,30.960083
2020-10-03,10.902405
2020-10-04,12.329102
2020-10-05,3.0460358
2020-10-06,9.307861
2020-10-07,0.7491112
2020-10-08,0.115811825
2020-10-09,0.0025518239
2020-10-10,0.63180923
2020-10-11,2.1858215
2020-10-12,4.085541
2020-10-13,4.5166016
2020-10-14,4.360199
2020-10-15,0.1411438
2020-10-16,0.018253922
2020-10-17,0.00590086
2020-10-18,0.0
2020-10-19,0.0012870878
2020-10-20,5.2490234
2020-10-21,0.9794235
2020-10-22,7.698059
2020-10-23,2.2068024
2020-10-24,0.03144145
2020-10-25,12.260437
2020-10-26,2.357483
2020-10-27,4.3678284
2020-10-28,0.31018257
2020-10-29,0.28657913
2020-10-30,0.0034403056
2020-10-31,0.00085216016
2020-11-01,0.0040233135
2020-11-02,0.582695
2020-11-03,1.499176
2020-11-04,0.0017285347
2020-11-05,0.0
2020-11-06,0.030353665
2020-11-07,8.476257
2020-11-08,0.22673607
2020-11-09,0.5354881
2020-11-10,0.3569126
2020-11-11,0.088751316
2020-11-12,0.0017164275
2020-11-13,0.00085216016
2020-11-14,0.00043516047
2020-11-15,10.719299
2020-11-16,0.3902912
2020-11-17,0.0038594007
2020-11-18,0.00085216016
2020-11-19,0.12123585
2020-11-20,0.0
2020-11-21,0.00043516047
2020-11-22,0.0
2020-11-23,0.00020861626
2020-11-24,0.0017257407
2020-11-25,0.0021494925
2020-11-26,0.00044703484
2020-11-27,0.0
2020-11-28,0.0062324107
2020-11-29,0.0
2020-11-30,0.00043516047
2020-12-01,1.1005402
2020-12-02,0.12254715
2020-12-03,16.357422
2020-12-04,3.604889
2020-12-05,1.0929108
2020-12-06,0.90169907
2020-12-07,9.002686
2020-12-08,0.39052963
2020-12-09,1.4829636
2020-12-10,12.382507
2020-12-11,15.602112
2020-12-12,3.4866333
2020-12-13,0.15985966
2020-12-14,0.46682358
2020-12-15,3.5495758
2020-12-16,0.07671118
2020-12-17,2.456665
2020-12-18,0.002104789
2020-12-19,4.79126
2020-12-20,0.13172626
2020-12-21,2.23732
2020-12-22,0.01052022
2020-12-23,3.2444
2020-12-24,1.1701584
2020-12-25,0.23269653
2020-12-26,0.0021643937
2020-12-27,18.203735
2020-12-28,12.840271
2020-12-29,3.730774
2020-12-30,5.1879883
2020-12-31,9.994507
2021-01-01,2.2468567
2021-01-02,0.029534101
2021-01-03,1.958847
2021-01-04,0.19276142
2021-01-05,0.10865927
2021-01-06,0.2527237
2021-01-07,0.018149614
2021-01-08,0.0022593886
2021-01-09,0.0018775463
2021-01-10,0.0012926757
2021-01-11,0.01192838
2021-01-12,0.7252693
2021-01-13,0.43940544
2021-01-14,2.5844574
2021-01-15,0.30064583
2021-01-16,0.105559826
2021-01-17,3.993988
2021-01-18,0.004786998
2021-01-19,0.0
2021-01-20,0.38838387
2021-01-21,6.126404
2021-01-22,16.998291
2021-01-23,15.823364
2021-01-24,5.748749
2021-01-25,0.5378723
2021-01-26,1.5096664
2021-01-27,2.89917
2021-01-28,0.9031296
2021-01-29,4.6424866
2021-01-30,14.221191
2021-01-31,14.36615
2021-02-01,11.84082
2021-02-02,2.3117065
2021-02-03,4.180908
2021-02-04,4.753113
2021-02-05,3.0269623
2021-02-06,9.536743
2021-02-07,2.319336
2021-02-08,8.4991455
2021-02-09,10.238647
2021-02-10,2.5730133
2021-02-11,1.5773773
2021-02-12,9.83429
2021-02-13,0.0038929284
2021-02-14,0.003008172
2021-02-15,0.00085216016
2021-02-16,0.0012544915
2021-02-17,0.057429075
2021-02-18,0.9832382
2021-02-19,0.0
2021-02-20,0.0
2021-02-21,0.0
2021-02-22,0.26750565
2021-02-23,0.0
2021-02-24,0.0017164275
2021-02-25,0.00086426735
2021-02-26,0.05760789
2021-02-27,0.0012889504
2021-02-28,0.123381615
2021-03-01,0.00043516047
2021-03-02,0.41222572
2021-03-03,0.07081032
2021-03-04,0.25606155
2021-03-05,0.0035408884
2021-03-06,0.06431341
2021-03-07,0.7352829
2021-03-08,1.2044907
2021-03-09,0.0
2021-03-10,0.001293607
2021-03-11,0.667572
2021-03-12,2.1800995
2021-03-13,2.6760101
2021-03-14,0.95796585
2021-03-15,0.72431564
2021-03-16,0.33926964
2021-03-17,0.07498264
2021-03-18,0.016540289
2021-03-19,3.3912659
2021-03-20,0.00043516047
2021-03-21,0.014297664
2021-03-22,0.00086426735
2021-03-23,0.00043516047
2021-03-24,0.008955598
2021-03-25,0.1733303
2021-03-26,0.14722347
2021-03-27,0.024184585
2021-03-28,0.0012805685
2021-03-29,0.0017089769
2021-03-30,0.00085216016
2021-03-31,0.0017080456
2021-04-01,0.0017238781
2021-04-02,0.0017182902
2021-04-03,0.00085216016
2021-04-04,0.0012945384
2021-04-05,0.023379922
2021-04-06,0.641346
2021-04-07,0.0
2021-04-08,0.0
2021-04-09,2.5482178
2021-04-10,4.386902
2021-04-11,6.1836243
2021-04-12,0.0030249357
2021-04-13,0.00044098124
2021-04-14,0.00043516047
2021-04-15,0.0017164275
2021-04-16,0.0025629997
2021-04-17,0.15318394
2021-04-18,0.00043516047
2021-04-19,0.0
2021-04-20,0.16093254
2021-04-21,0.061750412
2021-04-22,0.0059120357
2021-04-23,0.0012889504
2021-04-24,0.001293607
2021-04-25,0.2670288
2021-04-26,1.5487671
2021-04-27,0.57697296
2021-04-28,1.4238358
2021-04-29,6.7749023
2021-04-30,0.2605915
2021-05-01,0.5297661
2021-05-02,0.0
2021-05-03,0.00085821375
2021-05-04,2.4089813
2021-05-05,1.7366409
2021-05-06,4.1770935
2021-05-07,0.51927567
2021-05-08,0.00085216016
2021-05-09,25.909424
2021-05-10,5.809784
2021-05-11,7.129669
2021-05-12,5.882263
2021-05-13,9.986877
2021-05-14,2.2201538
2021-05-15,17.166138
2021-05-16,6.023407
2021-05-17,1.5649796
2021-05-18,2.653122
2021-05-19,2.3117065
2021-05-20,0.0017164275
2021-05-21,3.5858154
2021-05-22,2.3937225
2021-05-23,0.5297661
2021-05-24,1.3847351
2021-05-25,0.34737587
2021-05-26,0.013798475
2021-05-27,0.0
2021-05-28,0.048607588
2021-05-29,1.4829636
2021-05-30,1.0347366
2021-05-31,0.018537045
2021-06-01,6.05011
2021-06-02,0.1500845
2021-06-03,2.7217865
2021-06-04,23.666382
2021-06-05,0.00042608008
2021-06-06,0.0
2021-06-07,0.1295805
2021-06-08,0.00043516047
2021-06-09,0.00166893
2021-06-10,0.0034868717
2021-06-11,0.16784668
2021-06-12,0.031411648
2021-06-13,0.00085216016
2021-06-14,0.0
2021-06-15,0.001293607
2021-06-16,1.5439987
2021-06-17,14.503479
2021-06-18,0.79250336
2021-06-19,6.164551
2021-06-20,7.0152283
2021-06-21,1.821518
2021-06-22,5.1345825
2021-06-23,11.459351
2021-06-24,1.1014938
2021-06-25,0.036478043
2021-06-26,26.565552
2021-06-27,9.796143
2021-06-28,7.8964233
2021-06-29,1.3570786
2021-06-30,0.03159046
2021-07-01,0.008702278
2021-07-02,0.04079938
2021-07-03,5.3253174
2021-07-04,5.580902
2021-07-05,4.2495728
2021-07-06,2.2277832
2021-07-07,7.6522827
2021-07-08,0.66423416
2021-07-09,0.26988983
2021-07-10,0.042259693
2021-07-11,7.133484
2021-07-12,14.335632
2021-07-13,7.549286
2021-07-14,0.81539154
2021-07-15,0.42557716
2021-07-16,0.07492304
2021-07-17,0.0
2021-07-18,0.0017108396
2021-07-19,0.0
2021-07-20,0.0016093254
2021-07-21,0.0034868717
2021-07-22,0.0
2021-07-23,0.24604797
2021-07-24,0.52785873
2021-07-25,0.38146973
2021-07-26,0.3540516
2021-07-27,0.7443428
2021-07-28,0.17952919
2021-07-29,0.015586615
2021-07-30,0.18382072
2021-07-31,5.973816
2021-08-01,0.99372864
2021-08-02,0.34999847
2021-08-03,3.7345886
2021-08-04,10.856628
2021-08-05,0.70762634
2021-08-06,0.22983551
2021-08-07,0.7472038
2021-08-08,0.25820732
2021-08-09,1.0910034
2021-08-10,0.11652708
2021-08-11,0.0017164275
2021-08-12,6.542206
2021-08-13,0.00085821375
2021-08-14,0.002162531
2021-08-15,0.068068504
2021-08-16,0.5197525
2021-08-17,0.056266785
2021-08-18,0.010594726
2021-08-19,0.16188622
2021-08-20,0.0017229468
2021-08-21,0.0010160729
2021-08-22,0.006042421
2021-08-23,0.00043516047
2021-08-24,0.02360344
2021-08-25,0.0025965273
2021-08-26,0.0012982637
2021-08-27,0.0017173588
2021-08-28,0.00042608008
2021-08-29,0.0030118972
2021-08-30,0.00044098124
2021-08-31,0.00043516047
2021-09-01,0.5645752
2021-09-02,0.2593994
2021-09-03,4.421234
2021-09-04,0.7305145
2021-09-05,0.00016391277
2021-09-06,0.0017201528
2021-09-07,0.20182133
2021-09-08,24.291992
2021-09-09,9.239197
2021-09-10,1.537323
2021-09-11,0.003427267
2021-09-12,0.00011920929
2021-09-13,0.069618225
2021-09-14,2.5253296
2021-09-15,3.8337708
2021-09-16,0.7658005
2021-09-17,0.01411885
2021-09-18,15.12146
2021-09-19,0.9202957
2021-09-20,2.5196075
2021-09-21,0.374794
2021-09-22,0.00085216016
2021-09-23,0.0012870878
2021-09-24,0.00043516047
2021-09-25,2.8533936
2021-09-26,0.60892105
2021-09-27,0.0032484531
2021-09-28,1.6708374
2021-09-29,1.7271042
2021-09-30,0.00043516047
2021-10-01,0.91314316
2021-10-02,0.28157234
2021-10-03,8.895874
2021-10-04,0.09095669
2021-10-05,5.821228
2021-10-06,0.09995699
2021-10-07,0.0
2021-10-08,0.0
2021-10-09,0.0
2021-10-10,0.0034570694
2021-10-11,0.000864733
2021-10-12,0.00085216016
2021-10-13,0.00043516047
2021-10-14,0.0017248094
2021-10-15,0.00085216016
2021-10-16,0.0
2021-10-17,0.0017108396
2021-10-18,0.00087032095
2021-10-19,0.001299195
2021-10-20,2.8820038
2021-10-21,0.22268295
2021-10-22,0.8254051
2021-10-23,0.00085821375
2021-10-24,0.0
2021-10-25,4.1503906
2021-10-26,0.11652708
2021-10-27,0.0017164275
2021-10-28,0.0
2021-10-29,3.2615662
2021-10-30,2.6893616
2021-10-31,6.4926147
2021-11-01,7.675171
2021-11-02,11.0321045
2021-11-03,5.5236816
2021-11-04,0.0041797757
2021-11-05,0.66137314
2021-11-06,0.00042608008
2021-11-07,0.5569458
2021-11-08,0.18775463
2021-11-09,0.0025704503
2021-11-10,0.0025629997
2021-11-11,0.67424774
2021-11-12,0.0030063093
2021-11-13,0.5493164
2021-11-14,1.783371
2021-11-15,0.5545616
2021-11-16,0.11152029
2021-11-17,0.21827221
2021-11-18,0.008694828
2021-11-19,0.00085216016
2021-11-20,0.0012889504
2021-11-21,0.06198883
2021-11-22,0.042021275
2021-11-23,0.0025387853
2021-11-24,8.270264
2021-11-25,6.816864
2021-11-26,1.247406
2021-11-27,4.360199
2021-11-28,0.60606
2021-11-29,0.3964901
2021-11-30,0.032752752
2021-12-01,9.468079
2021-12-02,0.85639954
2021-12-03,1.0576248
2021-12-04,11.123657
2021-12-05,1.9683838
2021-12-06,0.29802322
2021-12-07,19.02771
2021-12-08,7.255554
2021-12-09,15.838623
2021-12-10,6.958008
2021-12-11,0.124812126
2021-12-12,0.19061565
2021-12-13,0.00087032095
2021-12-14,0.0029988587
2021-12-15,0.018298626
2021-12-16,0.0
2021-12-17,0.00043516047
2021-12-18,0.0
2021-12-19,0.0
2021-12-20,0.028118491
2021-12-21,0.007532537
2021-12-22,0.00043516047
2021-12-23,0.020354986
2021-12-24,0.0081807375
2021-12-25,2.9125214
2021-12-26,1.332283
2021-12-27,19.40918
2021-12-28,5.6648254
2021-12-29,0.51021576
2021-12-30,0.002996996
2021-12-31,0.00085216016
2022-01-01,0.0017229468
2022-01-02,0.00086426735
2022-01-03,0.048279762
2022-01-04,1.5945435
2022-01-05,0.01886487
2022-01-06,0.00043516047
2022-01-07,1.3303757
2022-01-08,6.919861
2022-01-09,18.508911
2022-01-10,15.869141
2022-01-11,0.0012908131
2022-01-12,0.0
2022-01-13,0.0012852252
2022-01-14,0.0021476299
2022-01-15,0.0
2022-01-16,0.18334389
2022-01-17,0.00526011
2022-01-18,0.2655983
2022-01-19,0.8945465
2022-01-20,2.1209717
2022-01-21,0.000864733
2022-01-22,0.0012908131
2022-01-23,0.00085216016
2022-01-24,0.00085216016
2022-01-25,0.00085216016
2022-01-26,0.0074505806
2022-01-27,0.0026170164
2022-01-28,0.006429851
2022-01-29,0.02925098
2022-01-30,0.33402443
2022-01-31,0.53167343
2022-02-01,0.08302927
2022-02-02,0.44488907
2022-02-03,0.12660027
2022-02-04,0.32162666
2022-02-05,0.13196468
2022-02-06,0.048547983
2022-02-07,1.0175705
2022-02-08,0.00043516047
2022-02-09,0.0038668513
2022-02-10,0.12648106
2022-02-11,0.9994507
2022-02-12,0.0
2022-02-13,2.1858215
2022-02-14,4.299164
2022-02-15,3.255844
2022-02-16,5.0239563
2022-02-17,1.1444092
2022-02-18,0.39315224
2022-02-19,0.1603365
2022-02-20,0.1386404
2022-02-21,1.6117096
2022-02-22,0.012122095
2022-02-23,0.00087032095
2022-02-24,0.15103817
2022-02-25,0.00085216016
2022-02-26,0.00043516047
2022-02-27,0.0009117648
2022-02-28,0.00087032095
2022-03-01,0.014424324
2022-03-02,3.3721924
2022-03-03,0.7119179
2022-03-04,4.8561096
2022-03-05,0.6251335
2022-03-06,0.55742264
2022-03-07,0.002156943
2022-03-08,3.6411285
2022-03-09,0.23126602
2022-03-10,3.6888123
2022-03-11,6.7481995
2022-03-12,1.4772415
2022-03-13,7.030487
2022-03-14,2.6569366
2022-03-15,2.6760101
2022-03-16,0.47016144
2022-03-17,5.870819
2022-03-18,0.07736683
2022-03-19,0.00085216016
2022-03-20,0.008076429
2022-03-21,0.12564659
2022-03-22,0.00043516047
2022-03-23,0.0017192215
2022-03-24,0.0017145649
2022-03-25,0.0017117709
2022-03-26,0.0
2022-03-27,0.0021345913
2022-03-28,0.0
2022-03-29,2.0866394
2022-03-30,2.714157
2022-03-31,3.2806396
2022-04-01,1.0318756
2022-04-02,0.047951937
2022-04-03,0.30970573
2022-04-04,0.0017285347
2022-04-05,0.0041276217
2022-04-06,0.3285408
2022-04-07,5.3367615
2022-04-08,0.54597855
2022-04-09,0.1450777
2022-04-10,0.0
2022-04-11,0.00097136945
2022-04-12,6.023407
2022-04-13,4.7187805
2022-04-14,0.012233853
2022-04-15,0.0013038516
2022-04-16,0.00085216016
2022-04-17,0.00085216016
2022-04-18,0.005532056
2022-04-19,7.12204
2022-04-20,16.067505
2022-04-21,2.0599365
2022-04-22,0.623703
2022-04-23,24.169922
2022-04-24,2.735138
2022-04-25,0.08499622
2022-04-26,0.0033620745
2022-04-27,2.8038025
2022-04-28,7.610321
2022-04-29,0.17523766
2022-04-30,0.2670288
2022-05-01,0.0
2022-05-02,0.07021427
2022-05-03,0.09870529
2022-05-04,0.0008600764
2022-05-05,0.01643598
2022-05-06,0.07677078
2022-05-07,0.18882751
2022-05-08,0.0017108396
2022-05-09,0.00085216016
2022-05-10,0.00044098124
2022-05-11,0.4272461
2022-05-12,8.094788
2022-05-13,0.28181076
2022-05-14,0.0017192215
2022-05-15,5.7640076
2022-05-16,0.0021792948
2022-05-17,0.01809001
2022-05-18,0.910759
2022-05-19,0.12135506
2022-05-20,0.0
2022-05-21,0.0017108396
2022-05-22,2.111435
2022-05-23,1.6899109
2022-05-24,0.7791519
2022-05-25,0.49352646
2022-05-26,0.7004738
2022-05-27,0.020563602
2022-05-28,0.00043516047
2022-05-29,0.0012898818
2022-05-30,0.046610832
2022-05-31,0.5583763
2022-06-01,1.4362335
2022-06-02,2.1686554
2022-06-03,6.149292
2022-06-04,1.1644363
2022-06-05,0.7548332
2022-06-06,2.0599365
2022-06-07,0.23245811
2022-06-08,17.410278
2022-06-09,0.4222393
2022-06-10,0.000863336
2022-06-11,0.22554398
2022-06-12,1.5134811
2022-06-13,0.44322014
2022-06-14,0.3232956
2022-06-15,0.00043516047
2022-06-16,0.0
2022-06-17,0.00087032095
2022-06-18,1.1167526
2022-06-19,4.184723
2022-06-20,0.5760193
2022-06-21,8.277893
2022-06-22,11.169434
2022-06-23,7.3509216
2022-06-24,2.3994446
2022-06-25,2.6512146
2022-06-26,10.574341
2022-06-27,1.7118454
2022-06-28,0.0017164275
2022-06-29,6.3171387
2022-06-30,18.64624
2022-07-01,0.002168119
2022-07-02,0.0
2022-07-03,10.84137
2022-07-04,5.2261353
2022-07-05,0.0021662563
2022-07-06,0.00043516047
2022-07-07,0.00044400804
2022-07-08,0.0012870878
2022-07-09,0.0030063093
2022-07-10,0.0012908131
2022-07-11,0.0
2022-07-12,0.0012814999
2022-07-13,0.0017173588
2022-07-14,0.00086287037
2022-07-15,0.00043516047
2022-07-16,0.0008554198
2022-07-17,0.0017229468
2022-07-18,0.0
2022-07-19,2.6569366
2022-07-20,2.1839142
2022-07-21,0.0017341226
2022-07-22,1.2598038
2022-07-23,0.031739473
2022-07-24,0.0008670613
2022-07-25,0.14054775
2022-07-26,0.040203333
2022-07-27,0.002156943
2022-07-28,0.0017164275
2022-07-29,0.056385994
2022-07-30,0.0034365803
2022-07-31,0.00085821375
2022-08-01,0.0017192215
2022-08-02,0.0012814999
2022-08-03,0.109791756
2022-08-04,2.0313263
2022-08-05,2.0923615
2022-08-06,0.02361834
2022-08-07,0.00083772466
2022-08-08,0.0
2022-08-09,0.0021439046
2022-08-10,0.00044098124
2022-08-11,0.28419495
2022-08-12,0.00042910688
2022-08-13,0.03299117
2022-08-14,3.0002594
2022-08-15,0.059127808
2022-08-16,1.074791
2022-08-17,3.4236908
2022-08-18,0.24938583
2022-08-19,0.049322844
2022-08-20,0.0017043203
2022-08-21,0.35095215
2022-08-22,1.2435913
2022-08-23,0.012010336
2022-08-24,0.002462417
2022-08-25,0.22506714
2022-08-26,0.29850006
2022-08-27,0.0
2022-08-28,0.00042608008
2022-08-29,5.4130554
2022-08-30,0.43177605
2022-08-31,0.23424625
2022-09-01,0.61511993
2022-09-02,14.656067
2022-09-03,0.10287762
2022-09-04,0.0024754554
2022-09-05,0.043421984
2022-09-06,0.046044588
2022-09-07,0.10424852
2022-09-08,0.7390976
2022-09-09,0.4749298
2022-09-10,0.003926456
2022-09-11,0.0008600764
2022-09-12,1.3380051
2022-09-13,0.8544922
2022-09-14,5.2223206
2022-09-15,0.2872944
2022-09-16,0.0218153
2022-09-17,0.0017276034
2022-09-18,0.00085821375
2022-09-19,0.0030007213
2022-09-20,0.0
2022-09-21,0.0
2022-09-22,0.0017136335
2022-09-23,0.12946129
2022-09-24,0.70619583
2022-09-25,0.29468536
2022-09-26,3.1147003
2022-09-27,6.629944
2022-09-28,2.626419
2022-09-29,12.718201
2022-09-30,0.029802322
2022-10-01,0.4081726
2022-10-02,0.55360794
2022-10-03,0.0012759119
2022-10-04,0.0017229468
2022-10-05,0.0017024577
2022-10-06,0.027507544
2022-10-07,0.12040138
2022-10-08,3.2787323
2022-10-09,0.001299195
2022-10-10,0.1270771
2022-10-11,2.1743774
2022-10-12,0.3156662
2022-10-13,6.87027
2022-10-14,0.40340424
2022-10-15,0.0021457672
2022-10-16,0.0020544976
2022-10-17,16.906738
2022-10-18,0.001299195
2022-10-19,0.7739067
2022-10-20,8.232117
2022-10-21,3.025055
2022-10-22,0.25129318
2022-10-23,0.35572052
2022-10-24,0.01065433
2022-10-25,0.6599426
2022-10-26,0.0
2022-10-27,0.04351139
2022-10-28,0.33402443
2022-10-29,0.0012787059
2022-10-30,3.9596558
2022-10-31,4.764557
2022-11-01,0.011384487
2022-11-02,0.015407801
2022-11-03,1.7175674
2022-11-04,7.575989
2022-11-05,0.00085355714
2022-11-06,0.045210123
2022-11-07,0.00043516047
2022-11-08,1.5039444
2022-11-09,4.7798157
2022-11-10,0.002577901
2022-11-11,0.00043516047
2022-11-12,0.0025685877
2022-11-13,0.00043516047
2022-11-14,4.764557
2022-11-15,5.760193
2022-11-16,1.958847
2022-11-17,2.2201538
2022-11-18,7.2250366
2022-11-19,4.0397644
2022-11-20,0.92315674
2022-11-21,13.679504
2022-11-22,10.223389
2022-11-23,7.5035095
2022-11-24,0.5135536
2022-11-25,7.461548
2022-11-26,0.0
2022-11-27,5.9547424
2022-11-28,8.148193
2022-11-29,0.213027
2022-11-30,0.00043516047
2022-12-01,0.0066123903
2022-12-02,0.40912628
2022-12-03,1.8224716
2022-12-04,0.8940697
2022-12-05,0.001293607
2022-12-06,0.00085681677
2022-12-07,0.0
2022-12-08,2.817154
2022-12-09,4.611969
2022-12-10,0.0027474016
2022-12-11,0.00087032095
2022-12-12,11.741638
2022-12-13,2.2602081
2022-12-14,1.2788773
2022-12-15,7.030487
2022-12-16,4.005432
2022-12-17,0.0017201528
2022-12-18,0.0021457672
2022-12-19,0.6585121
2022-12-20,3.3016205
2022-12-21,1.2073517
2022-12-22,4.589081
2022-12-23,1.3685226
2022-12-24,0.0020805746
2022-12-25,0.0017089769
2022-12-26,2.067566
2022-12-27,0.035703182
2022-12-28,0.895977
2022-12-29,10.864258
2022-12-30,2.5234222
2022-12-31,0.0017108396
2023-01-01,0.0008819625
2023-01-02,3.665924
2023-01-03,0.0017164275
2023-01-04,0.05185604
2023-01-05,0.11050701
2023-01-06,0.040113926
2023-01-07,9.483337
2023-01-08,12.527466
2023-01-09,3.320694
2023-01-10,0.0949502
2023-01-11,3.3721924
2023-01-12,0.025615096
2023-01-13,0.34546852
2023-01-14,0.022292137
2023-01-15,4.09317
2023-01-16,17.425537
2023-01-17,11.924744
2023-01-18,3.74794
2023-01-19,16.036987
2023-01-20,0.014252961
2023-01-21,0.52785873
2023-01-22,0.0046640635
2023-01-23,0.00859797
2023-01-24,0.011220574
2023-01-25,0.23245811
2023-01-26,0.23281574
2023-01-27,0.5927086
2023-01-28,0.0551939
2023-01-29,0.0012861565
2023-01-30,0.0061504543
2023-01-31,0.27561188
2023-02-01,0.033050776
2023-02-02,0.004362315
2023-02-03,0.0
2023-02-04,0.022545457
2023-02-05,0.046670437
2023-02-06,0.00043516047
2023-02-07,0.39362907
2023-02-08,0.00042608008
2023-02-09,0.0012814999
2023-02-10,0.00085216016
2023-02-11,0.0008549541
2023-02-12,0.0
2023-02-13,0.0
2023-02-14,0.0008507632
2023-02-15,0.0030118972
2023-02-16,0.0
2023-02-17,0.0050365925
2023-02-18,0.0021532178
2023-02-19,0.022694468
2023-02-20,0.00087032095
2023-02-21,0.6451607
2023-02-22,5.4130554
2023-02-23,24.749756
2023-02-24,7.255554
2023-02-25,0.0030696392
2023-02-26,0.00085216016
2023-02-27,0.39052963
2023-02-28,0.0027306378
2023-03-01,0.00085821375
2023-03-02,0.0024735928
2023-03-03,0.00085216016
2023-03-04,0.10895729
2023-03-05,0.00043516047
2023-03-06,0.0029895455
2023-03-07,8.880615
2023-03-08,6.855011
2023-03-09,3.622055
2023-03-10,10.902405
2023-03-11,12.863159
2023-03-12,0.65755844
2023-03-13,2.035141
2023-03-14,4.776001
2023-03-15,0.83112717
2023-03-16,0.00085821375
2023-03-17,3.0136108
2023-03-18,6.5345764
2023-03-19,1.080513
2023-03-20,0.055462122
2023-03-21,0.13768673
2023-03-22,0.09840727
2023-03-23,0.45704842
2023-03-24,3.0784607
2023-03-25,0.23829937
2023-03-26,4.7836304
2023-03-27,0.056147575
2023-03-28,0.0
2023-03-29,0.00085216016
2023-03-30,0.016197562
2023-03-31,2.0332336
2023-04-01,1.6040802
2023-04-02,0.69093704
2023-04-03,0.6079674
2023-04-04,0.0
2023-04-05,0.00085216016
2023-04-06,0.15497208
2023-04-07,0.00085728243
2023-04-08,0.0021439046
2023-04-09,0.0012814999
2023-04-10,0.009849668
2023-04-11,0.06681681
2023-04-12,4.9057007
2023-04-13,8.44574
2023-04-14,5.8021545
2023-04-15,0.016108155
2023-04-16,0.004339963
2023-04-17,0.026017427
2023-04-18,0.0692606
2023-04-19,0.0026375055
2023-04-20,0.010877848
2023-04-21,1.6546249
2023-04-22,9.422302
2023-04-23,4.558563
2023-04-24,3.736496
2023-04-25,3.8146973
2023-04-26,1.0900497
2023-04-27,0.26607513
2023-04-28,0.35524368
2023-04-29,4.196167
2023-04-30,2.9087067
2023-05-01,0.80251694
2023-05-02,0.00043516047
2023-05-03,0.0
2023-05-04,0.19443035
2023-05-05,0.8406639
2023-05-06,3.1871796
2023-05-07,1.2073517
2023-05-08,0.21386147
2023-05-09,7.3776245
2023-05-10,0.74481964
2023-05-11,3.7326813
2023-05-12,2.626419
2023-05-13,0.58841705
2023-05-14,0.9880066
2023-05-15,3.879547
2023-05-16,2.090454
2023-05-17,0.0017043203
2023-05-18,0.0
2023-05-19,0.04965067
2023-05-20,0.7162094
2023-05-21,4.009247
2023-05-22,3.0460358
2023-05-23,2.3517609
2023-05-24,0.24580956
2023-05-25,0.03528595
2023-05-26,0.0016866252
2023-05-27,0.21243095
2023-05-28,1.3637543
2023-05-29,0.12373924
2023-05-30,0.0885725
2023-05-31,0.0021010637
2023-06-01,1.5106201
2023-06-02,0.17523766
2023-06-03,6.0806274
2023-06-04,6.2789917
2023-06-05,0.2989769
2023-06-06,3.6506653
2023-06-07,0.0017164275
2023-06-08,0.23889542
2023-06-09,16.296387
2023-06-10,8.06427
2023-06-11,0.36525726
2023-06-12,1.0681152
2023-06-13,1.5163422
2023-06-14,0.0052526593
2023-06-15,0.15509129
2023-06-16,0.002142042
2023-06-17,12.954712
2023-06-18,15.434265
2023-06-19,17.730713
2023-06-20,11.604309
2023-06-21,13.870239
2023-06-22,7.507324
2023-06-23,0.0029988587
2023-06-24,0.0017229468
2023-06-25,0.0012852252
2023-06-26,0.017404556
2023-06-27,0.00042608008
2023-06-28,0.00085821375
2023-06-29,0.052273273
2023-06-30,0.7004738
2023-07-01,4.6043396
2023-07-02,0.65231323
2023-07-03,0.033199787
2023-07-04,0.5187988
2023-07-05,1.6002655
2023-07-06,0.0013587996
2023-07-07,1.2350082
2023-07-08,0.017672777
2023-07-09,4.3258667
2023-07-10,0.0013476238
2023-07-11,0.0053420663
2023-07-12,1.115799
2023-07-13,0.0017276034
2023-07-14,0.04220009
2023-07-15,1.4638901
2023-07-16,0.0
2023-07-17,0.00085216016
2023-07-18,0.0012842938
2023-07-19,0.0025629997
2023-07-20,0.0017229468
2023-07-21,0.04479289
2023-07-22,0.0012814999
2023-07-23,1.581192
2023-07-24,2.4261475
2023-07-25,0.089764595
2023-07-26,0.97227097
2023-07-27,0.00044098124
2023-07-28,0.24080276
2023-07-29,1.2388229
2023-07-30,0.0009834766
2023-07-31,0.00085216016
2023-08-01,1.2655258
2023-08-02,1.4286041
2023-08-03,1.4867783
2023-08-04,0.4043579
2023-08-05,0.54216385
2023-08-06,0.05605817
2023-08-07,0.0008465722
2023-08-08,0.00085821375
2023-08-09,0.0021457672
2023-08-10,0.00010430813
2023-08-11,0.036150217
2023-08-12,0.15759468
2023-08-13,0.011950731
2023-08-14,10.124207
2023-08-15,0.09560585
2023-08-16,8.300781
2023-08-17,0.11831522
2023-08-18,0.011339784
2023-08-19,0.0
2023-08-20,0.00043516047
2023-08-21,0.00087032095
2023-08-22,0.00085216016
2023-08-23,0.85926056
2023-08-24,0.0021457672
2023-08-25,0.43272972
2023-08-26,4.0779114
2023-08-27,0.19013882
2023-08-28,0.8444786
2023-08-29,0.17559528
2023-08-30,0.33187866
2023-08-31,0.29277802
2023-09-01,0.058621168
2023-09-02,6.061554
2023-09-03,0.00085216016
2023-09-04,0.002142042
2023-09-05,0.0
2023-09-06,0.0
2023-09-07,0.00085216016
2023-09-08,0.0
2023-09-09,0.0034365803
2023-09-10,0.101447105
2023-09-11,2.0008087
2023-09-12,8.666992
2023-09-13,0.7557869
2023-09-14,0.0018272549
2023-09-15,2.07901
2023-09-16,0.5521774
2023-09-17,6.2561035
2023-09-18,2.1305084
2023-09-19,0.00085821375
2023-09-20,0.0048726797
2023-09-21,12.710571
2023-09-22,5.7907104
2023-09-23,0.24294853
2023-09-24,0.0
2023-09-25,0.00086426735
2023-09-26,0.00042608008
2023-09-27,0.0
2023-09-28,0.0
2023-09-29,0.036984682
2023-09-30,0.0017182902
2023-10-01,0.00044098124
2023-10-02,0.0
2023-10-03,0.09167194
2023-10-04,0.0
2023-10-05,0.0017108396
2023-10-06,0.0
2023-10-07,0.0
2023-10-08,0.00085821375
2023-10-09,0.00085216016
2023-10-10,0.006914139
2023-10-11,0.0
2023-10-12,0.00085216016
2023-10-13,0.22542477
2023-10-14,0.44727325
2023-10-15,0.0012870878
2023-10-16,0.00086054206
2023-10-17,0.0017229468
2023-10-18,8.003235
2023-10-19,17.791748
2023-10-20,8.079529
2023-10-21,1.8882751
2023-10-22,0.0076293945
2023-10-23,17.440796
2023-10-24,3.8337708
2023-10-25,8.94928
2023-10-26,22.842407
2023-10-27,6.591797
2023-10-28,1.2836456
2023-10-29,13.320923
2023-10-30,10.96344
2023-10-31,2.1953583
2023-11-01,6.0577393
2023-11-02,14.49585
2023-11-03,15.220642
2023-11-04,17.959595
2023-11-05,8.255005
2023-11-06,3.8394928
2023-11-07,0.5040169
2023-11-08,1.7118454
2023-11-09,17.990112
2023-11-10,7.3051453
2023-11-11,13.412476
2023-11-12,3.1433105
2023-11-13,0.8621216
2023-11-14,1.0480881
2023-11-15,0.16582012
2023-11-16,1.9626617
2023-11-17,0.3299713
2023-11-18,0.00043516047
2023-11-19,0.07838011
2023-11-20,0.6814003
2023-11-21,1.3093948
2023-11-22,0.74243546
2023-11-23,0.0577271
2023-11-24,0.7429123
2023-11-25,0.054895878
2023-11-26,0.0017127022
2023-11-27,6.668091
2023-11-28,0.75387955
2023-11-29,16.571045
2023-11-30,19.454956
2023-12-01,9.353638
2023-12-02,0.014543533
2023-12-03,0.08070469
2023-12-04,6.378174
2023-12-05,1.6269684
2023-12-06,0.00086426735
2023-12-07,13.397217
2023-12-08,6.839752
2023-12-09,2.5691986
2023-12-10,6.3056946
2023-12-11,6.4697266
2023-12-12,9.918213
2023-12-13,5.3367615
2023-12-14,1.6088486
2023-12-15,1.6155243
2023-12-16,0.009551644
2023-12-17,0.0069849193
2023-12-18,0.077188015
2023-12-19,0.8940697
2023-12-20,1.9512177
2023-12-21,0.8096695
2023-12-22,1.2016296
2023-12-23,0.31495094
2023-12-24,0.23066998
2023-12-25,0.012084842
2023-12-26,0.0025816262
2023-12-27,0.0047273934
2023-12-28,1.2149811
2023-12-29,1.3380051
2023-12-30,0.05942583
2023-12-31,4.306793
2024-01-01,3.6373138
2024-01-02,1.6841888
2024-01-03,0.21409988
2024-01-04,0.6313324
2024-01-05,5.622864
2024-01-06,0.059247017
2024-01-07,0.038534403
2024-01-08,0.046610832
2024-01-09,0.001301989
2024-01-10,3.7555695
2024-01-11,0.4787445
2024-01-12,0.025182962
2024-01-13,0.0
2024-01-14,0.0602901
2024-01-15,5.04303
2024-01-16,1.1281967
2024-01-17,1.543045
2024-01-18,11.306763
2024-01-19,0.0
2024-01-20,0.0
2024-01-21,0.10985136
2024-01-22,3.2024384
2024-01-23,0.061035156
2024-01-24,0.72288513
2024-01-25,0.013843179
2024-01-26,0.094890594
2024-01-27,0.0021457672
2024-01-28,0.00043516047
2024-01-29,0.002142042
2024-01-30,0.00085821375
2024-01-31,0.00043516047
2024-02-01,0.79345703
2024-02-02,0.018641353
2024-02-03,0.0017145649
2024-02-04,0.003863126
2024-02-05,0.16593933
2024-02-06,0.072300434
2024-02-07,2.9335022
2024-02-08,1.127243
2024-02-09,6.614685
2024-02-10,12.886047
2024-02-11,3.7975311
2024-02-12,9.727478
2024-02-13,0.0
2024-02-14,0.033438206
2024-02-15,6.42395
2024-02-16,2.7561188
2024-02-17,0.0067315996
2024-02-18,0.5545616
2024-02-19,0.7529259
2024-02-20,0.18191338
2024-02-21,0.16331673
2024-02-22,3.5533905
2024-02-23,6.4964294
2024-02-24,3.5629272
2024-02-25,24.765015
2024-02-26,7.0114136
2024-02-27,1.8091202
2024-02-28,0.0024437904
2024-02-29,2.0198822
2024-03-01,6.175995
2024-03-02,12.1536255
2024-03-03,1.2636185
2024-03-04,4.722595
2024-03-05,5.79834
2024-03-06,5.847931
2024-03-07,0.00085216016
2024-03-08,13.809204
2024-03-09,6.7329407
2024-03-10,3.982544
2024-03-11,5.2871704
2024-03-12,0.30088425
2024-03-13,0.00086426735
2024-03-14,0.00085216016
2024-03-15,3.7727356
2024-03-16,0.24342537
2024-03-17,0.12564659
2024-03-18,1.6670227
2024-03-19,0.003427267
2024-03-20,0.00011920929
2024-03-21,0.012740493
2024-03-22,0.12898445
2024-03-23,0.3285408
2024-03-24,1.1796951
2024-03-25,9.735107
2024-03-26,19.592285
2024-03-27,3.7193298
2024-03-28,1.367569
2024-03-29,28.030396
2024-03-30,2.090454
2024-03-31,16.448975
2024-04-01,1.7223358
2024-04-02,2.2525787
2024-04-03,0.2629757
2024-04-04,0.0025127083
2024-04-05,0.00043516047
2024-04-06,0.0012870878
2024-04-07,3.0403137
2024-04-08,8.026123
2024-04-09,3.2749176
2024-04-10,0.33164024
2024-04-11,0.0
2024-04-12,0.0
2024-04-13,0.0017229468
2024-04-14,0.00085821375
2024-04-15,0.3182888
2024-04-16,1.0175705
2024-04-17,0.3426075
2024-04-18,0.44226646
2024-04-19,0.00085216016
2024-04-20,0.0
2024-04-21,0.0
2024-04-22,0.14925003
2024-04-23,0.05993247
2024-04-24,1.253128
2024-04-25,1.4381409
2024-04-26,10.551453
2024-04-27,9.941101
2024-04-28,0.5054474
2024-04-29,0.24938583
2024-04-30,1.0271072
2024-05-01,8.308411
2024-05-02,2.2659302
2024-05-03,2.7008057
2024-05-04,11.619568
2024-05-05,11.558533
2024-05-06,2.5081635
2024-05-07,4.840851
2024-05-08,0.05939603
2024-05-09,0.0
2024-05-10,0.0017108396
2024-05-11,0.12600422
2024-05-12,10.635376
2024-05-13,27.679443
2024-05-14,14.961243
2024-05-15,6.4353943
2024-05-16,6.1531067
2024-05-17,1.5106201
2024-05-18,0.4439354
2024-05-19,1.1434555
2024-05-20,10.292053
2024-05-21,3.2463074
2024-05-22,1.1873245
2024-05-23,5.1956177
2024-05-24,0.47063828
2024-05-25,0.22101402
2024-05-26,0.6175041
2024-05-27,0.025734305
2024-05-28,0.0
2024-05-29,0.13744831
2024-05-30,0.68998337
2024-05-31,0.10955334
2024-06-01,1.3160706
2024-06-02,0.6132126
2024-06-03,0.052273273
2024-06-04,0.0
2024-06-05,0.0
2024-06-06,1.6107559
2024-06-07,2.8762817
2024-06-08,8.583069
2024-06-09,4.688263
2024-06-10,0.0011352822
2024-06-11,0.8444786
2024-06-12,0.020846725
2024-06-13,1.958847
2024-06-14,15.151978
2024-06-15,0.5283356
2024-06-16,0.18966198
2024-06-17,2.2850037
2024-06-18,6.9389343
2024-06-19,13.244629
2024-06-20,13.000488
2024-06-21,3.1013489
2024-06-22,1.5716553
2024-06-23,0.22006035
2024-06-24,0.022292137
2024-06-25,0.0017108396
2024-06-26,0.00044098124
2024-06-27,1.1043549
2024-06-28,1.0309219
2024-06-29,20.324707
2024-06-30,0.4439354
2024-07-01,0.5159378
2024-07-02,0.64468384
2024-07-03,0.04339218
2024-07-04,0.58555603
2024-07-05,12.329102
2024-07-06,26.809692
2024-07-07,0.18656254
2024-07-08,0.00085821375
2024-07-09,1.584053
2024-07-10,0.28681755
2024-07-11,3.8051605
2024-07-12,0.78105927
2024-07-13,0.0017136335
2024-07-14,0.0009178184
2024-07-15,0.96416473
2024-07-16,0.11605024
2024-07-17,0.0
2024-07-18,0.00085216016
2024-07-19,0.0021401793
2024-07-20,6.412506
2024-07-21,6.2561035
2024-07-22,0.0048317015
2024-07-23,0.0
2024-07-24,0.013902783
2024-07-25,0.0017108396
2024-07-26,0.0
2024-07-27,0.05674362
2024-07-28,0.7624626
2024-07-29,0.002142042
2024-07-30,0.055283308
2024-07-31,0.08755922
2024-08-01,0.099897385
2024-08-02,0.00085216016
2024-08-03,0.027731061
2024-08-04,0.0
2024-08-05,0.0
2024-08-06,0.0017136335
2024-08-07,0.37837029
2024-08-08,0.0
2024-08-09,0.0
2024-08-10,0.0
2024-08-11,0.00085821375
2024-08-12,0.07921457
2024-08-13,2.6130676
2024-08-14,5.5770874
2024-08-15,0.33140182
2024-08-16,0.00085821375
2024-08-17,8.117676
2024-08-18,0.07331371
2024-08-19,0.01218915
2024-08-20,0.006996095
2024-08-21,0.007897615
2024-08-22,0.0012842938
2024-08-23,0.019535422
2024-08-24,1.7242432
2024-08-25,0.004608184
2024-08-26,0.0
2024-08-27,0.0
2024-08-28,0.0048801303
2024-08-29,0.4684925
2024-08-30,1.5649796
2024-08-31,13.114929
2024-09-01,5.760193
2024-09-02,1.2302399
2024-09-03,6.8893433
2024-09-04,0.43725967
2024-09-05,0.22804737
2024-09-06,18.463135
2024-09-07,9.666443
2024-09-08,6.3591003
2024-09-09,0.8802414
2024-09-10,0.2837181
2024-09-11,2.7618408
2024-09-12,0.10186434
2024-09-13,0.0017285347
2024-09-14,0.00043935142
2024-09-15,0.003002584
2024-09-16,0.00042608008
2024-09-17,0.031799078
2024-09-18,0.07605553
2024-09-19,0.0025816262
2024-09-20,1.3980865
2024-09-21,5.7373047
2024-09-22,9.025574
2024-09-23,5.580902
2024-09-24,8.31604
2024-09-25,5.947113
2024-09-26,16.830444
2024-09-27,5.6114197
2024-09-28,0.08100271
2024-09-29,1.0099411
2024-09-30,1.9216537
2024-10-01,3.9024353
2024-10-02,0.0040717423
2024-10-03,0.21290779
2024-10-04,0.00043516047
2024-10-05,8.590698
2024-10-06,4.7302246
2024-10-07,12.481689
2024-10-08,1.1920929
2024-10-09,6.916046
2024-10-10,1.8186569
2024-10-11,0.01938641
2024-10-12,2.1247864
2024-10-13,0.06604195
2024-10-14,0.90265274
2024-10-15,1.6393661
2024-10-16,4.0740967
2024-10-17,28.015137
2024-10-18,8.308411
2024-10-19,2.117157
2024-10-20,0.2361536
2024-10-21,0.0035259873
2024-10-22,0.16391277
2024-10-23,0.00085821375
2024-10-24,0.00085821375
2024-10-25,11.779785
2024-10-26,13.847351
2024-10-27,0.3566742
2024-10-28,0.0436306
2024-10-29,0.37145615
2024-10-30,0.0
2024-10-31,0.0
2024-11-01,0.00085216016
2024-11-02,0.0008614734
2024-11-03,0.002577901
2024-11-04,0.019669533
2024-11-05,0.0017164275
2024-11-06,0.09691715
2024-11-07,0.00085216016
2024-11-08,0.00085216016
2024-11-09,5.077362
2024-11-10,0.40864944
2024-11-11,0.14615059
2024-11-12,1.5897751
2024-11-13,0.32186508
2024-11-14,0.00042608008
2024-11-15,0.00043516047
2024-11-16,0.00085216016
2024-11-17,0.06490946
2024-11-18,0.1180768
2024-11-19,6.3591003
2024-11-20,11.154175
2024-11-21,14.907837
2024-11-22,0.11444092
2024-11-23,0.00086426735
2024-11-24,0.0
2024-11-25,7.270813
2024-11-26,0.1718998
2024-11-27,0.0
2024-11-28,0.0017189886
2024-11-29,0.0012933742
2024-11-30,0.05748868
2024-12-01,0.0042915344
2024-12-02,6.6771507
2024-12-03,1.3875961
2024-12-04,0.0021466985
2024-12-05,5.8250427
2024-12-06,1.7305613
2024-12-07,10.584831
2024-12-08,0.49835443
2024-12-09,1.6272068
2024-12-10,0.31772256
2024-12-11,0.0013709068
2024-12-12,0.00257371
2024-12-13,0.4015565
2024-12-14,1.0559559
2024-12-15,0.039309263
2024-12-16,0.0004261674
2024-12-17,0.00085966894
2024-12-18,0.14814734
2024-12-19,17.10701
2024-12-20,1.5574694
2024-12-21,8.024216
2024-12-22,3.0379295
2024-12-23,0.071018934
2024-12-24,2.0735264
2024-12-25,0.0021457672
2024-12-26,0.056125224
2024-12-27,0.012802891
2024-12-28,0.0
2024-12-29,0.023284927
2024-12-30,0.009441748
2024-12-31,0.0131726265
2025-01-01,0.006198883
2025-01-02,5.0816536
2025-01-03,8.630753
2025-01-04,2.285719
2025-01-05,0.26535988
2025-01-06,1.042366
2025-01-07,8.397102
2025-01-08,2.9449463
2025-01-09,2.789259
2025-01-10,8.067131
2025-01-11,5.215168
2025-01-12,0.0
2025-01-13,0.00086129876
2025-01-14,0.0012755627
2025-01-15,0.0012814999
2025-01-16,0.017389655
2025-01-17,0.00085833017
2025-01-18,0.006162096
2025-01-19,0.0060796738
2025-01-20,0.92184544
2025-01-21,1.9974709
2025-01-22,5.065918
2025-01-23,0.42241812
2025-01-24,0.0022398308
2025-01-25,3.2060146
2025-01-26,6.7868233
2025-01-27,18.753052
2025-01-28,8.767128
2025-01-29,4.091263
2025-01-30,1.1970997
2025-01-31,2.8221607
2025-02-01,5.683422
2025-02-02,0.002713874
2025-02-03,0.0017225975
2025-02-04,0.0034570694
2025-02-05,0.0008523348
2025-02-06,0.003003981
2025-02-07,8.227348
2025-02-08,0.5571842
2025-02-09,6.32143
2025-02-10,6.1588287
2025-02-11,1.9702911
2025-02-12,2.833128
2025-02-13,3.5440922
2025-02-14,1.0966063
2025-02-15,0.0017292332
2025-02-16,0.0030160882
2025-02-17,0.0008523348
2025-02-18,0.0
2025-02-19,0.0
2025-02-20,0.002577901
2025-02-21,0.19353628
2025-02-22,9.548187
2025-02-23,0.04522875
2025-02-24,2.0327568
2025-02-25,3.467083
2025-02-26,0.53840876
2025-02-27,0.4695654
2025-02-28,0.0018775463
2025-03-01,0.0008523348
2025-03-02,0.0017285347
2025-03-03,0.011533499
2025-03-04,0.22548437
2025-03-05,0.00043510227
2025-03-06,0.0
2025-03-07,0.04951656
2025-03-08,0.57023764
2025-03-09,15.206337
2025-03-10,0.07842481
2025-03-11,0.254035
2025-03-12,6.7243576
2025-03-13,0.8806586
2025-03-14,0.4401803
2025-03-15,0.45710802
2025-03-16,0.7367134
2025-03-17,0.0
2025-03-18,0.4350543
2025-03-19,0.24884939
2025-03-20,0.00043510227
2025-03-21,5.317211
2025-03-22,6.345272
2025-03-23,0.65886974
2025-03-24,1.1116266
2025-03-25,0.4016757
2025-03-26,0.5418062
2025-03-27,0.066921115
2025-03-28,0.880599
2025-03-29,0.089906156
2025-03-30,0.0092778355
2025-03-31,0.038135797
2025-04-01,0.0008518691
2025-04-02,9.9954605
2025-04-03,3.0808449
2025-04-04,0.09480119
2025-04-05,0.051483512
2025-04-06,0.29993057
2025-04-07,0.0008523348
2025-04-08,0.0
2025-04-09,0.00043510227
2025-04-10,0.0008523348
2025-04-11,0.34868717
2025-04-12,8.350372
2025-04-13,0.054780394
2025-04-14,7.0171356
2025-04-15,3.9625168
2025-04-16,1.2953281
2025-04-17,0.71662664
2025-04-18,2.0053387
2025-04-19,19.441605
2025-04-20,22.554398
2025-04-21,0.50622225
2025-04-22,1.4443398
2025-04-23,4.4727325
2025-04-24,0.32162666
2025-04-25,0.021785498
2025-04-26,4.2686462
2025-04-27,0.2808571
2025-04-28,0.10371953
2025-04-29,0.0
2025-04-30,0.0
2025-05-01,0.0017093262
2025-05-02,0.8581281
2025-05-03,6.5193176
2025-05-04,3.25799
2025-05-05,0.27018785
2025-05-06,0.8748174
2025-05-07,0.23166835
2025-05-08,0.10281801
2025-05-09,0.19685924
2025-05-10,12.475014
2025-05-11,2.7987957
2025-05-12,5.41687
2025-05-13,1.0129213
2025-05-14,0.7277727
2025-05-15,0.06754696
2025-05-16,0.0008523348
2025-05-17,0.0017166603
2025-05-18,0.0023157336
2025-05-19,11.404037
2025-05-20,0.5850792
2025-05-21,1.7261505
2025-05-22,0.07785857
2025-05-23,1.1184216
2025-05-24,0.0017046696
2025-05-25,0.3194511
2025-05-26,0.037550926
2025-05-27,0.06964803
2025-05-28,0.0
2025-05-29,0.0017732382
2025-05-30,0.0008046627
2025-05-31,0.06760657
2025-06-01,0.43594837
2025-06-02,11.279106
2025-06-03,5.094528
2025-06-04,2.5310516
2025-06-05,0.006482005
2025-06-06,1.5101433
2025-06-07,0.3347695
2025-06-08,0.124663115
2025-06-09,0.00087020453
2025-06-10,0.0008523348
2025-06-11,8.940697e-05
2025-06-12,2.3896694
2025-06-13,0.3876984
2025-06-14,1.563549
2025-06-15,7.0934296
2025-06-16,0.0012955861
2025-06-17,0.0
2025-06-18,0.001287437
2025-06-19,0.0
2025-06-20,0.0010251533
2025-06-21,0.0027776696
2025-06-22,0.018740073
2025-06-23,0.0069038942
2025-06-24,0.0012838282
2025-06-25,0.52142143
2025-06-26,0.11077523
2025-06-27,0.0
2025-06-28,0.0012923265
2025-06-29,0.0
2025-06-30,0.002184417
2025-07-01,0.0
2025-07-02,0.018749386
2025-07-03,1.6480684
2025-07-04,0.0008523348
2025-07-05,0.00043510227
2025-07-06,1.7083883
2025-07-07,0.98991394
2025-07-08,0.00085530337
2025-07-09,0.0025781337
2025-07-10,0.0004261674
2025-07-11,0.00043510227
2025-07-12,1.1405945
2025-07-13,0.480026
2025-07-14,0.4799664
2025-07-15,0.10244548
2025-07-16,0.00086129876
2025-07-17,0.0008523348
2025-07-18,3.6811829
2025-07-19,0.9652972
2025-07-20,2.1522045
2025-07-21,0.96297264
2025-07-22,0.1116097
2025-07-23,1.244545
2025-07-24,0.2862513
2025-07-25,0.308156
2025-07-26,0.59086084
2025-07-27,0.74344873
2025-07-28,0.0017136335
2025-07-29,0.03311038
2025-07-30,0.44211745
2025-07-31,0.18315017
2025-08-01,0.7517338
2025-08-02,0.0012933742
2025-08-03,0.0021457672
2025-08-04,0.0
2025-08-05,0.007729046
2025-08-06,0.0012933742
2025-08-07,0.0
2025-08-08,0.0
2025-08-09,0.001287437
2025-08-10,0.00085833017
2025-08-11,0.0038444996
2025-08-12,0.0012771925
2025-08-13,0.007927418
2025-08-14,0.002914574
2025-08-15,0.0025678892
2025-08-16,0.0014704419
2025-08-17,0.0039283186
2025-08-18,0.055462122
2025-08-19,0.6978512
2025-08-20,10.0336075
2025-08-21,1.5861988
2025-08-22,0.27298927
2025-08-23,0.00085833017
2025-08-24,0.0
2025-08-25,0.1925528
2025-08-26,0.36296248
2025-08-27,8.991241
2025-08-28,0.63055754
2025-08-29,11.106491
2025-08-30,0.94658136
2025-08-31,12.955666
2025-09-01,1.4088154
2025-09-02,0.72443485
2025-09-03,0.06777793
2025-09-04,3.8292408
2025-09-05,0.0030398369
2025-09-06,0.00085833017
2025-09-07,1.8299818
2025-09-08,4.8651695
2025-09-09,0.9305477
2025-09-10,2.9628277
2025-09-11,0.6195903
2025-09-12,0.18876791
2025-09-13,0.89401007
2025-09-14,2.8617382
2025-09-15,0.25817752
2025-09-16,0.28964877
2025-09-17,0.0008523348
2025-09-18,0.0
2025-09-19,0.0004261674
2025-09-20,9.6178055
2025-09-21,5.812168
2025-09-22,9.001732
2025-09-23,0.28201938
2025-09-24,0.27796626
2025-09-25,0.011349097
2025-09-26,0.041931868
2025-09-27,0.0
2025-09-28,0.019036233
2025-09-29,0.0017106067
2025-09-30,0.00043510227
2025-10-01,0.0
2025-10-02,0.004285481
2025-10-03,0.005203299
2025-10-04,2.9580593
2025-10-05,0.16584992
2025-10-06,0.0025718473
2025-10-07,0.0
2025-10-08,0.0012933742
2025-10-09,0.12063235
2025-10-10,0.004455447
2025-10-11,0.00043510227
2025-10-12,0.00086263753
2025-10-13,0.00043510227
2025-10-14,0.0012814999
2025-10-15,0.0
2025-10-16,0.021224841
2025-10-17,0.007832423
2025-10-18,0.00043510227
2025-10-19,10.576248
2025-10-20,4.5633316
2025-10-21,15.9339905
2025-10-22,9.95636
2025-10-23,9.16481
2025-10-24,2.6550293
2025-10-25,5.546093
2025-10-26,0.06560236
2025-10-27,0.6162524
2025-10-28,0.17341971
2025-10-29,3.3855438
2025-10-30,0.0117002055
2025-10-31,0.0
2025-11-01,3.4191608
2025-11-02,2.564907
2025-11-03,0.0024735928
2025-11-04,0.0008523348
2025-11-05,0.70381165
2025-11-06,11.967659
2025-11-07,4.351616
2025-11-08,1.8274784
2025-11-09,0.09231269
2025-11-10,1.1953115
2025-11-11,0.0017195707
2025-11-12,0.0008523348
2025-11-13,0.0
2025-11-14,1.4617443
2025-11-15,3.655672
2025-11-16,2.6574135
2025-11-17,0.08906424
2025-11-18,0.0017222483
2025-11-19,1.7520189
2025-11-20,3.3595562
2025-11-21,0.003981404
2025-11-22,3.938198
2025-11-23,8.895874
2025-11-24,19.104004
2025-11-25,0.37947297
2025-11-26,0.0
2025-11-27,0.003980007
2025-11-28,0.006908085
2025-11-29,3.9548874
2025-11-30,0.9569526
2025-12-01,0.0
2025-12-02,10.37693
2025-12-03,0.26240945
2025-12-04,10.345459
2025-12-05,2.265215
2025-12-06,1.2979507
2025-12-07,1.5586615
2025-12-08,0.0
2025-12-09,2.912283
2025-12-10,5.9070587
2025-12-11,0.071421266
2025-12-12,0.00043510227
2025-12-13,0.00085530337
2025-12-14,0.06489456
2025-12-15,1.095295
2025-12-16,0.17741323
2025-12-17,0.13762712
2025-12-18,0.04683435
2025-12-19,4.7216415
2025-12-20,1.6323328
2025-12-21,8.119583
2025-12-22,0.40093064
2025-12-23,0.8585453
2025-12-24,0.048309565
2025-12-25,1.5394688
2025-12-26,0.6610155
2025-12-27,0.0641495
2025-12-28,0.0012845267
2025-12-29,0.0008523348
2025-12-30,0.044591725
2025-12-31,0.0012894161
2026-01-01,0.11892617
2026-01-02,0.026423484
2026-01-03,0.003010733
2026-01-04,0.00035762787
2026-01-05,0.00020861626
2026-01-06,0.06102398
2026-01-07,2.0370483
2026-01-08,8.52108
2026-01-09,5.4745674
2026-01-10,2.0062923
2026-01-11,0.37017465
2026-01-12,0.0004231988
2026-01-13,0.0008692732
2026-01-14,2.4790764
2026-01-15,4.7955513
2026-01-16,12.458801
2026-01-17,9.93824
2026-01-18,4.7512054
2026-01-19,3.9548874
2026-01-20,0.39744377
2026-01-21,7.1992874
2026-01-22,1.8675327
2026-01-23,8.333206
2026-01-24,1.2905598
2026-01-25,3.750801
2026-01-26,0.43442845
2026-01-27,13.456345
2026-01-28,4.7330856
2026-01-29,3.5281181
2026-01-30,3.5300255
2026-01-31,5.0349236
2026-02-01,2.6481152
2026-02-02,6.0977936
2026-02-03,0.61148405
2026-02-04,6.4888
2026-02-05,10.17189
2026-02-06,2.5889874
2026-02-07,0.22785366
2026-02-08,0.53834915
2026-02-09,8.4962845
2026-02-10,22.247314
2026-02-11,8.151054
2026-02-12,16.914368
2026-02-13,7.8191757
2026-02-14,2.7520657
2026-02-15,10.381699
2026-02-16,8.529663
2026-02-17,1.0783672
2026-02-18,3.9567947
2026-02-19,5.9599876
2026-02-20,0.37890673
2026-02-21,0.011670403
2026-02-22,0.00085675856
2026-02-23,0.02031587
2026-02-24,0.0012788223
2026-02-25,0.0
2026-02-26,0.00043510227
2026-02-27,0.27889013
2026-02-28,1.3389587
2026-03-01,0.0064074993
2026-03-02,0.0
2026-03-03,0.0008523348
2026-03-04,0.0008523348
2026-03-05,3.793478
2026-03-06,0.9931326
2026-03-07,0.40838122
2026-03-08,0.79733133
2026-03-09,0.11814386
2026-03-10,0.40018559
2026-03-11,3.8859844
2026-03-12,0.04146993
2026-03-13,7.6117516
2026-03-14,5.1927567
2026-03-15,0.00085530337
2026-03-16,0.113636255
2026-03-17,0.002144836
2026-03-18,0.0
2026-03-19,0.0
2026-03-20,0.0012819655
2026-03-21,0.0
2026-03-22,0.039253384
2026-03-23,0.0008523348
2026-03-24,0.0012890669
2026-03-25,0.3156066
2026-03-26,0.108495355
2026-03-27,0.0008523348
2026-03-28,2.0139217
2026-03-29,0.012481585
2026-03-30,0.6097555
2026-03-31,0.023890287
2026-04-01,1.2112856
2026-04-02,0.3028214
2026-04-03,0.16058981
2026-04-04,0.0
2026-04-05,0.0021399464
2026-04-06,0.0017225975
2026-04-07,0.0017045531
2026-04-08,0.0021534506
2026-04-09,0.00085833017
2026-04-10,0.039175153
2026-04-11,4.0721893
2026-04-12,1.2444258
2026-04-13,0.6132722
2026-04-14,0.0008523348
2026-04-15,0.104382634
2026-04-16,0.001749373
2026-04-17,0.001758337
2026-04-18,0.0009834766
2026-04-19,0.0004208705
2026-04-20,0.0110967085
2026-04-21,0.00071525574
2026-04-22,2.3753643
2026-04-23,0.0
2026-04-24,0.0
2026-04-25,4.6105385
2026-04-26,0.31405687
2026-04-27,0.010535121
2026-04-28,6.359577
2026-04-29,1.934886
2026-04-30,8.938789
2026-05-01,0.72962046
2026-05-02,15.021324
2026-05-03,41.042328
2026-05-04,12.717247
2026-05-05,7.372856
2026-05-06,8.044243
2026-05-07,0.060092658
2026-05-08,0.6118417
2026-05-09,0.017037615
2026-05-10,1.0071993
2026-05-11,0.37670135
2026-05-12,0.26461482
2026-05-13,0.37959218
2026-05-14,12.044907
2026-05-15,2.0735264
2026-05-16,1.8620491
2026-05-17,6.495476
2026-05-18,0.29549003
2026-05-19,1.2356043
2026-05-20,0.16367435
2026-05-21,0.0008523348
2026-05-22,0.0008523348
2026-05-23,0.0
2026-05-24,0.0
2026-05-25,0.00085833017
2026-05-26,0.0017097918
2026-05-27,0.00043577165
2026-05-28,0.0
2026-05-29,0.00084994826
2026-05-30,0.0052154064
